[{"model": "core.role", "pk": "ROL241104361", "fields": {"name": "Administrator", "code": "administrator"}}, {"model": "core.role", "pk": "ROL241104512", "fields": {"name": "Staff", "code": "staff"}}, {"model": "core.role", "pk": "ROL241104776", "fields": {"name": "Facility Director", "code": "facility_director"}}, {"model": "core.healthfacility", "pk": "HF2410141001", "fields": {"name": "Sterioms Hospital - Main Health Facility", "address": "University of Electronics Science and Technology", "phone": "+8619048090841", "email": "gfreddoe@gmail.com", "barcode": "data:image/png;base64,iVBORw0KGgoAAAANSUhEUgAAAV4AAACYCAIAAAAjjxZQAAAJsUlEQVR4nO3cWUhUbRzH8eeMWopWlgsmtBitKCktF1EQFu1FN5GV0SpJJGQWQssU7XuGdZFFYGQFLSBtVNB6U0SEklZaQQuJpailoVY678WBeW38zzg2o3NOfj9Xj3P+5zwL8vOZM2fUbDabAoA/WXw9AABGRDQAEBANAAREAwAB0QBAQDQAEBANAAREAwAB0QBAQDQAEPh33KU1TbO37Y9j6y86PJ0tvujsUs4q7TX6URfXdKj8675adtT6R/Ei4tE2T1cuJ+ViwK7n0t4lcv2iiy5czMXrY3NnGG0OoDOvJtY4VIq/by6u5hXsGgAIiAYAAqIBgIBoACAgGgAIiAYAAqIBgIBoACAgGgAIiAYAAqIBgIBoACAgGgAIiAYAAqIBgIBoACAgGgAIiAYAAqIBgIBoACAgGgAIiAYAAqIBgIBoACAgGgAIiAYAAqIBgIBoACAgGgAIiAYAAqIBgIBoACAgGgAIiAYAAqIBgIBoACAgGgAIiAYAAqIBgIBoACAgGgAIiAYAAqIBgIBoACAgGgAIiAYAAqIBgIBoACAgGgAIiAYAAqIBgIBoACAgGgAIiAYAAqIBgIBoACAgGgAIiAYAAqIBgIBoACAgGgAIiAYAAqIBgIBoACAgGgAIiAYAAqIBgIBoACAgGgAIiAYAAqIBgECz2Wy+HgMAw2HXAEBANAAQEA0ABEQDAAHRAEBANAAQEA0ABEQDAIGZomHMmDGapmmatmvXLmc1KSkpes2CBQscDj148EBzT3h4eMsTm5qanj9/fvz48YULF44dO3bgwIEhISGBgYHR0dEzZsw4evRoTU1Ne+dSVVUVERFh77GystJZZXl5+e3bt/fv379o0aLY2Fh/f3/9lMWLF7vZV2Fh4Zo1a4YPH96jR4/evXuPHDly06ZN79+/d32W5/22ZPz5enKud9fKKGzmMXr0aH3MO3fudFazcuVKvSYpKcnh0P37991ck7CwsJYnnj171nV9aGjo+fPn2zWXlJSUlleoqKgQy+rr6511mpyc7E5Hu3fv9vf3b316SEhIXl6es7M879dc8/XkXK+vlUGYaddgWDU1NYsWLcrJyXGz/vHjx6dPn+7QIemysrI2b978+/fv1ofq6uqWLFly8+bNThiGKeZrkLUyji4aDfX19S7y0mG76+/vHx8fn5qampub++TJk3fv3n3//r2hoaG4uHjjxo0BAQF62dq1a9+8edNm101NTatXr7bZbFOnTm2zWNO0qKioadOmZWZmnjt3rqioyL4tatO7d+8yMzP19qBBg/Lz8799+1ZZWXnmzJmwsDClVHNz87Jly+rq6rzbrwNTzNcga2UsnbQ78QYvvqFwHQ3tcuPGDftl161b12b9kSNHlFIRERGPHz+2n+hsg91aamqqfkqbm9Vly5bpleHh4WVlZS0PFRQUdOvWTT+6b98+7/brwBTzNchaGUoX3TV40cyZM6dNm6a3Hz165Lq4rKxs27ZtSqndu3eHhoZ23KgaGxsvX76st61Wa9++fVsejY+PX7Vqld5u806KJ0wxX4OsldEQDV4wfvx4veHixrsuPT29trZ21KhRHb3nfPjwob77tVgs4n3y5cuX643i4mI3797/BVPM1yBrZTREgxdomqY3IiMjXZTduXPn0qVLSqns7GyLpWNX/tmzZ3ojLi6uT58+rQsSEhJ69uzpUOxdZpmvEdbKgIgGLygsLNQb48aNc1bT2Ni4Zs0apVRycrJ9l9FxSkpK9EZcXJxYYLFYYmNjHYq9yETz9flaGRPR4KmvX79ev35dKaVpmn3n2drevXvfvn0bEhJy4MCBThjVx48f9Ub//v2d1fTr109vfPjwwesDMNF8fb5WxmTKaLBarc4eZHTz8/OgoCBnV4iKimrXYNLT0xsaGpRSS5cuTUhIEGvevn27f/9+pdTmzZujo6Pbdf2/Y/+YzcXNP/sh8TM5T5hrvr5dK8MyZTQYx8mTJy9cuKCUiomJOXz4sLOytLS0hoaGwYMHZ2RkdM7Afvz4oTcCAwOVUjabLSMjo1evXn379s3OztYPBQUF6Q2v/7qba76+XSvDIhr+3r1799LS0pRSwcHB+fn54h0spdTFixdv376tlMrKyrJ/Qt7RbH/+N+DS0tKsrKzv37+Xl5dnZGT8+vWrZY39NqpXmG6+PlwrIzNlNLjzyJNrLh55Ki8vd+cKT58+nTt37q9fvwICAq5cuTJy5EixrLa2Vv/LOWPGjNmzZ7s/Rw+FhIToDf3NzpAhQ1JTU3v06BEZGXngwAH9CU79kFIqODjYW/2acb6+WiuDE75MgjYVFhZOnz69rq7OYrHk5eXZH3lqbevWrZ8/fw4ICDh69GgnDvD/X3f9W6EWi+XEiRMnTpxoWWP/wqi92HNmnK+v1srgTLlr8K3i4uIpU6ZUV1drmnbq1Kn58+c7qywqKjp27JhSKj09fejQoZ04xv9vtn/69MlZjf3QgAEDvNKpSefrk7UyPqKhfV6/fj158uSKigqlVHZ29ooVK1wUFxQUNDU1KaUOHjzY+qOQESNG2Cvt/8vg1q1bXhnnsGHD9EZRUZFY0Nzc/PLlS4diD5l0vj5ZK+MjGtqhpKQkMTHxy5cvSqlDhw7p9yCNacyYMXqjqKiourq6dUFhYeG3b9/0tv17a+blyXy72lq5iWhwV2lp6aRJk/SblHv27Fm/fr2vR+TKxIkT9RtmTU1NeXl5rQtyc3P1RmxsbExMTGeOrSN4Mt+utlZuIhrcUlpampiYWFZWppTavn37xo0b3Tlr8eLFLr70+urVK3ul/UvK06dP98qAu3fvPm/ePL29c+dOh49dXrx4Yb/Nlpyc7JUelWnn65O1Mj6ioW0tc8FqtW7dutXXI3LLli1b/Pz8lFIVFRUTJky4du1abW1tVVXV2bNnJ02a9PPnT6VUWFiYkd8WtYsn8+1qa+UWFzFvNL76Vy7teu9QXV3t5mXFv6KtJSUludPv0qVLW5978OBBF6dYLJarV692RL9mnK+h1soI2DX8yzZs2LBjxw7976GD4ODg3NzcOXPmdP6oOo4n8+1qa9UmHnn6x1mt1jlz5uTk5Ny9e7esrMzPz69///6zZs1KTU39J++oeTLfrrZWrmm2Px8gBwDFbUgAIqIBgIBoACAgGgAIiAYAAqIBgIBoACAgGgAIiAYAAqIBgIBoACAgGgAIiAYAAqIBgIBoACAgGgAIiAYAAqIBgIBoACAgGgAIiAYAAqIBgIBoACAgGgAIiAYAAqIBgIBoACAgGgAIiAYAAqIBgIBoACAgGgAIiAYAAqIBgIBoACD4D0zmW8isfHn5AAAAAElFTkSuQmCC", "date_added": "2024-10-14T13:37:25.242Z"}}, {"model": "core.healthfacility", "pk": "HF2411042939", "fields": {"name": "Sterioms Hospital - Main Health Facility Dup", "address": "University of Electronics Science and Technology", "phone": "+233249254586", "email": "dev.freddoe@gmail.com", "barcode": "data:image/png;base64,iVBORw0KGgoAAAANSUhEUgAAAV4AAACYCAIAAAAjjxZQAAANuUlEQVR4nO3cfVBU1f8H8HMXliBYQBFaNHwoExxQGB+mTBsfGgPzof8yghlEGRlHR4kaGC1oNAWRCqL+wCyhxGoKZxzLKXQia0ycLGELsEVM1GF5dGl3ZQQU9vvHmblDu5+9u8vefeD3e7/+OnLPueeew/re+3AugtlsZgAA/6Xw9gEAgC9CNAAAAdEAAAREAwAQEA0AQEA0AAAB0QAABEQDABAQDQBAQDQAAMHffbsWBEEsi8ux+Q8tVmeTP7S1K1s1xTp8q8Q+LWpOuK/xHVn/k9wJudVucyY5KIkDnsC8yfLDCRwbuRPp4yd/C+NrOnJsE/iEyHJs0nuzqOns3mSBswYAICAaAICAaAAAAqIBAAiIBgAgIBoAgIBoAAACogEACIgGACAgGgCAgGgAAAKiAQAIiAYAICAaAICAaAAAAqIBAAiIBgAgIBoAgIBoAAACogEACIgGACAgGgCAgGgAAAKiAQAIiAYAICAaAICAaAAAAqIBAAiIBgAgIBoAgIBoAAACogEACIgGACAgGgCAgGgAAAKiAQAIiAYAICAaAICAaAAAAqIBAAiIBgAgIBoAgIBoAAACogEACIgGACAgGgCAgGgAAAKiAQAIiAYAICAaAICAaAAAAqIBAAiIBgAgIBoAgIBoAAACogEACIgGACAgGgCAgGgAAAKiAQAIiAYAICAaAICAaAAAAqIBAAiIBgAgIBoAgIBoAAACogEACIgGACAgGgCAgGgAAIJgNpu9fQwA4HNw1gAABEQDABAQDQBAQDQAAAHRAAAERAMAEBANAEBANAAAYTJFw5IlSwRBEATh4MGDtupkZWXxOq+88orFpgsXLgiOmTZt2viGo6OjV69e/eijj1JTU5cuXTp79uyQkJDAwMDp06evW7euvLz833//dXYser0+MjJS7LG/v99Wze7u7rq6upKSkldffTU+Pt7f3583SU9Pt9uLK205jUazc+fOuLg4lUo1ZcqUhQsX7tu3r6Ojw8HmIkfGK8s83759e+/evU8//XRkZGRAQIBarX7mmWcOHjyo0+kkWt28efPzzz/fvXv3ypUrY2JigoKCHnnkkejo6LVr15aWlkr8dlzs16eZJ4/FixfzY37nnXds1dm2bRuvs3nzZotNP/30k4NzEhERMb7hiRMnpOuHh4d/8cUXTo0lKytr/B76+vrIavfv37fVaVpamnQXrrTlDh065O/vb908JCSkpqZG9vG6Ps9lZWVKpZJsGxoaauuYBwYGpPtVqVTHjx+XvV8fh2ggOBsNXGVlpYMDuXTpkiAI49v6YDS8//77EoNVKBRnz56Vd7wuznN5ebl0Q4VCcerUKeuGdqOBKy8vl7dfHzeZLihkdP/+fYlJsTiB9Pf3T0xMzM7Orq6uvnz58o0bN4xG49DQUEtLy969e8Wviz179ly/ft1u16Ojozt27DCbzS+88ILdyoIgqNXq5OTkvLy8kydPNjc3i9nn1rY3btzIy8vj5SeeeOL06dMGg6G/v/+zzz6LiIhgjI2NjW3ZsuXevXt2d+X4eF2Z587OTvGA1Wr1sWPH7ty5MzIy0tPTc/Lkyblz5/Jj3r59u8lksmgrCMLs2bPT09MrKysbGhra29uNRqPJZGpubi4uLhavLvPy8tra2mTs19d5KILkIONZg3Q0OOXs2bPibl977TW79fm3cWRkZENDg9jQ1lmDtezsbN7EwYuCibXdsmULrzlt2jSdTjd+U1NTU0BAAN96+PBhu526OF6R9Dy//fbbfJNKpWpvb7fYqtfr582bxysUFxc71W9HR0d4eDhvm5+f77F+ve7/6VmDjF588cXk5GRe/uWXX6Qr63Q6/mE6dOiQ+IHzNcPDw7W1tbxcUFAQHR09fmtiYuL27dt52e4lgIzjlZ5nMfczMzOffPJJi61TpkwpKiri5W+++capfmfNmiUG5ZUrVzzWr9chGmSwfPlyXrB7KzsnJ8dkMi1atMjxc3vP+/nnn/mVgkKhIJ9lZGZm8kJLS4v00wp5xysxzzdv3uSF5557jmwrXs40Njb29PQ41e+cOXN4wfquhFv79S5EgwzEe2xRUVES1c6dO8e/OioqKhQK353533//nRcSEhKmTp1qXSEpKSk0NNSisjXZxysxz+KVvK1zE5VKxa+DzGZzc3OzU/3+888/vDB9+nRP9utdvvsBnUQ0Gg0vLFu2zFad4eHhnTt3MsbS0tLEbz/fpNVqeSEhIYGsoFAo4uPjLSpbcMd4JeZZpVLxgq21DyaTaWRkhJet7yZK0Gq1VVVVvLxp0yaP9et1iAZX9fb2fvfdd4wxQRDEM21rxcXF7e3tISEhR44c8eDRTcTt27d5YebMmbbqxMTE8MKtW7fICrKPV3qexXP+S5cukc3Pnz8vlh1ZhqTX6xsbG/kqJqPRyBhbsWKFB/r1HZMyGgoKCmwtZPz0008d2UNQUJCtPajVaqcOJicnZ2hoiDGWkZGRlJRE1mlvby8pKWGMvfnmm9Ynpb5GfCQpceNQ3EQ+v3THeKXnedWqVbxw/Phx67QyGAz79u0T/zk4OGirl/T0dP4xiIiIWLRo0eHDhw0Gg5+f37Zt286fP2+9rkmufn3QpIwG3/Hxxx9/+eWXjLE5c+a89957tqrt2rVraGho7ty5ubm5Hjy6CRI/wYGBgYwxs9mcm5sbFhYWHR1dUVHBNwUFBfECGQ2yj9fuPGdlZfH/twaDYfny5VVVVTqd7uHDh319fV999dXSpUu1Wq0YUo4sxxBFRUWdOXPmk08+4bPhsX69DtEwcfX19bt27WKMBQcHnz59mrxjxxj7+uuv6+rqGGNlZWXiigBfZv7vXxJua2srKyszGo3d3d25ubkPHjwYX8dimSNzw3gdmeeYmJgDBw7wcmdn59atW2fMmKFUKqOiolJTU69fvx4dHS0u63Dqnmhvb+/69etTUlLE6yzP9Ot1k+lYRY4seZImseSpu7vbkT389ttvL7300oMHD5RK5alTpxYuXEhWM5lM/Jtz3bp1GzZscHyMXhQSEsIL/AT+qaeeys7OVqlUUVFRR44c4V+SfBNjLDg4eHxb2cfr4DwzxvLz8/fv30/+91Or1XV1dWKcifcOrYnvOwwODra2tpaXlz/++OOMsbq6umXLlpE3VmTp1wdNymjwOo1Gk5KScu/ePYVCUVNTIy7FsVZYWNjZ2alUKu2utPcdYjTwu+4KhaKystJoNPb09IgXCOINebEyJ+94HZ9nxpggCIWFha2trbt3716wYEFYWFhgYGBcXFx+fr5Go1mwYIH4DDIsLMxu148++uj8+fP37NnT0tLCH4jodLodO3a4u1/fQbxXB9JaWlrWrl07MDAgCMKxY8defvllWzWbm5s//PBDxlhOTo64YNb3iQ8m7ty5Y6uOuGnWrFniD+Udr+PzPF5sbOwHH3xga4e84NSxhYaGVlVVxcXFMca+//77W7dujR+y+/r1Opw1OOfvv/9+/vnn+/r6GGMVFRVbt26VqNzU1DQ6OsoYKy0ttX4UMn/+fLGm+LcMfvjhB3cPwa7Y2FhesLVEZ2xsrLW11aIyk3W8Ts2zI3p7exsbG3lZ4qqEFBsbO2PGDF7+448/PNavdyEanKDValevXs2Xu7777rv83tj/PUuWLOGF5uZm8oVljUZjMBh4WXznTUbumOeampqxsTHGmFqtnsC3N2/LnH8A6WK/XoRocFRbW9uaNWv4TcqioqLXX3/d20fkLitXruQ3F0dHR2tqaqwrVFdX80J8fLy45kcu7phnvV7P11kwxlJTU519UnDt2rWuri5efuyxxzzWr5fJ+Banu3nxpezxT6f3798/kaO3cu3aNfF4fO2l7IyMDF4zMjKyq6tr/KY///xTfCRZVFTkeO+OjNcd82wwGMSFSUqlUqvVOtXcaDSKC70DAgIMBoNn+vW6SRVjXtLW1rZ69Wq+yrWgoKCwsNDbR+R2b731lp+fH2Osr69vxYoV3377rclk0uv1J06cWLNmDX8pICIiQt5LKhfn+erVq6tWrTp69GhTU1Nvb+/w8HBHR0dlZWVSUtKFCxd4ndzcXOuz+pSUlE2bNpWUlNTX17e2tvb29j58+HBwcPCvv/4qKytLSEj49ddfec3MzEzxvTLX+/V13s4mJ3jrrMGpc9qBgQEHd+vgWcPmzZsd6TcjI0PetqWlpRJNFArFmTNnHBypg+N1cZ6t/5iChQ0bNoyMjFj36+DtksTERPKXO+F+fRzOGoD2xhtvHDhwgJ87WAgODq6urt64caPnj2pi/Pz8cnJyamtrbf1xV7tSU1Pr6+ud/Ws0rvfrRVjXADYVFBRs3Ljx6NGjP/74o06n8/Pzmzlz5vr167Ozs2W/++i6xYsXX7x4sba29uLFi52dnf39/VOnTo2JiUlOTk5LSxv/6NTCuXPnLl++3NDQcOXKla6urrt37969e9dsNoeHh8+bN+/ZZ59NT0+39X66K/36OMH83wXzAAAMDy8BgIRoAAACogEACIgGACAgGgCAgGgAAAKiAQAIiAYAICAaAICAaAAAAqIBAAiIBgAgIBoAgIBoAAACogEACIgGACAgGgCAgGgAAAKiAQAIiAYAICAaAICAaAAAAqIBAAiIBgAgIBoAgIBoAAACogEACIgGACAgGgCAgGgAAAKiAQAIiAYAICAaAICAaAAAAqIBAAj/A5Xv+D/P4yIPAAAAAElFTkSuQmCC", "date_added": "2024-11-04T14:55:56.415Z"}}, {"model": "core.department", "pk": "HD2410152001", "fields": {"name": "Department of surgery", "health_facility": "HF2410141001", "barcode": null, "date_added": "2024-10-14T16:41:20.421Z"}}, {"model": "core.department", "pk": "HD2410152002", "fields": {"name": "Department of neurology", "health_facility": "HF2410141001", "barcode": "data:image/png;base64,iVBORw0KGgoAAAANSUhEUgAAAV4AAACYCAIAAAAjjxZQAAAMn0lEQVR4nO3cf0xV9R/H8c+9Qsq4JsSPlKZFWVYwcYVrrT8aNVMzMrKy1MSKyUqXREUrxNYPTSXDYVtSc0OjH8usOzITW7R+OFtzTgoq/LGVAQGS/LrlJYL7/eO4E1/v+x7OvecevMzn46+PnM/nnM/n7dmLc885F4fP51MA8P+c53oCACIR0QBAQDQAEBANAAREAwAB0QBAQDQAEBANAAREAwAB0QBAEGXfrh0Oh97WX8fWfnjW29niDwPtKlBPvY+21WCfYk8zOw9hb2ftU9w67HBluCiD+RsvzfyixB8ar9SOuRkc0czezE8j5OWbP8RZzJw25k/XsOCqAYCAaAAgIBoACIgGAAKiAYCAaAAgIBoACIgGAAKiAYCAaAAgIBoACIgGAAKiAYCAaAAgIBoACIgGAAKiAYCAaAAgIBoACIgGAAKiAYCAaAAgIBoACIgGAAKiAYCAaAAgIBoACIgGAAKiAYCAaAAgIBoACIgGAAKiAYCAaAAgIBoACIgGAAKiAYCAaAAgIBoACIgGAAKiAYCAaAAgIBoACIgGAAKiAYCAaAAgIBoACIgGAAKiAYCAaAAgIBoACIgGAAKiAYCAaAAgIBoACIgGAAKiAYCAaAAgIBoACIgGAAKiAYCAaAAgIBoACIgGAAKiAYCAaAAgIBoACIgGAAKiAYCAaAAgIBoACBw+n+9czwFAxOGqAYCAaAAgIBoACIgGAAKiAYCAaAAgIBoACIgGAILRFA2ZmZkOh8PhcLz88suB+uTl5Wl97r//fnGsZty4cSkpKRkZGXl5eVVVVX/99ZfBcQcGBg4dOvT6668/8MADM2fOvOyyy1wul7aHuXPnbt68uaurK9i1nDp1KikpSZ9PR0dHoJ6tra01NTUbNmxYtGhRWlpaVFSUNmTJkiUmj1VXV7dixYqrr756/Pjx8fHx06dPf+6553799VfjUSEf95577nEMZ/Xq1f4Dw1Xn0NYb2lg7zo1I4Rs9rr/+em3OL730UqA+jzzyiNZn4cKF4lhRYmJiaWnpwMCAuM+3337buIZxcXHvvvtuUGvJy8sbuoeTJ0+K3U6fPh3ooIsXLzZzoLVr10ZFRfkPd7lcVVVVgUZZOe6CBQuMy6WUKi4u9h8YljqHtt6Qx9pxbkSI0XTVYJ+Ojo6nn356wYIFf//9dwjDu7q6Fi1aVFFRYbL/gQMHtm3bFsKBglVWVlZcXPzvv//6b/J4PEuXLt2zZ88ITCNchq2zlfXaVKtgz43Icd5Fg3bFcfr06ZaWltra2tWrVyclJWmb3G73448/7j8kKioqIyMjPz+/srLyu+++O378eE9Pj9frbWhoePbZZ6Ojo7Vuq1atOnr06LATGBgYePTRR30+32233TZsZ4fDMXHixNmzZxcVFb3zzjv19fX6ZdGwjh8/XlRUpLUvv/xyt9vd3d3d0dGxffv2hIQEpdTg4OCyZcs8Hk94j6v75JNPAv1GEj8SWqyzlfWGPDa850ZkGbkLFMvC8oHCf2xvb++8efP0gtTU1AQ1q08//VQf+8QTTwzb/7XXXlNKJSUlHThwQB8Y6AOFv/z8fG3IsBf2y5Yt03omJia2tLQM3XT48OELLrhA27p+/frwHlf/QGEQDSEYts5W1hveWpmfcyQ7764a/Llcrp07d6ampmr/LCsrC2r47bffPnv2bK399ddfG3duaWl5/vnnlVJr166Ni4sLeq6m9fX1ffjhh1q7pKRk0qRJQ7dmZGQsX75caw/7aTlCGNfZynrtq1VQ50akIRqUUiomJuaZZ57R2vv27Wtqagpq+E033aQ1DB40aAoKCnp7e6+77roQrs+D8tVXX2lXv06nU3ym8NBDD2mNhoYGk3fvzzmDOltZr621Mn9uRBqi4YycnBytMTg4uH///qDGOhwOrZGcnGzQbd++fTt37lRKlZeXO532Vv7gwYNaIz09/aKLLvLvMGPGjAsvvPCszhHOoM5W1mtrrUyeGxGIaDgjOTn5kksu0dqHDh0KamxdXZ3WuPHGGwP16evrW7FihVJq8eLF+m8S+zQ2NmqN9PR0sYPT6UxLSzurc3ht27Zt5syZcXFxMTExkydPzs7OfuONNwweiw7LoM5W1mtrrcycG5GJaPjPtGnTtEZQN5Pb29t3796tlHI4HPqVp79XXnnl2LFjLpdr48aNFudpxokTJ7TGlClTAvWZPHmy1vjtt9/smIPb7T548GB3d7fX621qatq9e/djjz2Wmpr6+eefh7A34zpbWa99tTJ5bkSmURkNJSUlgV6zs/K+gH5fsLu72/yogoICr9erlMrNzZ0xY4bY59ixYxs2bFBKFRcXp6SkhDxD8/THbAY3O/VN4vM8m7S1tc2ZM8ftdgc70LjOVtZrX63MnBsRa1RGg01iY2O1Rk9Pj8khb7755nvvvaeUSk1N3bRpU6BuK1eu9Hq9U6dOLSwstD5PM/RXv8eNG6eU8vl8hYWFEyZMmDRpUnl5ubYpJiZGa4Q3GhISEpYuXbpr164ff/yxo6Pjn3/+aW5u/vjjj/V79YODgw8++GBLS4v5fQ5bZyvrtalWJs+NiEU0/Ee/Y+Qz96d0a2trV65cqZSKjY11u93iHSyl1AcffFBTU6OUKisr05+Q2+2sJRw5cqSsrKynp6e1tbWwsLC/v39oH33hYVFRUbF9+/a77747PT09ISEhOjo6JSXlrrvu2rt37+bNm7U+Ho+ntLTU5A7N1NnKeu2olclzI5KNymgw88pTCPTfHvrtaAPff//9/Pnz+/v7o6Ojd+3aNX36dLFbb2+vdqUwd+7cO+64I+S5BcvlcmkN7YL2yiuvzM/PHz9+fHJy8saNG7W39LRNasjlkt1WrVqlf+3to48+MjPEZJ2trDfstTI55wgnfJnkvNXZ2ak1JkyYYNyzrq5uzpw5Ho/H6XRWVVXpl8r+1qxZ09zcHB0drf/CHBn66a5988/pdG7dunXr1q1D++hfCtQ7j4Dly5e///77SqkTJ060tbVdfPHFBp3N19nKesNbK/NzjnCj8qrBJvpzqalTpxp0a2homDVrVmdnp8PheOutt+67775APevr67ds2aKUKigouOqqq8I7W2P6zfbff/89UB9906WXXjoSc1JKKXXttdfq7fb2doOe5uusrK03jLUKas4Rjmg4o729vbm5WWsbfIP7l19+ufXWW0+ePKmUKi8vf/jhhw32efjw4YGBAaVUaWmp/8OUa665Ru+p/+2GvXv3hmU5+oPY+vp6scPg4OBPP/10VucRZvC5Pag6K2vrDVetgp1zhCMaztAfpzkcjkCvJDU2NmZlZbW1tSmlXn31Ve0+U2TKzMzUGvX19foHpaHq6ur0Z7TGf8wivIa+MhToBcEQ6mxlvWGp1Sg6N0wiGpRSyuv16m8izZo1S3+/ZagjR47ccsstra2tSql169Y9+eSTIzrFIN18883aDbOBgYGqqir/DpWVlVojLS1N/2rZCNCPm5qaKkZDaHW2sl7rtRpd54ZZ9n+5M2xs+lK2x+O588479YLs2bPHf7eNjY36q0ovvPBCWJbz888/6we140vZubm5Ws+kpKQ//vhj6KYffvhBf4y6bt268B7XwI4dO/QPEUVFRf4drNTZynqtjLXj3IgE52k0eL3e1tbWL7/8cs2aNUN/d+Xm5vrvc+j/fUlJSbiWY3c0HD16dMyYMVrnK664orq6uqen588//9yxY0diYqL284SEhJ6enjAed8mSJdnZ2Zs2bfrmm28aGxtPnTrV39/f3t7+2Wef3Xvvvfp64+Pj/Zdssc5W1hvyWJvOjUhw3kWDgezsbI/H47/PoK4POzs7TS7HZDQsXLjQzHHFUDN+rcjpdFZXV4f3uEP/KE4gY8eOra2ttaPOVtYb2libzo1IwL0GpZRKSEhYv3692+0esZd/RsZTTz314osv6r8Ph4qNja2srMzOzh7hKU2bNm3//v1ZWVl27NzKeiOwVufWefrK09ixY+Pj45OSkjIzM7OysnJyckbytZ+RVFJSkp2dXVFR8cUXX7S0tIwZM2bKlCnz5s3Lz8+34+5jZWVldXX1t99+W19f39TU1NXV1dfX53K5Jk6ceMMNN8yfPz8nJ8fWv1VhZb0jXKsI5/CZ+74AgPMKHygACIgGAAKiAYCAaAAgIBoACIgGAAKiAYCAaAAgIBoACIgGAAKiAYCAaAAgIBoACIgGAAKiAYCAaAAgIBoACIgGAAKiAYCAaAAgIBoACIgGAAKiAYCAaAAgIBoACIgGAAKiAYCAaAAgIBoACIgGAAKiAYCAaAAgIBoACIgGAAKiAYDgfx0CGYFryAS9AAAAAElFTkSuQmCC", "date_added": "2024-10-14T17:06:42.364Z"}}, {"model": "core.department", "pk": "HD2410152004", "fields": {"name": "Department of cardiology", "health_facility": "HF2410141001", "barcode": null, "date_added": "2024-10-15T11:35:18.610Z"}}, {"model": "core.department", "pk": "HD2410256261", "fields": {"name": "Department of Endoscopes", "health_facility": "HF2410141001", "barcode": "barcodes/department/HD2410256261.png", "date_added": "2024-10-25T06:46:15.173Z"}}, {"model": "core.department", "pk": "HD2410262032", "fields": {"name": "Department of Electrocautery", "health_facility": "HF2410141001", "barcode": "data:image/png;base64,iVBORw0KGgoAAAANSUhEUgAAAV4AAACYCAIAAAAjjxZQAAAOhklEQVR4nO3cbVCUVf8H8LPLw0qAgrBbWppPaQ4kpFRj6ZgkgUNU9CJCabBkYkqnCJscK5TKFEQUyRdkTZFiTjXMMExaYOA4Y0JPJg6rLlLZwy5PArILuUTs3i9Oc9w/+9trr12u/d/L7ffz6gx7znXOb9n97rXXw6rsdjsDAPi/1P/tBQCAP0I0AAAB0QAABEQDABAQDQBAQDQAAAHRAAAERAMAEBANAEBANAAAIdB3m1apVKItLsfmfxxzdTb5R1ebctVT9OGPSmyT7Cln415sbcw2yUfdDmeSRUmsX7o0+UVJLN7VYtwuw4u1SSzAo1eI24FytkYuVX750msb05OcQs7axgN7DQBAQDQAAAHRAAAERAMAEBANAEBANAAAAdEAAAREAwAQEA0AQEA0AAAB0QAABEQDABAQDQBAQDQAAAHRAAAERAMAEBANAEBANAAAAdEAAAREAwAQEA0AQEA0AAAB0QAABEQDABAQDQBAQDQAAAHRAAAERAMAEBANAEBANAAAAdEAAAREAwAQEA0AQEA0AAAB0QAABEQDABAQDQBAQDQAAAHRAAAERAMAEBANAEBANAAAAdEAAAREAwAQEA0AQEA0AAAB0QAABEQDABAQDQBAQDQAAAHRAAAERAMAEBANAEBANAAAAdEAAAREAwAQEA0AQEA0AAAB0QAABEQDABAQDQBAQDQAAAHRAAAERAMAEBANAEBANAAAAdEAAAREAwAQEA0AQEA0AAAB0QAABJXdbv9vrwEA/A72GgCAgGgAAAKiAQAIiAYAICAaAICAaAAAAqIBAAiIBgAgTKRoSEhIUKlUKpVq+/btrvrk5OTwPk899RQ5lps0adL06dPj4uJycnKqqqqGhoYk5h0dHT1z5sz+/fszMzPvueeeWbNmhYWF8S2sXr26rKzs6tWrntbS19en1WrFeq5cueKqZ2dnZ11dXXFx8Zo1a2JiYgIDA/mQrKwsmXO1tLRs2LDhzjvvDA8Pj4yMXLRo0WuvvXb58mVX/RWs98SJEy+88EJsbGxUVFRQUJBOp3vwwQeLi4svXbrku3k9rZcx9uuvvx48ePDFF19csWLFjBkzQkJCNBrNtGnTkpKSSkpKJP47vnht+Av7xLFkyRK+5rfffttVn/Xr1/M+GRkZ5FhSdHR0SUnJ6Ogouc1Dhw5JP4cRERGffPKJR7Xk5OQ4bqGnp4fsdu3aNVeTrl27Vs5E77zzTmBgoPPwsLCwqqoq39VrNBpTU1NdbUGj0fhoXi/q7e/vl543PDz8ww8/9N1z5Z8QDdc9/vjjQ0NDztt0++/nKioqZBZy+vRplUrlONZH0bBnzx6JBavV6qNHj/qiXpPJNG/ePImx3kWD23m9q9dtNHBlZWW+WLPfuuGigY+9du2ayWRqbGx84403tFqt+BeuX7/eeZtHjhyJi4vLzc2trKxsbm7++eefzWaz1WrV6/VbtmwJCgriYzUaTVtbm9sq/vnnn7i4OMbYww8/LOZ1FQ1Wq/WWW25JTk5+9dVXDx8+3NraKgp0Gw3t7e3i83POnDk1NTUDAwNXrlz5+OOPo6Ki+N+1Wq3FYlG2XpvNtmzZMlHa8uXLq6urTSbT33//3dfX19zcvG3btvj4eMWfZ6/rvXr16qxZs7KysioqKpqamtrb281ms8ViaW1t3blzZ3R0NB8bHBxsMBiUXbM/u0GjwZHFYnHc9a2rq/NoVUePHhVjX375Zbf9+SebVqttampyGw3OcnNzZUbDunXreM/o6GiTyeT40NmzZ4ODg/mjRUVFMqfm3Nbr+EG6adMmV1/TPOV2Xh/Ve/ny5YiICD528+bNyq7ZnyEa7Ha7/a+//po9ezbvkJKS4unCkpOT+dglS5ZI9zQajeHh4YyxAwcOXLhwwXfRYLVaw8LCeM99+/Y5d9i4cSN/NCYmRubUgnS9CQkJ/NGkpCSbzebpxr2b16f15uXl8bGJiYkKrtnPTaQzFL4TEhKyefNm3q6vr//zzz89Gv7AAw/whsShbC4vL89isSxevFhEmI+cPHlycHCQMaZWq8lzGc888wxv6PV66aP3ziTqbWtr++GHH3i7uLh4zCGVcZKY16f1io8NmUclHMl/bfgbRMO/0tPTecNms33zzTcejRVvAJ1OJ9Gtvr7+888/Z4yVl5er1b595sX7MzY2durUqc4d4uPjJ0+ePKazTBL1njx5kjfuuuuuu+++26PNjmden9b7yy+/8Mb06dM9Gshkvzb8EKLhXzqd7tZbb+XtM2fOeDS2paWFN5YuXeqqz/Dw8IYNGxhja9euFZ8kvmMwGHgjNjaW7KBWq2NiYsZ0lkmiXvGQ2JFWkMS8vqvXYDB89NFHvP3oo4/KH8jJeW34J0TDdQsWLOAN8oIcV7q7u7/44gvGmEqlEnutznbu3Nne3h4WFrZr165xrlOO33//nTdmzpzpqs+MGTN447fffpO/Zel6xVPH34d6vT47O3vOnDkajUan0y1fvnz79u29vb3yp5M5r+L19vX1/fTTT1u2bLnvvvvMZjNjbNmyZRL/Xy/W7OeIi0P8X0FBQUFBgeKbFQeiBwYG5I/Ky8uzWq2Msezs7Pj4eLJPe3t7cXExY+z111/3YqfUC/yLN3Moypl4SHSWQ7pe8dTNnTv3008/ffrpp0dGRvhfenp6enp6Tp06tXv37kOHDqWlpcmf1O28StWblZV1+PDhMX8MCAhYt27d/v37xclIRdbs57DXcF1oaChv8E8JOQ4cOHDkyBHG2OzZs0tLS11127hxo9VqnTdvXn5+/vjXKYe49HvSpEmMMbvdnp+fP2XKlGnTppWXl/OHQkJCeEN+NLit12Kx8IbBYFizZo3IBUcDAwPp6eniqIQi8/qoXsaYTqerra394IMP+JYVXLOfQzRcJ44Y2eX9lG5jYyM/JRYaGlpTU0Me/WKMffbZZ3V1dYyxvXv3irPrvjamhLa2tr1795rN5s7Ozvz8fP6OFX1knkeQU6/NZuONwsJCm82WmJh4/PjxgYGB4eHhixcvbtu2jT8Do6Ojzz33nOg8/nl9US/X3d2dmpqakpIivrMotWY/NyGjQc51DV4QnzziULaE77777rHHHhsZGQkKCqqurl60aBHZzWKx8D2F1atXP/LII16vzVPiJD/fob3jjjtyc3PDw8N1Ot2uXbv4jjF/iDnsLkmQWa/YlNFozMjIOH78+KpVqyZPnhwcHLxgwYLCwkL+QcoYa2tr+/rrr5WaV6l6xX0WQ0ND58+fLysru+222xhjdXV1S5culXlQRuaa/dyEjAYfEWetp0yZIt2zpaUlJSVlcHBQrVZXVVVJHI3funWr0WgMCgoqKytTcKluibcKv/NPrVZXVFSYzeauri7xpUbcFCg6uyK/XvGuCwwM3Ldvn/M52ieeeGLx4sW87fY7hfx5la2XMXbTTTctXLjwpZde0uv1/OSCyWR6/vnn3Q6Uv2Y/h2i4TpzTkr41SK/XJyUl9ff3q1Sq999//8knn3TVs7W19d1332WM5eXlzZ8/X9nVShMH6v/44w9XfcRDt99+u8Sm5NfLHM78x8XF3XzzzWQfcYeF9KVHHs2rYL1jTJ48WZy8/PLLL6V3HDxas59DNPyru7vbaDTytsRtmhcvXnzooYd6enoYY+Xl5c8++6zENs+ePTs6OsoYKykpUTlZuHCh6Cl+u+Grr75SpBxxIra1tZXsYLPZzp8/P6azM4/qZYyJBBR3JTmLjIzkDYnDvZ7Oq1S9rjYurnn58ccflVqzn0M0/KumpoY3VCqVq0uSDAbDypUru7q6GGO7d+8Wl+X7IXEjQ2trK3l5b0tLizjR6CoKvahXfK+WuC7Y7Rc3L+ZVpF4J4oipq1/9mUCvDZkQDYwxZrVaxZVISUlJ4toYR21tbYmJiZ2dnYyxHTt2bNq06f91iR5asWIF/9o/OjpaVVXl3KGyspI3YmJixD0Cjryrd9WqVfzO6JaWFv4+cXbq1CneUHDe8dcr4cKFCx0dHbxNfkuaWK8NuXx+A5dyfHTn5eDgoOMFsMeOHXPerMFgEN+i33zzTUXK8emdl3a7PTs7m/fUarUdHR2OD507d06cRt2xY4fz2PHUm5KSwgdmZmY633lZXV0tqm5sbFRw3vHUK8FsNou9yODg4IGBAQXX7M9u0GiwWq2dnZ0nTpzYunWr430v2dnZztt0/N8XFBQoVY6vo+HSpUsBAQG889y5c2tra81mc29v78GDB8WBgKioKLPZPGbgOOs9ffq0qCspKamhocFsNg8PDxsMhsLCQvEWjY2NHRMc45zX63qTk5PT0tKKiooaGhr0en1XV9fIyMjg4OC5c+f27NnjeOV1bm6uss+VP7vhokFCWlra4OCg8zY92j/s7++XWY7MaMjIyJAzLxlqJSUlEkPUanVtba0v6hU/cOCKRqP59ttvFZ/Xu3plHnqIi4tzntRHrw1/gGMNjDEWFRVVVFRUU1Mj5+KfCeSVV1556623xGepo9DQ0MrKSk9vZJCptLQ0Pz/f1Y3nOp3u2LFj9957r+Lz+q7ezMzMxsZGiRs0/vdMyNurxk+j0URGRmq12oSEhJUrV6anp8u5DGYiKigoSEtLe++99xoaGkwmU0BAwMyZM1NTU3Nzcz09GiefWq0uLS3NysqqrKxsaGgwGo1DQ0NTp06NjY1NTU3NycnhP3XlC17UW19f39zc3NTU9P3333d0dPT29vb29trt9oiIiPnz599///1ZWVmu7vX+H6ayy7tfAABuKPhCAQAERAMAEBANAEBANAAAAdEAAAREAwAQEA0AQEA0AAAB0QAABEQDABAQDQBAQDQAAAHRAAAERAMAEBANAEBANAAAAdEAAAREAwAQEA0AQEA0AAAB0QAABEQDABAQDQBAQDQAAAHRAAAERAMAEBANAEBANAAAAdEAAAREAwAQEA0AQEA0AAAB0QAABEQDABAQDQBA+A8bYVznmo6+OQAAAABJRU5ErkJggg==", "date_added": "2024-10-25T16:00:49.996Z"}}, {"model": "core.department", "pk": "HD2411044905", "fields": {"name": "Department of Robot-Assisted", "health_facility": "HF2410141001", "barcode": "data:image/png;base64,iVBORw0KGgoAAAANSUhEUgAAAV4AAACYCAIAAAAjjxZQAAAOVElEQVR4nO3cf1DT9R8H8PeGEziGgHM08LAwCwsULuGssy6xMyRFpTqNSEnl4i69Iio5FfA0xR+UGHUX5FmYM7uE4lA7sIusQ+vKQyiwmFSGsPh14BieA4V9/3h37/Ydr439AoY+H3+92ef9/nw+r7E99/nx3iRGo5EBAPw/6XjvAAC4I0QDABAQDQBAQDQAAAHRAAAERAMAEBANAEBANAAAAdEAAAREAwAQJo3eqiUSiWiL6dj8QbPZ2eSDllZlqafow5daWSfZ05aVO7A2s3WSS0cczqwWZWX/HXjeXPKgw/tm19rsHTgGzxu5RbvWRva0d20ugaMGACAgGgCAgGgAAAKiAQAIiAYAICAaAICAaAAAAqIBAAiIBgAgIBoAgIBoAAACogEACIgGACAgGgCAgGgAAAKiAQAIiAYAICAaAICAaAAAAqIBAAiIBgAgIBoAgIBoAAACogEACIgGACAgGgCAgGgAAAKiAQAIiAYAICAaAICAaAAAAqIBAAiIBgAgIBoAgIBoAAACogEACIgGACAgGgCAgGgAAAKiAQAIiAYAICAaAICAaAAAAqIBAAiIBgAgIBoAgIBoAAACogEACIgGACAgGgCAgGgAAAKiAQAIiAYAICAaAICAaAAAAqIBAAiIBgAgIBoAgIBoAAACogEACIgGACAgGgCAgGgAAAKiAQAIiAYAICAaAICAaAAAAqIBAAiIBgAgIBoAgIBoAACCxGg0jvc+AIDbwVEDABAQDQBAQDQAAAHRAAAERAMAEBANAEBANAAAAdEAAISJFA3R0dESiUQikezatctSn9TUVN7nueeeI8dyXl5ewcHBkZGRqamparX6+vXrVrY7ODhYU1Pz/vvvJyUlxcTE3HPPPXK5nK8hPj7+4MGD165ds7eW7u5upVIp9qerq8tSz7a2tsrKyn379j3//PPh4eGTJk3iQ1544YURt+LMWK6urm7jxo2zZ8/29fUNCAiYO3fu1q1br1y5YuNwwfZ6nRzb3Ny8ZcuW+fPnK5XKyZMnq1Sqhx9+eNeuXVqt1pZtOVDvs88+KxlJVlaW7fW6C+PEMW/ePL7Pb731lqU+GzZs4H1Wr15NjiVNmzYtLy9vcHCQXOfRo0etP4f+/v6ffvqpXbWkpqaarqGzs5PsduPGDUsbTU5Otr4JZ8Zyu3fvnjRp0vDhcrlcrVaPRr1Ojs3Pz5fJZGTJU6ZMGXGfHav3mWeesfQ8C9u2bbO9XjeBaPjPypUrr1+/PnydI0YDV1hYaGMh58+fl0gkpmPdMBoOHDhgpVipVHr69GmX1+vM2IMHD1r/B0ml0tLSUpfXi2gYfy6JBj72xo0bWq22qqoqKytLqVSKf+GGDRuGr/P48eORkZFpaWnFxcU//vjjH3/80dvbazAYGhoatmzZIj6mPD09NRrNiFXcunUrMjKSMfbkk0+O+HI3GAwqlSouLm7z5s3Hjh2rr68XBY749nZmbFNTk/j8nDlzZllZmU6n6+rqOnLkiEKh4I8rlUq9Xu/aeh0e29LSMnnyZN5BpVIdOnTo6tWrAwMD7e3tx44dmzVrFl+kUCh6e3tdW6+IhpMnT9pS1ERxh0aDKb1ev3TpUvHKq6ystGuvTp8+Lca+9tprI/bnn05KpfKHH36w961iNBrT0tJsfHs7M/bFF1/kPadNm6bVak0X1dbWijfh3r17R9yoM/XaPnb79u18qa+vb1NTk9nS7u7u+++/n3fYs2ePa+u9XaNhIl2GHCVyufzEiROhoaH8z/z8fLuGP/XUU3Fxcbz9/fffW++s1Wr5i3j37t3+/v527+uY6O/vLykp4e3s7OygoCDTpZGRkS+99BJvj3iq5Uy9do399ttveWPdunX33nuv2dKAgIDc3FzePnHihNlSF9Z7O0E0MMaYt7d3ZmYmb585c6alpcWu4QsWLOCNES+8p6en6/X6hx56SBzduKHvvvuur6+PMSaVSsl7GevWreONhoYG61fvnanXrrF//fUXbzz22GNkB3FKcvHixfb2dtNFLqz3doJo+FdiYiJvDA0NnTt3zq6x4jpZYGCglW5nzpzhH1kFBQVSqfs+8xcuXOCNiIiIqVOnDu8QFRU1ZcoUs87DOVOvvWP1ej1vWDq+8PX15ecFRqOxvr7edJGr6r3NuO8LdIwFBgZOnz6dt2tqauwaW1dXxxuPPPKIpT79/f0bN25kjCUnJ4ujDPfU2NjIGxEREWQHqVQaHh5u1tmMM/U6MNbX15c3LM0x0ev1AwMDvK3RaEwXuaRextjhw4djYmL8/f29vb1DQkISEhI++OADK/eJ3Byi4T9hYWG8cfnyZdtHdXR0nDp1ijEmkUjEkedwe/bsaWpqksvl+/fvd3I/R1tzczNvzJgxw1KfkJAQ3vj777/JDs7U68BYcano/PnzZIevv/5atM2mP7mkXsZYWVnZhQsXdDqdwWBoaWk5derUyy+/HBoaarrpCWRCRkN2dralaWeHDx92eLXiWFSn09k+Kj093WAwMMZSUlKioqLIPk1NTfv27WOMbdu2LTg42OE9HBv8xJtZPjg3XSQ6m3KmXsfGLly4kDc++uij4e9enU63detW8afZ5Ffn67Wivb19yZIlZWVldo1yBxMyGkaJj48Pb/T29to45MMPPzx+/DhjLDQ09J133rHUbdOmTQaDYdasWRkZGc7v52gT7xwvLy/GmNFozMjI8PPzCwoKKigo4Iu8vb15g3yrOFOvY2NTU1P5BBOdTrdgwYKPP/5Yq9XeunWrs7Pzs88+i4mJaWxsFEFjts9O1qtQKNauXVtaWvrrr792dXUNDAy0trZ++eWX4r7V0NDQmjVrbJyp7T4QDf8RVxONtv2UblVV1aZNmxhjPj4+ZWVl5BUsxtjnn39eWVnJGMvPzxd3yN2ZWfkajSY/P7+3t7etrS0jI+PmzZumfcymKjLn6nV4bEhIyM6dO3m7tbV1/fr106dPl8lkgYGBSUlJly9fDgoKEtM6zK5rOllvUVHRkSNHnn766YiICIVCIZPJgoODV65cWVFRISZo9vX15eXl2V6OO5iQ0WDLlCcHiE8PcTnaip9++mnFihU3b96UyWSlpaVz584lu+n1ev7pFx8fv2zZMof3bSzJ5XLe4CdK9913X1pamq+vb2Bg4P79+/mHM1/ETA61OGfqdfK5yszM3LFjB3k7Q6VS8Zls/E9xzZJzpl7rXn31VfE1vy+++MK+esbbhIyGUdLT08Mbfn5+1nvW1dUtWbKkr69PKpWq1Wpx6DhcTk5Oa2urTCYbcYa/+xBvFX61XyqVFhYW9vb2tre3i4N8cSNAdOacqdfJ50oikeTk5Fy6dOmVV16ZM2eOn5+fl5fX7NmzMzMz6+rq5syZ8+eff/KeZv9fZ+odkZgu1dzcbDafws0R3zO7Y4n7UmLKPamhoWHx4sU9PT0SieTQoUOrVq2y1LO+vv69995jjKWnp4uJuu5PXKi/evWqpT5i0d133y0edKZeVz1XYWFh7777LrmooaGBN8zW73C9tnjwwQdFu6Oj46677rJr+DjCUcO/Ojo6WltbedvK1zR///33J554orOzkzFWUFCwfv16K+usra0dHBxkjOXl5Q2/mfLAAw+InuL3CCoqKlxTjxPETVyzqUHC0NDQpUuXzDoz5+od7eeqo6Pj4sWLvG129udwvfYafp3CnSEa/iVuL0kkEkvTbBobG2NjY/lh4dtvv82vQd5+oqOjeaO+vl6cZJmqq6sT93dt+ba7O1Cr1UNDQ4wxlUpldtQwqvWaTpGyPlnW3SAaGGPMYDCI2TWLFy8W81tMaTSaRYsWtbW1McZyc3Nff/31Md3FMfT444/zi22Dg4NqtXp4h+LiYt4IDw8Xc43cWXd3N58rwRhLSkoyu1Q5qvWKsaGhoRMrGvClbGNfX9/y5cvFE/LVV18NX63pXfEdO3a4pJzffvtNbNTdvpSdkpLCeyqVyn/++cd00S+//CJuK+bm5tq+dcfqdX6sTqcTE6JkMlljY+PwPqNRr9Fo/OSTT8RJxObNm+0aO+7u0KOG/v7+9vb2s2fPbt++febMmeXl5fzxlJSU+Ph4s84ajSY2NpZPWcnOzs7JyRnr3R1zWVlZHh4ejLHOzs5HH3305MmTer2+u7v76NGjixYt4l9GUCgUbnVKVVNTs3DhwqKiotra2o6Ojv7+/itXrhQWFkZFRZ09e5b3ycjIIK9xOlzvmjVrli9ffuDAgerqao1G09PTw+dZVVRUrFq1au3atUajkTEWEBDw5ptvjmr5rjfe2WSH0f4BuISEhL6+vuHrtOvcoaenx8ZybPwkXL16tS3bTUlJce1Y61N0pFJpeXm5jZXaVa/DY3/++WfrZS5btmxgYMDSJhyr1/RHgCzx9PSsqqqyq153cIceNZhRKBR79+4tKyuza0LL7e2NN97YuXMn/yw14+PjU1xcnJCQMPZ75RgPD4/09PSSkhJLPyrLRq3esLCwc+fOxcbGOjB2fN2h8xo8PT0DAgKUSmV0dHRsbGxiYqK9U1nuBNnZ2QkJCUVFRd98841Wq/Xw8JgxY8bSpUvT0tLc8OrjvHnzqqurS0pKqqurW1tbu7q6pk6dGhISEhcXl5ycbHr70xIH6i0uLi4vL6+urq6vr29pabl27Vp/f79cLlepVPPnz1+xYkViYqI7/zaHFRKjbd8XAIA7yoTMMwAYbYgGACAgGgCAgGgAAAKiAQAIiAYAICAaAICAaAAAAqIBAAiIBgAgIBoAgIBoAAACogEACIgGACAgGgCAgGgAAAKiAQAIiAYAICAaAICAaAAAAqIBAAiIBgAgIBoAgIBoAAACogEACIgGACAgGgCAgGgAAAKiAQAIiAYAICAaAICAaAAAAqIBAAiIBgAgIBoAgPA/9jt0eXnroUUAAAAASUVORK5CYII=", "date_added": "2024-11-04T14:36:03.825Z"}}, {"model": "core.department", "pk": "HD2411048303", "fields": {"name": "Department Pharmaceutic", "health_facility": "HF2410141001", "barcode": "data:image/png;base64,iVBORw0KGgoAAAANSUhEUgAAAV4AAACYCAIAAAAjjxZQAAAO60lEQVR4nO3ce1CUVR8H8LPLZbksgnJJNBCTvAwMWFFmNeNQQyBEZZMSwaApxZBmRA0MKDopJEgJQzahNkaKMmXNEJNTMCNGMwqpEBR3MbsoAsptF4Ylbu8fpznuu/vbZZddfNfX7+evA8+5PD9gv7vPDcnU1BQDAPhv0v/1DgCAJUI0AAAB0QAABEQDABAQDQBAQDQAAAHRAAAERAMAEBANAEBANAAAwXr2ppZIJKItbsfm39S4O5v8pq6pdPUUffhWPXOSPQ2ZfAazacxJbp12ONNblJ79n8HPzSzfNGrf9Bc+G/tG/mXq2W2NnmRRhvyFmLii4X+uZoFPDQBAQDQAAAHRAAAERAMAEBANAEBANAAAAdEAAAREAwAQEA0AQEA0AAAB0QAABEQDABAQDQBAQDQAAAHRAAAERAMAEBANAEBANAAAAdEAAAREAwAQEA0AQEA0AAAB0QAABEQDABAQDQBAQDQAAAHRAAAERAMAEBANAEBANAAAAdEAAAREAwAQEA0AQEA0AAAB0QAABEQDABAQDQBAQDQAAAHRAAAERAMAEBANAEBANAAAAdEAAAREAwAQEA0AQEA0AAAB0QAABEQDABAQDQBAQDQAAAHRAAAERAMAEBANAEBANAAAAdEAAAREAwAQEA0AQEA0AAAB0QAABEQDABAQDQBAQDQAAAHRAAAERAMAEBANAEBANAAAAdEAAAREAwAQEA0AQEA0AAAB0QAABMnU1NT/eh8AwOLgUwMAEBANAEBANAAAAdEAAAREAwAQEA0AQEA0AAAB0QAAhLspGoKCgiQSiUQiyczM1NUnPj6e93nllVfIsZydnd2CBQsCAwPj4+OLi4uHh4f1rDsxMVFXV3fw4MHo6OhHH33Ux8dHLpfzGdauXZufnz8wMGBsLX19fe7u7mJ/bt26patnV1dXeXl5Tk7Oq6++6ufnZ21tzYfExsZOu4opY7mGhoatW7cuX77cyclp7ty5AQEB6enpf/zxh4HDBcPrZYwNDQ19+umn4eHhCxcutLOzc3R09PHxeemll0pKSsbGxnSNunr16rFjx7Zv375mzRovLy97e3uZTObp6RkSEpKbm6t/RVPqNcu6lmjq7vHII4/wfd67d6+uPlu2bOF9oqKiyLEkNze33NzciYkJcs7jx4/r/xm6uLicPHnSqFri4+PVZ7h58ybZbWRkRNeiMTEx+pcwZSyXlZVlbW2tPVwulxcXF89GvVNTU1VVVffff7+uPff3929ubtYe1d/fr+83xJiTk9PRo0fNXq9Z1rVMiIbbXnzxxeHhYe05p40GrrCw0MBCzp8/L5FI1MdaYDQcOHBAT7FSqfT06dNmr7e2ttbBwUH/z3n+/PnXrl3TGDjtS5TLz883b72mr2ux7rlo4GNHRkY6OzsrKyt37tzp7u4ufoVbtmzRnrOkpCQwMDAhIaGoqKimpubKlSsKhUKlUjU1NaWlpdnY2PCxMpmsvb192irGx8cDAwMZY88++6xYV9dLRaVSzZ8/PzQ0NCUl5cSJE42NjaLAaV/epozt6OgQ758PPPBAaWnp4ODgrVu3vvjiC1dXV/59d3d3pVJp3npXr14tXoqbN2+ura3l6547d27dunVieFxcnMbAgYEBHx+f2NjYwsLC6urqjo4OhUKhVCobGxv37dvn5ubGB9ra2ra1tZmxXhPXtWT3aDSoUyqVERER4s+uvLzcqL06ffq0GPvOO+9M25+/O7m7u1dXV0/7UtGWkJBg4MvblLGbNm3iPd3c3Do7O9U31dfX29ra8q3Z2dnTLmp4veqH9FlZWdodxC9XLpePjo5Ou7T6zC4uLnxsamqqdgcz1mvUupbsbjoNOUvkcvmpU6cWL17Mv8zLyzNqeHh4eGhoKG//9NNP+jt3dnbu3r2bMZaVlSX+aCzN6Ojo119/zdsZGRmenp7qWwMDA9944w3envZQy6h6W1tbecPKyuqtt97S7rB9+3beGBoaun79uv7Z1C1atEi8+C9evKix1Yz1GrWuhUM0MMaYvb19amoqb1dUVFy7ds2o4U8++SRvTHs6OikpSalUPvzww+IN0AJVVVUNDQ0xxqRSKXkt47XXXuONpqYm/WfvjapXXH1wcXFxcnLS7uDl5SXa//zzz7QTqhPRr312wIz1GrWuhUM0/Escyk5OTp47d86oseIcm4eHh55uFRUVp06dYowVFBRIpZb7k7906RJv+Pv7z5s3T7vDypUr58yZo9FZm7H1Ll++nDcGBwfJy8nik4JMJvPx8Zl2QnW///47byxYsEBjk7nqNXZdC2e5f6B3mIeHx8KFC3m7rq7OqLENDQ28Ic6iaRsdHd26dStjLCYmRnzKsExtbW284e/vT3aQSqV+fn4anTXMoF5fX9/HH3+cMTY+Pl5YWKjd4ZNPPuGNDRs2yGQyQ+YUO/n555/z9vPPP6+9lTdMqXcG61o4RMNty5Yt443Lly8bPqqnp+e7775jjEkkEvHJU9u+ffs6Ojrkcvn+/ftN3M/Z9tdff/GGt7e3rj7is/2ff/5JdphZvUeOHOFn9VNTUxMTE+vr65VKZV9fX3V19fr163leLFmyJDc315DZ+vr6fvnll7S0tFWrVikUCsbYU089pf07Mku9M1jXwhE3eFi+jIyMjIwMs08rzpMNDg4aPiopKUmlUjHGNm7cuHLlSrJPR0dHTk4OY2zHjh2W/8GSH3gztR+INrFJdFY343r9/f1//vnn2NjY6urqwsJCjc8OEokkPDy8qKhIXBQkxcbGnjhxQuObVlZWmzZtOnjwoLjYLJhe78zWtXD41HCbo6Mjb/CkN8Thw4dLSkoYY4sXL/7oo490ddu2bZtKpfL19U1OTjZ9P2ebOM63s7NjjE1NTSUnJzs7O3t6ehYUFPBN9vb2vEG+VEypl99WIC4KCNbW1unp6SdPntSfCyQPD4+ysrLPPvuMV6TB9Hpntq6FQzTcJs4mThn2r3QrKyu3bdvGGHN0dCwtLSXPYDHGvvrqq/LycsZYXl6euEJuyTTKb29vz8vLUygUXV1dycnJ/DqC6KNxmyMzrd7Jycndu3d7e3sfPnxYY9P4+HhWVpaXlxd5GkK/np6eiIiIsLAwceygzsR6Z7yuhbsro8GQW55mQLx7iNPRely4cOGFF14YGxuzsbH55ptvAgICyG5KpZK/c65du/a5556b8b7dSXK5nDf4gdKDDz6YkJDg5OTk4eGxf/9+/sGYb2JqH7U4E+t988039+zZMzo6KpfLs7KyWltbVSrV8PBwXV1dUlKSlZWVQqFITEzUf/5CPO8wPDzc3Nycn5/PH8ooLy9fvXq19skCU+o1ZV0Ld1dGwywRV56dnZ3192xoaAgLCxsaGpJKpcXFxeKWJ227du26fv26jY1Nfn6+GXd1VomXCn+iVCqVFhYWKhSK7u5ucYAgHjYVnTlT6q2qqjp06BBjzNbW9scff0xPT1+2bJlMJnNwcHjooYfy8vL4sRtjbOfOnVevXp12QgcHhxUrVrz99ttNTU384lFnZ2diYqIZ6zVlXQuHaLhNXJfy9fXV062pqSkkJKS/v18ikRw5cmTDhg26ejY2Nn788ceMsaSkpKVLl5p3b2ePOFH/999/6+ojNi1atEh808R6xXW+6Oho8nG49evX81fa2NhYcXGx4TPPmTNHTP79999rvIHPuF4T17VwiIZ/9fT0iDtq9Dym2dra+swzz9y8eZMxVlBQsHnzZj1z1tfXT0xMMMZyc3MlWlasWCF6iv9l8MMPP5inHhOIi7iNjY1kh8nJyebmZo3OzOR6xe0kjz32mK59W7VqlVjL2KLEfSu1tbUam3jD2HpNXNfCIRr+VVpayhsSiUTXLTptbW3BwcHd3d2MsQ8//JCfg/z/ExQUxBuNjY3k7b0NDQ3i+q4hT7sbSKlU8oYhp4FFZ8NNTk7yhsatlrNdr651LRyigTHGVCqVOLMVEhKifq++0N7e/vTTT3d1dTHGPvjgg3ffffeO7uIdtGbNGn6ybWJigvzcXlRUxBt+fn7iGQHTicefa2pqdPW5cOECbxh7CbOlpeXGjRu8fd9996lvmtV69axr4RANbHh4OCoq6sqVK/zLpKQk7T7t7e3BwcGdnZ2Msffffz8tLc2QmWNjY/U89NrS0iJ6ioeUw8LCzFCSaWQy2csvv8zbe/fu5Wko/Pbbb+LyYUxMjPomE+sVxxFffvmliAB133777fnz53mb31JtIKVS+frrr/O2ra2txtgZ12viupZu+ue2LYYZ/1+DSqXq6uo6e/bsrl271J+J2rhxo/acbW1t4pa+jIwMc5VDvlSmdWf+X8Ply5etrKx45yVLlpSVlSkUit7e3mPHjom3a1dXV4VCYfjq09Z76dIlcdeAo6NjZmZma2vr6OjoyMhIQ0NDSkqKuKHQycmpq6tLfWxoaGhkZGR2dvaZM2eampq6u7vHxsaGhoZ+/fXXAwcOqN8BnZCQYMZ6TVzXkt1z0aBHZGTk0NCQ9pxGHTv09/cbWI6B0RAVFWXIumSomTJW/3MKUqm0rKzMwEoNrzclJcWQHdb+b4sGngIIDAzU9QuaWb2mr2uxcEDBGGOurq7Z2dmlpaV6bmi517z33nt79uwR76XqHB0di4qKIiMjzb5oTk5OZmamnscNnJ2djx8/PrNHlaKjoysrK3U9KDF79epf12LdlY9XmU4mk82dO9fd3T0oKCg4OHjdunWG3Mpyr8nIyIiMjDx06NCZM2c6OzutrKy8vb0jIiISEhLMePZRw44dO+Li4o4ePXr27NmWlpaBgQGpVDpv3ryAgIDQ0NC4uDjyhvSKioqamprq6uqLFy/euHGjt7e3t7d3amrKxcVl6dKlTzzxRGxsrK5nroUZ1GuWdS2TZMqw5wUA4J6CAwoAICAaAICAaAAAAqIBAAiIBgAgIBoAgIBoAAACogEACIgGACAgGgCAgGgAAAKiAQAIiAYAICAaAICAaAAAAqIBAAiIBgAgIBoAgIBoAAACogEACIgGACAgGgCAgGgAAAKiAQAIiAYAICAaAICAaAAAAqIBAAiIBgAgIBoAgIBoAAACogEACIgGACAgGgCAgGgAAMJ/AM7eXduoyw60AAAAAElFTkSuQmCC", "date_added": "2024-11-04T14:34:16.488Z"}}, {"model": "core.employeestatus", "pk": "EMS2411041715", "fields": {"name": "Sabbatical", "code": "sabbatical", "date_added": "2024-11-04T15:46:46.316Z"}}, {"model": "core.employeestatus", "pk": "EMS2411044239", "fields": {"name": "Suspended", "code": "suspended", "date_added": "2024-11-04T15:46:21.564Z"}}, {"model": "core.employeestatus", "pk": "EMS2411049764", "fields": {"name": "Active", "code": "active", "date_added": "2024-11-04T15:46:00.985Z"}}, {"model": "core.employee", "pk": "241017479669", "fields": {"first_name": "Fred", "last_name": "Doe", "email": "gfreddoe@gmail.com", "phone": "+8619048090841", "barcode": "barcodes/employees/241017479669.png", "department": "HD2410152002", "status": "EMS2411049764", "date_added": "2024-10-17T09:09:53.119Z", "roles": ["ROL241104361", "ROL241104512", "ROL241104776"]}}, {"model": "core.employee", "pk": "241028342765", "fields": {"first_name": "Chawanangwa", "last_name": "Chirwa", "email": "cmchirwa25@gmail.com", "phone": "+8618583392590", "barcode": "data:image/png;base64,iVBORw0KGgoAAAANSUhEUgAAASoAAACYCAIAAADcLTOyAAAQXklEQVR4nO3dfVBUVR8H8Lu7LIgsuqggYTqQDFhsYJqZRakkkTFrY5qGEJqaVDaGWWSaWYYvDGHo1KiUSmiZNY6OjaU0oKQoFiKrK7D4ks24CMnbLjAu6LLPH2ee8+zsvXv3Lux6ap7v56877O/ce8+5ftn7ci7KbDYbBwAsyFnvAMD/L8QPgBnED4AZxA+AGcQPgBnED4AZxA+AGcQPgBnED4AZxA+AGR/vrVomk9FlOrWN/NBhppt9Jb+JswJaI2WdImsTbCg4F482lL5vIlsUX5vIDjgMpst6Z/smZYjc/aH42AruWz8bOvxQpLn4PzP7sZW+M/2Ebz8AZhA/AGYQPwBmED8AZhA/AGYQPwBmED8AZhA/AGYQPwBmED8AZhA/AGYQPwBmED8AZhA/AGYQPwBmED8AZhA/AGYQPwBmED8AZhA/AGYQPwBmED8AZhA/AGYQPwBmED8AZhA/AGYQPwBmED8AZhA/AGYQPwBmED8AZhA/AGYQPwBmED8AZhA/AGYQPwBmED8AZhA/AGYQPwBmED8AZhA/AGYQPwBmED8AZhA/AGYQPwBmED8AZhA/AGYQPwBmED8AZhA/AGYQPwBmED8AZhA/AGYQPwBmED8AZhA/AGYQPwBmED8AZhA/AGYQPwBmED8AZhA/AGYQPwBmED8AZhA/AGYQPwBmED8AZhA/AGYQPwBmED8AZhA/AGZkNpuN9T4A/J/Ctx8AM4gfADOIHwAziB8AM4gfADOIHwAziB8AM4gfADNej5/Vaq2qqvriiy9SUlImTJgQHh6uUqkGDBgQFhY2ffr0/Pz89vZ2d9fZ2toaHBws+6/m5mZnlY2NjceOHcvJyZk3b15MTIyPjw9pkpaWJnFbOp1u6dKlY8aMCQwMDAoKio2NXbVq1fXr153Ve6S/nZ2d27Zte/7550eMGDFgwICAgIDw8PAXX3xx3759d+7ccdbqzz//LCoqWrZs2eTJk0eOHOnv7+/n53ffffclJibm5uaKjJIgKYPcn87Gx8fLJPv6669FdvX48eNvvvmmRqMZOnSoUqkMCQmZMmVKTk7O5cuXBetnz57tcosffvihW8PVRzYv27Nnj/gOqNXq7777zq11Ll682H4Nt27dEiy7ffu2s42mpqZK2dD69et9fHz4zVUq1d69e73U37Kysvvvv99Zc41GU1NTw2/V1tYmvt3AwMBdu3ZJ6TUhZZD709knn3xSvK29gwcPCq7EaDQmJyc7a+Xn5yfYatasWS63uHr1aulj1Wfs40ds375d4gpPnz4tk8ns23opfps3bxbZYblcfuTIEY/399y5cwMHDhRvGxoaeuPGDYeGLuNH5Ofnu+y4TfIg96ez0uMXFBRksVj4a2hoaIiMjBRpiPjZ9u3bFxcXl5GRUVhYWFFRcfXqVbPZbLFYLl269MEHHyiVSjpS9fX1Ltd29+7duLg4juOeffZZOlLO4mexWEJDQ5OSkrKysr799lu9Xr9o0SLSxGX8rly5Qr/3HnjggUOHDplMpubm5m+++Wbo0KHk58HBwR0dHZ7t76RJk0iBXC5fuHDhuXPnyHbLy8tnzpxJu5yenu7QsL29PTw8PC0tbfv27WfOnLly5YrZbO7o6NDr9Rs3bhw2bBhp6OvrazAYPDXInj24Dj7//HPSfOnSpfxPe3t74+Pj6e499dRTBw4caGho6OnpaW1traioWLt27dixYwXXTOP3008/ubtXnuX1+Ik7cuQIHcHly5e7rCffSMHBwWfOnHEZP76MjAyJ8VuwYAGpHDZsWENDg/1H1dXVvr6+5NNNmzZJ3DQh3l/7S8r169fzm9NfHyqVqru7W/p2r1+/rlarSdv3339fvLifg0y5e3AdPPTQQ6RtZWUl/1P7L94VK1ZYrVbpa0b8/icpKYmMxfjx48UrjUZjYGAgx3EFBQW1tbXei5/FYlGpVKRyy5Yt/IK33nqLfBoTEyNx05RIf48ePUo+UigUZrOZ31an09FeX7t2za3tZmZmkoYJCQkiZf0fZHvSD66DkydPkoaxsbGCBY8++igpSExM7O3tdWvl/5z4sX/wQK8BXN6ay8zM7OjoGDduHP0S8JKysrLOzk6O4+RyueA90ldffZUsXLp0SeQuqCCR/tK7mmq1mmTAwciRI+lyT0+PW9uNiIggC+JXiZ4dZOkH10FBQQFZoENtr76+vrKykizn5OQ4XKb+i7CPHx27kJAQkbLi4uIff/yR47itW7fK5d7dbXpoNRrNkCFD+AVjx44dNGiQQ7FEIv0dM2YMWTCZTF1dXfy2RqORLPj5+YWHh7u13WvXrpGFsLAwZzUeH2SJB9dBW1sb2Q2lUpmamsovKCsrIwsPP/zwI4880u/dZIZ9/OgJFb3rwNfd3b106VKO41JTU926Yd03BoOBLGg0GsECuVweExPjUCyRSH8jIyMff/xxjuPu3r27fft2ftsvv/ySLMyZM8fPz0/6Rg0Gw+7du8nyjBkzBGu8MchSDi5fUVGRxWLhOE6r1QYHB4uslp7c9s3OnTsnTJigVqv9/f1Hjhyp1Wq3bdsmcsPc89ie+zY1NQ0YMIDjOJlMdv78eWdla9eu5ThOpVIZjUbyE69e+02ZMoWUrVy50lnNnDlzSM1rr70mces2Cf29ePEiuUupUChef/318+fPm83mlpaW06dPz549m2xx9OjRjY2NUjbX0tJSVVW1cuXKwYMHk7bx8fE9PT2CxZ4aZOmddYb+anN2bUZvye7evdtms+n1+vT09IiICF9f3+Dg4Pj4+E8//bS5udnZ+sUfPAwfPry4uNi9rvYV4/ilpKSQPi9YsMBZzeXLl8lR3LhxI/2hV+NHL+tFbmwuWbKE1KSkpEjcuk1af69eversu0ImkyUnJ7vsr+AJm0KhWLRo0e3btwWbeHCQ3eosH73pEhoaevfuXcGaiRMnkprffvvt+++/p0847A0ePPjw4cOCzV0+95PL5c4e9HsWy/jt2LGD9DYiIqKlpcVZGTnBiIyMtL/V7tX4Pfjgg6SMPKTu7e1dvnz5oEGDQkND6Y3Qt99+m9RotVqJW5fYX5vN1tTURONN+fj4rF692mQyudwQP34hISGCkwQoDw4yIb2zDl555RXSMCsry1kNfSbx1VdfiVyjKhSKEydO8JsvWbIkPT39wIEDFy9ebG5u7unpMRqNBw8etD+VtT8L8B5m8SspKSG/tAICAnQ6nbOy/fv3k+FwOA/xavzoLRASv7q6OvsjSk7eli1bRn4yY8YMKZuW2F+r1frRRx+JXNcNGjRo27Zt4tsS/PbjOC4pKemvv/7i13t2kKV3lq+trc3f359ssba21lkZPUAjRozgOC4hIeHXX381mUzd3d11dXVr166lD2ajoqLceiSYn59Pu5yZmSm9Yd+wid/Zs2fJgzWlUnn06FFnZWazmYzv9OnTHT66lyefVqs1IyMjMDAwJCQkLy+P1Lh18imxv/Z7qFKp1q9fX1dXZ7FYurq6qqqqMjMzFQoF+TQnJ0dKf7u6umpqavLz8+kk0rCwsOvXr9vXeHyQpXeWb8uWLWRzkyZNEikbP3483bG5c+fyA3bgwAFacOzYMbf24eWXXyYNR40a5VbDPmAQv+rq6qCgII7j5HL5/v37RSrJk2KlUsmfJ/UvuvUivb8nTpwg6/T19RWc6vHDDz+QAqVS6dZjd5PJRK8nHWLm2UGW3llB9KZLQUGBSNnTTz9Nynx8fJzdhRo3bhypWbVqlVv7UFpaSnst8RZXn93r+On1enIrWSaT7dy5U6Ty4sWL5Jf9e++9x//Uq/FLT093WUb/NWdnZ4usSnp/bTbb/PnzyTrnz5/vcrvr1q0TX5sD+1No+gXo2UF2q7N8p06dItsaOHCg+CUu/YISmUxDrw7mzZvn1m40NjbSXl+4cMGttu66p8/96urqnnnmmVu3bnEct3Xr1oULF4oUV1dXW61WjuNyc3P5r2PRuyMcx9HX0uikrX6Kjo4mC3q9XrCgt7e3pqbGoZjPrf5yHFdVVUUWHnvsMWc19KZfdXW1+NocREdHk5NMjuPOnTtHV+KpQXa3s3x0psusWbPorAZBUVFRZIFOJecjX8Icx5nNZnf3hPL2fJp7Fz+DwTB16tSmpiaO4z777DM6bfIfiF776fV6wSlaOp3OZDKRZfvrEHt96G9HRwdZsEn40+O0WLre3l6yIDilpj/6f3Db29vJTBeO41xGNzY2liyIzGWjB44+85TIfh6FW5N1+uAexa++vj4hIYF8rW/YsGHFihX3Zrt9M3ny5ICAAI7jrFbr3r17+QWFhYVkISYmhs6ltNe3/tJXmSoqKpzV/P7772RB5Be/oNra2ps3b5Ll4cOHu9VWnEcOblFREZluEhERMXnyZPHiadOmkdfBdDodyTwfPZUVPEAi6MGNiIjwdvzuxbWfwWCg8ww/+eQTj6zTq9d+NrvLsODg4Js3b9p/dOHCBXpfe8OGDfy2fe7vG2+8QVoplcqzZ8/yCw4dOkR7LfgqhjNms5nOI/P19ZXy8NAmbZA9dXDp/D6JK3nuuedIfUpKCv+NB/s7n6WlpdJ3o6ioiJ5wijx49BSvx8/+8KxZs8ZTq/V2/C5fvkzv8o8ePfrw4cNk8ldRURH92hk6dCj/taD+9LeyspIe+4CAgOzs7Lq6uu7u7tu3b+t0uqysLDq9IzAw0OGmXFJSklar3bRpU0lJyaVLl5qamu7cudPZ2XnhwoXNmzePGjWKDldGRobE/XE5yJ46uOXl5WQlMplM8Mkk3+nTp+m+JSYmlpSUmM3m7u5ug8Hw8ccf09+PGo3GIZxpaWlarTYvL+/kyZMGg6G1tfXOnTt///33L7/88tJLL9F1BgUF9e0dK7d4PX5unYq0tbVJXK3E+M2dO1fKdgXvNObm5oo0kcvlgnOa+tnfrKwsKQ35f7XF2SWog7i4OA8OsqcOLr3VPG3aNIn7ZrN7g9EZPz8//kmEyN+GsW/o1ndmn7F/4+Ef69133123bh39DrQXEBBQWFio1Wo9vtGcnJzs7GzBSYzE4MGD9+zZI/gWnEspKSmlpaX0tfd/CLduutjLy8t75513nE06CwkJ+fnnn0XuITsTHR1dXl4+depUdxv2gcCf8QJqzZo1Wq12x44dJSUlDQ0NCoVi1KhRycnJGRkZ7l7QS7d69er09PRdu3YdP368tra2vb1dLpcPGTIkNjY2KSkpPT1d8BXE4uLiioqKM2fO/PHHHzdv3mxpaSEzLdVqdVRU1BNPPJGWlubs/Sm29uzZQ266qNVq+79n45JcLs/Ly0tLSyssLCwpKTEajV1dXUOGDNFoNMnJyYsXLxZ8ZbmwsPDw4cOnTp3S6/U3btxob2/v7u5WqVShoaETJ0584YUXZs6c6e0XSin895oAzODkE4AZxA+AGcQPgBnED4AZxA+AGcQPgBnED4AZxA+AGcQPgBnED4AZxA+AGcQPgBnED4AZxA+AGcQPgBnED4AZxA+AGcQPgBnED4AZxA+AGcQPgBnED4AZxA+AGcQPgBnED4AZxA+AGcQPgBnED4AZxA+AGcQPgBnED4AZxA+AGcQPgBnED4AZxA+Amf8AuWuOvUgucbQAAAAASUVORK5CYII=", "department": "HD2410152001", "status": "EMS2411049764", "date_added": "2024-10-28T13:31:54.253Z", "roles": ["ROL241104512"]}}, {"model": "core.employee", "pk": "241105030945", "fields": {"first_name": "Fidele", "last_name": "Yves", "email": "yvestack01c@gmail.com", "phone": "+8615195965232", "barcode": "data:image/png;base64,iVBORw0KGgoAAAANSUhEUgAAASoAAACYCAIAAADcLTOyAAAOLklEQVR4nO3dfVBU1RsH8LOLvAULKEKLhUmZYKg4EGNmRdoYOopO0ytBUenElA5u1sioaUNTgpKG1IykJUSYNUExpGPo4EwTiZMaru2iEIUgL/LO7uK0grC/P07d2WF37y7s3X3o1/fz14l7zn3uHs5393LvXZOZTCYGABTk1AcA8N+F+AGQQfwAyCB+AGQQPwAyiB8AGcQPgAziB0AG8QMgg/gBkJniul3LZDKhLTzaxn845kk3856WQ2x1EPo4sk+RvVl97E7oY3Wg3R+O2TqBY7M6RGQ/4q9ivPt0ZE7Ef2uOH5vIy7f1excZ6EhFkQO2Wtd1D2bi0w+ADOIHQAbxAyCD+AGQQfwAyCB+AGQQPwAyiB8AGcQPgAziB0AG8QMgg/gBkEH8AMggfgBkED8AMogfABnED4AM4gdABvEDIIP4AZBB/ADIIH4AZBA/ADKIHwAZxA+ADOIHQAbxAyCD+AGQQfwAyCB+AGQQPwAyiB8AGcQPgAziB0AG8QMgg/gBkEH8AMggfgBkED8AMogfABnED4AM4gdABvEDIIP4AZBB/ADIIH4AZBA/ADKIHwAZxA+ADOIHQAbxAyCD+AGQQfwAyCB+AGQQPwAyiB8AGcQPgAziB0AG8QMgg/gBkEH8AMggfgBkED8AMogfABnED4AM4gdABvEDIIP4AZBB/ADIIH4AZBA/ADIyk8lEfQwA/1H49AMgg/gBkEH8AMggfgBkED8AMogfABnED4AM4gdAxrXxGxkZ+fXXXz/++OPk5OT4+PhZs2b5+/v7+PjMmDFj5cqVeXl5AwMD491nX19fSEiI7B89PT22el6/fr2ysnL37t3PP/98dHT0lClT+JDU1FS7VZwZy6nV6g0bNkRFRSkUiqlTpy5YsGDbtm1Xr14VGfLUU0/J7Hn77bclr9vU1FRcXJyRkZGQkBAeHu7r6+vt7R0WFrZ8+fLc3FyRGXayLtfS0rJ169ZFixaFhIR4eXkplcoHHnjgvffea29vd6SuOQfXhiTzLA2TK33xxRfi1YOCgr788stx7XP9+vXme+ju7rba7a+//rJVNCUlRbyEM2O5999/f8qUKZbD/f39S0pKbI168skn7f262Pbt26Wt29/fL15RoVAcPnzYFa/XZDJ9+OGHnp6eVusGBASIj7Xk4Npwfp6lQhw/rqCgwMEdnjlzRiaTOTLFhPHbt2+fyIuVy+XHjx+3OtDJZTGxunbjx+Xl5Un+evPy8sSLyuXysrIye/P9N8fXxn8lfkePHo2JiUlPTy8qKjp79uwff/yh1+uNRqNWq926davwtuft7d3Q0GB3b7du3YqJiWGMPf7443an2Gg0KpXKxMTELVu2HDlyRKPRrFu3jg+xGyFnxjY2NgqfA3fffXd5eblOp+vp6fn888+Dg4P5z0NCQgwGg+VYYVl8//33dmdDqroDAwOzZs1KTU0tKCioqalpbGzU6/UGg0Gj0WRnZ0+fPp2P9fLyqq+vl7Bua2url5cX76BUKg8dOnTt2rWhoaHOzs4jR47Mnj2bbwoODtbr9XZf/rjWhjPzLC3Xxk/c8ePHhZl644037Pbn77IhISE1NTV2p9hSenq6gxFyZuxLL73Ee06fPr29vd1808WLF4UFl5OTYznWmWXhTF0RV69eDQoK4mMzMzMlrPvOO+/wTQqForGxcczWvr6+OXPm8A7Z2dl2j3NcawPx+1tiYiKfiLi4OPGebW1tCoWCMXbw4MHLly9PzvgZjUZ/f3/ec//+/ZYdNm7cyLdGR0dbbp3wsnCyrjiVSsXHLlu2TMK6jzzyCN+UkZFhtW5paSnvEBsbK36E410bkyd+xDcelixZwht2L6+pVCqDwRAbGyucB05CP/744+DgIGNMLpdbvUb68ssv84ZWq3XkquBkqBsREcEbln8lOlO3qamJNx5++GGrdYXTyNra2s7OTpEj/FesDauI4yf8rRwaGirS7eTJk9988w1jLD8/Xy6fvPcqz58/zxvz5s2bNm2aZYeFCxcGBASM6TzJ6/7555+8MWPGDAnrGgwG3hBObsdQKBT83NVkMmk0GluH929ZG1YRH65areaNxYsX2+pz8+bNDRs2MMZSUlKET8vJqb6+njfmzZtntYNcLo+Ojh7T2dJnn30WHx8fFBTk6+sbHh6elJR04MABkeuxUtW1uufCwkLeXrNmjYR1+ekiY8zWvV+DwTA0NMTbDQ0NVvs4uTbGO8+So4xfV1fXsWPHGGMymUw4S7GUnZ3d2Njo7++/Z88eNx7dRLS0tPDGzJkzbfUJDw/njebmZlt9ysvLz58/r9PpjEZja2vrsWPHXn/99YiIiFOnTrm0rqCvr6+2tpbfDdfr9Yyxhx56yPJ35Exd4Zz2zJkzVgeav1hbt+CdXBvjnWfJUcZPpVIZjUbGWFpa2sKFC632aWxs3L17N2Ns+/btlic/kw3/Q4jZPqEy3yR0dlBnZ+eKFSvKy8tdVzc1NZU/8xEcHBwbG5uTk6PT6Tw8PNatW3fq1CnL++PO1H300Ud54/Dhw5bvCDqdbtu2bcJ/3rhxw3LPLlobIvMsObL4HTx48OjRo4yxiIiIvXv32uq2ceNGo9E4e/bszZs3u/HoJkhYJT4+Powxk8m0efPmwMDAsLCw/Px8vsnX15c3LGMQHBz84osvlpWV/fbbbz09PUNDQ21tbd99951wfXh0dPSFF16w/Chwsq6I0NDQioqKTz/9lO9Zwrrr16/nedbpdEuWLCksLGxvb79161Z3d/dXX30VHx9fX18vhMrqMU94bUx4nqVHcr21qqqKT72fn59arbbV7euvv+YHOeYC8aS98RAVFcW78WdErly5Ihynh4fH0NCQyWTKyMjgP1mzZo3jB2D+gIhKpXJR3ZSUFKuLJDExsbm5WfLXm52dLbIyw8LCsrKyeDs9PX3MWGnXhkB8niVH8On3yy+/rF27dnh42NPTs6ysbMGCBVa7GQwG/q62cuXK1atXu/cYJ0i4CcZPqu+999709HSFQhEaGrpnzx7+jsM3Mcb8/Pwc3/OmTZuee+453v72229dVFd4xvLGjRt1dXV5eXl33nknY6yysnLx4sWWp4hO1s3MzMzKyrJ6uVKpVFZWVpr++Wf4hOs0nOvWhvg8S87d8VOr1StWrBgcHJTL5SUlJcLHvaWdO3e2tbV5enrafTJw8hCWI7+aJ5fLCwoK9Hp9Z2encIIkXOgTOjvo1Vdf5Y2WlpYx98Ekr3vbbbfNnTt306ZNWq2WX5Rub29/7bXXxnRzsq5MJtu5c2ddXV1GRsb8+fMDAwN9fHyioqIyMzPVavX8+fOFex6BgYHmA126NkTmWXJWnlJ3Ha1Wu3z58v7+fplMdujQoWeeecZWT41G89FHHzHGVCqV8PDR5CdcALx27ZqtPsKmu+66a1w7v++++4R2V1fX7bff7oa6AQEBhYWF/CTzxIkTzc3N5sMlqRsZGbl//36rm7RaLW+YrwFXrw2ReZac+z79rly58thjj3V3dzPG8vPzX3nlFZHOFy9eHBkZYYzl5uZafhdr7ty5Qk/h+10//PCDq1+CXZGRkbxh6zbx6OhoXV3dmM4TMObRfpfWjYyMvOOOO3j7woULbqvb1dVVW1vL2+Z/obhzbYyZZ8m5KX719fVLly7lH+UffPCB8Cjg/5n777+fNzQajdUv8qjVap1Ox9txcXHj2rn5besxDwm5tC5jbHR0lDfG3ABwad2SkhJeV6lUuvMMSGSeJeeO+DU0NCxbtuz69euMsV27dr355ptuKEoiISGBX2AYGRkpKSmx7FBUVMQb0dHRwn1nBwljIyIixiwLl9a9fPlyR0cHb485E3Nd3b6+Pn5PjzGWnJzszqfJROZZeq6+tGp+9yYrK0uSfU7aGw8mkyktLY33DAkJ6ejoMN906dIl4Qs4u3btGtcBFBcXCydCW7ZscVtdvV4vPMzl5eWl0+ncUFen0wk35T09Pa1+z9AWJ2882J1nabk2fubZ27Fjh1S7nczx+/333z08PHjne+65p6KiQq/X9/b2FhcXC19dtfoV0tTU1KSkpL179/7000/19fV9fX3Dw8NdXV0nTpx4+umnhdc7depUqy95wnUTExOTkpJycnKqqqq0Wm1nZ+fw8PDg4OClS5f27dtn/jSZ5c03Z+qaTKYLFy4kJCQUFBTw7zQYjcampqYDBw6Yf05a/ZKhCLtrw8l5lpZr4zeu88z+/n4Hd+tg/J599llH6qalpUk7Njc3V2SIXC6vqKiwHLVq1Sq75by9vU+fPm3r9U6sroN/ksXExNj6BU2srslkOnfunHjR1atX83v3jrO7NpyfZwn9y76g8a/w1ltvvfvuu8Jngjk/P7+ioqKkpKQJ7DYyMvLnn39eunSpm+syxpKTk0+fPm3rwU5X1PXw8FCpVKWlpbb+ISbXsTvPEnLrfb//jh07diQlJX3yySdVVVXt7e0eHh4zZ85ctWpVenq6rSsQRUVFFRUV1dXVGo2mtbV1YGDg5s2b/v7+SqVy0aJFa9eufeKJJ+xegZhA3ZMnT549e7ampubcuXMdHR29vb29vb0mkykoKGjOnDkPPvhgamqqre8TOVOXMRYXF1ddXV1aWlpdXd3W1tbT0zNt2rTw8PDExMSUlBTzWwgSkmSepYL/vSYAGZx8ApBB/ADIIH4AZBA/ADKIHwAZxA+ADOIHQAbxAyCD+AGQQfwAyCB+AGQQPwAyiB8AGcQPgAziB0AG8QMgg/gBkEH8AMggfgBkED8AMogfABnED4AM4gdABvEDIIP4AZBB/ADIIH4AZBA/ADKIHwAZxA+ADOIHQAbxAyCD+AGQQfwAyCB+AGT+B6sMLL3W/9bNAAAAAElFTkSuQmCC", "department": "HD2410262032", "status": "EMS2411049764", "date_added": "2024-11-04T18:35:00.135Z", "roles": ["ROL241104361"]}}, {"model": "core.employee", "pk": "241111290486", "fields": {"first_name": "Bilal", "last_name": "Khan", "email": "bkhan66688@gmail.com", "phone": null, "barcode": "data:image/png;base64,iVBORw0KGgoAAAANSUhEUgAAASoAAACYCAIAAADcLTOyAAAPbUlEQVR4nO3de1BUVeAH8LPLs3iDEGgYCgUNKw/NlJQ0k0jRaWxGHcSBJJJBzSFsIHEYkABDIpRqJJlBUpQ0mGEsm4iQaEjQAKEB5VWUygaC4C4wssCyvz/O/M7sb18sz/PTvp+/Tpxz7j177n733j33rgkUCgUBAB6EvAcA8N+F+AFwg/gBcIP4AXCD+AFwg/gBcIP4AXCD+AFwg/gBcIP4AXBjOHebFggErMwebaN/VHnSTbmlehdtDVgbfbapY2saH7tjbTR2nLetTWP8yrOhcRdEy4xNunFtY1NuOY1XqtJRx4A17nHSYeu5EY3zpmNrswJnPwBuED8AbhA/AG4QPwBuED8AbhA/AG4QPwBuED8AbhA/AG4QPwBuED8AbhA/AG4QPwBuED8AbhA/AG4QPwBuED8AbhA/AG4QPwBuED8AbhA/AG4QPwBuED8AbhA/AG4QPwBuED8AbhA/AG4QPwBuED8AbhA/AG4QPwBuED8AbhA/AG4QPwBuED8AbhA/AG4QPwBuED8AbhA/AG4QPwBuED8AbhA/AG4QPwBuED8AbhA/AG4QPwBuED8AbhA/AG4QPwBuED8AbhA/AG4QPwBuED8AbhA/AG4QPwBuED8AbhA/AG4QPwBuED8AbhA/AG4QPwBuED8AbhA/AG4QPwBuED8AbhA/AG4QPwBuED8AbhA/AG4QPwBuED8AbgQKhYL3GAD+o3D2A+AG8QPgBvED4AbxA+AG8QPgBvED4AbxA+AG8QPgZm7jJ5fL6+vrv/jii+Dg4JUrV7q4uJibm5uami5cuHDTpk0nTpx4+PDhVLfZ399vb28v+F99fX3aWnZ3d5eWlqanp+/atcvT09PQ0JB22b1796R7ebz6zso837lz5/Dhw6tWrbK3tzc2NnZ0dFy9enVKSopYLJ60LyGksbFx//79Hh4eFhYWNjY2Xl5e8fHxf//9tz59lel/fAkhQ0NDp06d2rx586JFi0xNTc3MzFxcXN5+++3CwsKxsTF9dldRUbFv3z6RSGRnZ2dkZOTg4LB+/fr09PT29vapjnw6FHPp3LlzuvdubW194cKFKW0zIiJCeQu9vb0amz169EjbTkNCQnTv4rHrO/N5zsrKMjIy0tjX0tKyoKBA98hTU1MNDQ3V+5qbm0/aV4Wex1ehUFRWVj777LPaXrJIJLp165aOHXV1dQUFBWnrbmJiMqVhTw/n+FE5OTl6bvDatWsCgUCfw/PYRWgmfWc4zydOnNDdUSgUFhcXa9v7Z599prvvlStXdL9wRv/jW1dX9/TTT+setqOj47179zR2F4vFbm5uOvo+CfErLCz09vaOjIzMz8+vqan5888/pVLpyMhIc3Pz4cOH2cetiYlJW1vbpFsbHx/39vYmhLzxxhuTHp6RkRFHR8fAwMDY2Njz5883NTW9++67tMukMXjs+s5knu/du2dsbMzer7m5uXfv3h0dHe3p6Tl//jx7j9rZ2UmlUvVdd3R0sPPe0qVLS0pKJBJJX1/f119/bWdnR/9ub28/ODio+7Urpnh8/fz8WLzDw8Pr6urofn/77bdt27ax7qGhoep9JyYm1q5dy9r4+/sXFxeLxeLR0dH+/v6amprExEQfH59JBzxzcxs/3a5cucKm4IMPPpi0Pf2Utbe3r66unvTwqIuMjNQzBk9GX0b3PCcmJtIqCwuLjo4Oldr+/v4XXniBNjh27Jj6xt955x1au2DBArFYrFzV0NDAgv3JJ59MOk79j6/yV8rU1FT1Buxjy9zcXCaTqdQqXywcOnRILpdPOrY5wnPlc/PmzYGBgbT866+/6m4sFovpGyU1NdXa2nqux/Yk0T3PFRUVtLBnzx5XV1eVWhsbm7S0NFr+9ttvVWplMllRUREtJyQkODk5Kdd6e3vv3buXlie9PJ7S8W1paaEFAwOD999/X73BwYMHaWFoaKirq0ul9uTJk7QQEBCQkZEhFHJLAecbD2vWrKEF3QtchJDo6OjBwcHly5ezDzbQn4557uzspAV/f3+Nfdml4M2bN3t6epSrKisrh4aGCCFCoVDj2uyePXtoobm5Wfcq6JSOL1vVtLa2trCwUG/g7OzMyqOjo8pVbW1ttbW1tJyenq7yVXOecY4fe/EODg46mv3000/0ozc7O5vjZ9XjS8c8Dw4O0oK2c46FhQW9hlQoFE1NTcpV7H0sEolsbW3V+/r4+FhaWqo0VjfV4+vh4UELEolkeHhYvQE745mYmLi4uChXVVZW0sKyZct8fX0n3dec4vxWbmxspAX2TVqdTCbbv38/ISQkJIR9isOU6JhndvbQdm9wcHCQnUDa2tqUq1pbW2lBJBJp7CsUCj09PVUaq5jG8XVzc1u9ejUhZHx8PCcnR73Bl19+SQs7duwwMTFRrmJTwS7IOeIZv/v373///feEEIFAwK5S1B07dqyjo8Pc3Pz48ePzOLonh+55XrJkCS1cu3ZNY/eysjJWVrkFf+fOHVpYvHixtr2z68B//vlHY4PpHd/c3NwFCxYQQuLi4qKiohoaGgYHB/v7+6urq7dv304z6erqmpGRodKR3U+nnwvNzc1hYWFLly41MTFxcHDw9/dPSUl58OCB/iOZCZ7xi46OHhkZIYSEhYX5+PhobNPR0ZGenk4IOXLkyMKFC+dzeE8M3fO8fv16WsjLy1NPiEQiiY+PZ/+pcqVHv/gR7ReuylWssbJpH1+RSHT9+nU/Pz+5XJ6Tk+Pr62tpaWlnZ/fKK68UFRUJBIKgoKCamppnnnlG/RXRgqur68WLF319fc+ePdvZ2Tk6Otrb21tVVZWQkODq6vrdd9/pP5hp4xa/06dPFxYWEkKWLFmSmZmprdmBAwdGRkbc3NxiYmLmcXRPjknnOSIigt4YlEgka9asOXPmjFgsHh8f7+3t/eabb1auXNna2sqCoRIhlkZTU1NCiEKhiImJsbKycnJyys7OplVPPfWUxr7UTI4vvc3IFlcZQ0PD+Pj4Cxcu0NOjCvZdt7W1ddeuXRqfTZNIJNu2bWPfEucOn/hdvXr1wIEDhBAzM7OSkhKN39oJIZcuXSotLSWEZGVlsTtIoD995tnZ2Tk5OZmWu7q6wsPDFy1aRJ9+DA4Obm9vd3JyYrcfVdZFFP/33+lqa2vLysqSSqXd3d0xMTH0nc3aqK8xzuT4TkxMJCYmLl68+PTp0ypV4+Pjqampzs7OGr8WTkxM0EJSUtLExMSGDRvKysokEolMJmtpaUlMTKQjkcvle/fuZY3nCIf43bhx46233hobGzMyMiouLvby8tLYbHBwkH4ibtq0acuWLfM7xieBnvNMCImLizt69KjGJUdHR8fS0lIWIZVVfnNzc1qgF7fPP/98ZGSkhYWFg4PD8ePH6UmVVhFCzMzMlPvO8Pju27cvOTlZJpOZm5unpqa2tLSMjIwMDw/X19dHR0cbGBhIpdKoqCj175NsGF1dXTt37iwrK9u4caOlpaWxsbG7u3tSUhK9WCCEtLW1/fzzz1Md2NTM823+hoYGGxsbQohQKLx48aKOltHR0YQQIyOj1tZWlarbt2+z8eOpF430n2empaXl4MGDy5Yts7KyMjU19fDwiIuL6+npUSgUoaGhdBgff/yxchf2vfGjjz7SttkdO3bQNu+9957y32dyfH/55Rdaa2xsXFtbq97g0qVLtIGRkdFff/2lXPXqq6/SKkNDw+7ubo1jXr58OW0THx+v7XXNCg1Pqc+d5ubmgICAgYEBgUCQm5vLDoy6pqamzz//nBASHR3NHnoCPek/z8rc3d3Z4yDqG6QFlWPBFjzv3r2rbbOs6rnnnmN/nOHxPXPmDC0EBwevWLFCvcH27dv9/Pyqq6vHxsYKCgoSEhJYFfse6+3trb4wQ61du7a+vp4QMo0fTE3J/F18trS0vP766729vYSQ7Ozs8PBwHY0bGhrkcjkhJCMjQ6DmxRdfZC3Zb8N+/PHHuX4Jj4UpzbM+7t+/f/PmTVpWuYJ1d3enBZXb8czExMStW7dUGpMZH1+aDULIyy+/rG3Yq1atYvtS/jtLu8aFGYpeOBBCpFKptjazYp7i19ra+tprr9FHlj799FO6HgCzbi7muaCggK5AODo6qpypXnrpJVpoamoaGBhQ79vY2MgW+jWepqaHrV4q9Pg32lljin2C6HjOkb0WKyuraQ5RP/MRv7a2tg0bNnR3dxNC0tLSDh06NA87/Q+ai3nu7++n9+UIIcHBwSrLM+vWraMrGXK5vKCgQL17fn4+LXh6erL7+zPHfspUU1Ojrc2NGzdoQeUst3HjRvoLqcbGRpVHWJmqqipamMUxazan3ywVCoXyXaOjR4/Oyjax9KJuLuZZIpGwxRWNayQKhSIsLIw2sLe3//fff5Wr/vjjD3Y7IS0tTf/9Tnp8o6Ki2KiuX7+u3qCkpIRt4eTJkyq1b775Jq0KDg6emJhQqS0uLmZ9r169qv+wp2Fu46f8nkhISJitzSJ+KmY4z3V1devWrcvJyaG/aRgZGens7Dx16pTyZ39cXJzGvu3t7QYGBrSNq6vr5cuXpVLpgwcPzp49y0472n6qq82kx7e2tpbdRTQzM0tJSWlpaZHJZI8ePWpsbIyNjWW/MLawsFBf3lR+vC4gIKC8vFwqlcpkstbW1qSkJPaRIRKJ1MM5u+Y2flO6/hkYGNBzs3rGb+fOnfrsNyws7HHvO8N5/v3333V32bJly+joqLZ5Vn+uUplQKLx8+bK2vhrpc3xjY2P1ebF5eXkau9PbHjqYmJhoPK/OLvx4B3QxMDCIjo4uKirS9g8xEUI+/PDD5ORkdg5UZmZmlp+fv3Xr1lkfWHp6ekpKio5RWVlZnTt3Ttuj/JmZmTExMdp+3OTg4PDDDz/oWFadLfN63w/+f1qxYkVVVVVRUVFVVVVXV1dfX5+tra2zs3NgYGBISIjybQBtEhIStm7d+tVXX5WXl4vFYgMDg8WLFwcFBUVGRs7d6sWRI0dCQ0Pz8vIqKipu37798OFDoVBoa2vr5eUVGBgYGhqq7WFGQohQKMzMzNy9e3d+fn55eXlXV9fw8LCtra1IJAoKCoqIiND4K95Zh/+9JgA3uPgE4AbxA+AG8QPgBvED4AbxA+AG8QPgBvED4AbxA+AG8QPgBvED4AbxA+AG8QPgBvED4AbxA+AG8QPgBvED4AbxA+AG8QPgBvED4AbxA+AG8QPgBvED4AbxA+AG8QPgBvED4AbxA+AG8QPgBvED4AbxA+AG8QPgBvED4AbxA+AG8QPgBvED4AbxA+DmfwC3JmTzq4YbcgAAAABJRU5ErkJggg==", "department": "HD2410262032", "status": "EMS2411049764", "date_added": "2024-11-11T15:48:29.619Z", "roles": ["ROL241104361"]}}, {"model": "core.employee", "pk": "241111435291", "fields": {"first_name": "Soufiane", "last_name": "Jdaba", "email": "s.jdaba17@gmail.com", "phone": null, "barcode": "data:image/png;base64,iVBORw0KGgoAAAANSUhEUgAAASoAAACYCAIAAADcLTOyAAAMaElEQVR4nO3dbVBUVRwG8HOVRUwWEARXlFEmR7Q0HR1Co0axUda0rCxrZX0B39IcQZxg0MSxMVHRRGtGzQRKrKY0GdMRtMEZB8XJF2RcNJA0yQVZENhdHAGD7cOd7jDs7t27r3/I5/fp6J5zz9nDee4e7r2rnMlkYgBAoQ/1AACeXYgfABnED4AM4gdABvEDIIP4AZBB/ADIIH4AZBA/ADKIHwAZL/cdmuM4oSw82sb/Zbcn3brWNG9irYJQR8oxRY5m8bE7oY7Fhh44Wte3JvHg5jWtNbc54d0ObvFo0nuU8pcWxyD+9kXGZu9EOXA0l8CnHwAZxA+ADOIHQAbxAyCD+AGQQfwAyCB+AGQQPwAyiB8AGcQPgAziB0AG8QMgg/gBkEH8AMggfgBkED8AMogfABnED4AM4gdABvEDIIP4AZBB/ADIIH4AZBA/ADKIHwAZxA+ADOIHQAbxAyCD+AGQQfwAyCB+AGQQPwAyiB8AGcQPgAziB0AG8QMgg/gBkEH8AMggfgBkED8AMogfABnED4AM4gdABvEDIIP4AZBB/ADIIH4AZBA/ADKIHwAZxA+ADOIHQAbxAyCD+AGQQfwAyCB+AGQQPwAyiB8AGcQPgAziB0AG8QMgg/gBkEH8AMggfgBkED8AMogfABnED4AM4gdABvEDIIP4AZBB/ADIIH4AZDiTyUQ9BoBnFD79AMggfgBkED8AMogfABnED4AM4gdABvEDIIP4AZBxb/w6OjquX7/+1VdfqVSqyMjIESNG+Pr6+vj4hIaGzpo1Kysrq7m52d5jNjY2BgcHc/9paGiwVvPhw4eFhYU7duxYsGDBiy++6OXlxTdRq9U2e+mNbc1JnKt79+599913a9eunTp1alhYWP/+/fv16zdkyJAZM2ZkZmaKzDBj7L333uNs+fTTT80bumRtVFdXp6WlRUVFBQcHe3t7KxSKyZMnb926taamRryha+fZcSZ3OnLkiHjvAQEB33//vV3HXLZsWdcj1NfXW6z25MkTa53GxcWJd9Eb21okZa6ampqsdcqTy+XZ2dnWupg3b554c8bYxo0bzRs6vzb27Nkjk8kstvXz88vLy7PW0OXz7DDizWdzc/OCBQsOHjwosX5JScnhw4fdOqT/DVfNldFoTEhI2Lt3r/OHsov42ti7d++6deuePn1q8VWDwbBo0aJffvnFnQN0AffGz8vLa/z48StXrszNzb18+fKff/5pMBhaW1vLy8vT0tKEU1diYuKdO3dsHq2jo2PVqlUmk2nmzJk2K3Mcp1AoYmNjU1JSjh49qtFoli5dKnHYvbFtN9LniuO4ESNGqNXqAwcOlJSUVFVVGQwGo9Go0WgyMjIGDRrEV0tJSamsrBQ5zq+//mrtHL9161bz+s6sDa1Wm5KSwpcVCsWhQ4f+/vvv9vb2urq6o0ePjhw5kjHW2dm5YsUKo9Fo8S27ap6d5bkPWjOnT58WhrFu3Tqb9b/44gvGWHBwcElJidDQ2ubT3MqVK/kmDmwwel1bJ+dK8NdffwUEBPDNU1NTzSsIm0+R+DlAfG1s3ryZf0kul1dVVXV7tbGxcdSoUXyFjIwMKd058zNyBuXm84033oiNjeXLFy5cEK9cU1PDT/rnn38uLAiwyIVzNXz48CVLlvDlK1euOD00qcTXxvnz5/lCfHz8888/3+3VgQMHbtu2jS///PPP7hyms4h/94uOjuYL4pfXGGNJSUlGo3HixIlk+4Tew7VzFR4ezhdsXqRxLZG1ce/ePb7w2muvWWwrbLlLS0vr6urcM0AXII4fx3F8ISQkRKTa2bNn+dPYvn37+vTBvUoxLp+ru3fv8oXQ0FDnjyadyNoQfqOz9tkul8u9vb0ZYyaTSaPRuGuITiNeymVlZXxhypQp1uq0tbV9/PHHjLG4uDjhjAgWuXyuKioqcnJy+PJbb70lUvPw4cORkZEBAQH9+/cPCwt788039+/fL3KJ3yaRtSGXy/mCtXuDRqOxvb2dL4tfMaJFGT+dTnfq1CnGGMdx8fHx1qplZGRUVVX5+vru3LnTg6PrlVw1V42NjaWlpfwdbYPBwBh79dVXRX5GjLH8/PyrV6/q9frW1tYHDx6cOnVq9erV4eHh586dc2AA4mtD2A9funTJYvOundq8BU+IMn5JSUmtra2MscWLF0+YMMFinaqqqh07djDGNm7c6OHNT6/j/Fyp1Wr+4Y+goKCJEydu375dr9f37dt36dKl586ds3aPW0RdXZ1SqczPz7e3ofjamDZtGl/Izs6+f/9+t1f1ev2GDRuEPz5+/Nje3j2GLH5ff/31Dz/8wBgLDw/fvXu3tWpr1qxpbW0dOXJkcnKyB0fXK7ljrkJCQk6ePPnNN9/4+PhYrBAUFLRo0aLjx4/fvHmzoaGhvb1dq9WeOHFCuG7Z2dm5cOFCuz6CbK6NZcuW8ecCvV4fHR2dk5NTU1Pzzz//1NfX//jjj5GRkRUVFcIJqKWlxa637Ek08SsqKlqzZg1jbMCAAfn5+YGBgRar/fTTT4WFhYyxPXv28L9JgzVumiudTjd79mylUlldXW2xwsGDB7/99tt333137NixQUFBMpksNDT07bffLigoyMrK4uu0tLRkZmZK7FHK2ggLC/vss8/4slarTUhIGDp0qEwmCwkJUalUd+7cGTJkiHArrydfqyMY2e+//z537tynT5/KZLLjx4+/9NJLFqsZjUb+LD5r1qw5c+Z4doy9jKvmSnhO8vHjx7du3crKyho2bBhjrLCwcMqUKebbPHGJiYkffvghX5b4/JfEtcEYS01N3bJli8VoKRSKwsJC03//hJ9wnaYH8nT8ysrKlEplS0tLnz598vLyhC2KufT0dK1WK5PJhJMoWOPyuXruuefGjBmTmJhYXl7OX3isqalZtWqVvcdZsWIFX6iurrZ5/0362mCMcRyXnp5+69attWvXjhs3zt/f38fHZ/To0ampqWVlZePGjRPul/j7+9s7bI/x8mRn5eXlM2bMaGpq4jju0KFD8+fPt1ZTo9F8+eWXjLGkpCThASKwyK1z5efnl5OTM3r0aMbYmTNn7t+/P3z4cOnNX3jhBaGs0+kGDx5srab0tdFVRESEtWfBy8vL+UJPXj+e+/T7448/Xn/99fr6esbYvn37EhISRCrfuHGjo6ODMZaZmWn+/bExY8YINYXvsxUUFLj7LfRM7p6riIiIoUOH8uVr1645PE7hNro5u9aGFDqdrrS0lC+L7GDJeSh+FRUVMTEx/PZj165d/O/W0Ft0dnbyBXsv4ldUVAhlaw82uWNt5OXl8WNWKBTP+qdfZWXl9OnTHz58yBjbtm3b+vXrPdApuMrt27dra2v5ssju0aLc3Fy+EB4ebjF+7lgbjY2N/P1PxphKpXqmr3xWVlbGxMTwt322bNmSlpYmpZVarRb5msbt27eFmsKXaJRKpbveQ8/m1rkyGo3Lly/ny97e3pMnT5Y+sCNHjgjxe//9980rOLY2xBkMhnnz5ul0OsaYTCb76KOPnD+m+7j30kvX+d20aVN6erpbuwMHKJVKb2/v6OjoyMhIhUIxaNCgwMDAtra2u3fv/vbbb1lZWcIdv/j4eD8/v65tFy5cqNfrp02b9vLLL4eEhAQHB8vl8qampmvXrmVnZwtf9hk4cOAnn3zSrV8n18b169eTk5NVKlVUVFRoaKi/v39tbW1BQcHOnTuF70MkJyf35J0nY27+uq1de4mmpiaJh7V4Rjf3wQcfSOl38eLF/4+2js3VpEmTpPQ4fvx48x/Q7NmzbTbs169fUVGReb9Org2bXz6cM2dOe3u7tWlx+Tw7pudui6HnUKlURUVFDnxzNyIi4uLFizExMW4YlFV9+/ZNSko6duyYAw+pephH7/tBD3T27NnLly+XlJRcuXKltrb20aNHjx49MplMAQEBo0aNeuWVV9Rq9dixYy22zc3NPXnyZHFxsUajefDgQXNzc1tbm6+vr0KhiIqKmjt37jvvvOOmKx+TJk0qLi4+duxYcXGxVqttaGgIDAwMCwuLjY2Ni4vrerulJ8N/rwlABptPADKIHwAZxA+ADOIHQAbxAyCD+AGQQfwAyCB+AGQQPwAyiB8AGcQPgAziB0AG8QMgg/gBkEH8AMggfgBkED8AMogfABnED4AM4gdABvEDIIP4AZBB/ADIIH4AZBA/ADKIHwAZxA+ADOIHQAbxAyCD+AGQQfwAyCB+AGQQPwAyiB8AGcQPgMy/s1kj1IPqqaQAAAAASUVORK5CYII=", "department": "HD2410262032", "status": "EMS2411049764", "date_added": "2024-11-11T08:49:12.805Z", "roles": ["ROL241104361"]}}, {"model": "core.equipmentcategory", "pk": "EQC241017944", "fields": {"name": "Double edged tools", "code": "103"}}, {"model": "core.equipmentcategory", "pk": "EQC241017998", "fields": {"name": "Sharp tools", "code": "SHPT"}}, {"model": "core.equipmentcategory", "pk": "EQC241020029", "fields": {"name": "Endoscopes", "code": "EDP"}}, {"model": "core.equipmentcategory", "pk": "EQC241020137", "fields": {"name": "Subcuticular Suturing", "code": "SCS"}}, {"model": "core.equipmentcategory", "pk": "EQC241112359", "fields": {"name": "Hemostatic Instruments", "code": "HSI"}}, {"model": "core.equipmentcategory", "pk": "EQC241112627", "fields": {"name": "Cutting & Dissecting Instruments", "code": "CDI"}}, {"model": "core.equipmentcategory", "pk": "EQC241112894", "fields": {"name": "Scissors", "code": "SSS"}}, {"model": "core.equipment", "pk": "EQP241017555", "fields": {"name": "Knife", "code": "KNF", "barcode": "data:image/png;base64,iVBORw0KGgoAAAANSUhEUgAAAZIAAACYCAIAAABBDPh/AAAO9UlEQVR4nO3de1BU5RsH8LPLVVkURBw0xTbykhAQRo5pswNZgkaOaReFwLSiAQu0phklarpgKl4ImkkxJgTKqTQYoouBFgppxigMkIDYiAIKIgssTtz398c78/522AvnrLviA9/PX+/seZ/znj3g13N5z0Gm1WoFAAA65KO9AQAA0iC2AIAYxBYAEIPYAgBiEFsAQAxiCwCIQWwBADGILQAgBrEFAMQgtgCAGFvrrVomk/E2f4SIfTjsiSKDHxpclcE+ugPxPibWabC/pBL9gSQtNbho2IcjlpsYWtK2GfxZ6I9lepGxtQ0rNLg2E0OI3wwxO0rqL4/plYvfAPEbLEjfRWb/npjYtmHE71sxa7MIHG0BADGILQAgBrEFAMQgtgCAGMQWABCD2AIAYhBbAEAMYgsAiEFsAQAxiC0AIAaxBQDEILYAgBjEFgAQg9gCAGIQWwBADGILAIhBbAEAMYgtACAGsQUAxCC2AIAYxBYAEIPYAgBiEFsAQAxiCwCIQWwBADGILQAgBrEFAMQgtgCAGMQWABCD2AIAYhBbAEAMYgsAiEFsAQAxiC0AIAaxBQDEILYAgBjEFgAQg9gCAGIQWwBADGILAIhBbAEAMYgtACAGsQUAxCC2AIAYxBYAEIPYAgBiEFsAQAxiCwCIQWwBADGILQAgBrEFAMQgtgCAGMQWABCD2AIAYhBbAEAMYgsAiEFsAQAxiC0AIAaxBQDEILYAgBjEFgAQg9gCAGIQWwBADGILAIhBbAEAMYgtACAGsQUAxCC2AIAYxBYAEIPYAgBiEFsAQIxMq9WO9jYAAEiAoy0AIAaxBQDEILYAgBjEFgAQg9gCAGIQWwBADGILAIhBbAEAMeM6tnx8fGTi7Nmzx9hKioqKoqKi5syZo1AoJk+evGDBgpiYmL///lvquPb29u7u7gsXLnzjjTd+//13g4WDg4Pnz5///PPP161bFxgYeP/99ysUCkdHxxkzZoSGhqakpHR0dEjdCe3t7e7u7nwz2trajPW8cePG8ePHd+3atX79em9vb1tbW1YSEREhcqyKiorY2Nj58+c7Ozu7urr6+vpu3779ypUrpqvMG3fp0qUif7gymezLL78cVr527doRq9577z2DQ49W7TiiHce8vb1F7qXk5GT98u7u7hdffNFgf5lMFhcXNzg4aPa4KpXqypUrwwqzs7NNV7m4uHzzzTeSdsKrr76qu4abN28a7Pbff/8ZGzQ8PFzMQElJSba2tvrlCoUiJyfHWJXZ4y5ZsmSkffx/ubm5w8rXrFkzYlVCQoLBoUerdvwY10dbd2JoaGjdunXffvutwaVarfazzz6Li4sze/3FxcVBQUGtra2Sqjo6OtavX3/w4EGR/c+cOZORkSF96yTbv39/QkLCwMCA/qLu7u7IyMiff/75LmyGQa6urqGhoaM1OphjtHNzNPGjnrS0NKm16enpfB+qVKo//vhDo9G0t7fn5+cvWLCALyoqKhI5bl9fX0NDQ0ZGhpeXFy/ftGmTbuGRI0f8/Pyio6MzMzPPnj17+fLlrq6unp6e6urqbdu22dnZsSoHB4e6uroRv8LAwICfn58gCE8//TQf0djRVk9Pj4eHx/Lly999992vv/66qqpq06ZNrGTEo636+np+nPXAAw/k5eV1dna2tbUdPnzYzc2Nfe7u7q7RaCw7rmn79+9n64mNjdVfyo96fvzxR6lrHq3a8QOxZU5s9ff3z5o1i2dWf3+/7tLOzk6lUsmWPv7441LH7ezsfPjhh3kA3b59W+RW/fTTTzx9tmzZMmL/ffv2sbw4c+bMiLGlLzo6WmR8bNiwgfWcOnVqc3Oz7qLy8nJ7e3u2dOfOnZYd1zT+v0tZWZn+UsTWvQwnieYoLS29du0aa+/bt2/YJZtJkyZ98sknrP3nn382NDRIWvmkSZN27tzJ2r29vefOnRNZuGLFiuXLl7P2qVOnTHdubm7+4IMPBEFISkpycXGRtIWS9Pb2Hj16lLUTExOnT5+uu9TPz+/1119n7RGv3FlQSUnJP//8IwiCr6/vwoUL79q4YBGILXPw45q5c+cGBATod3juueccHBxYu6CgQOr6dS8nX79+3YxCEzcEmfj4eI1GExAQwM+5rKS4uLi7u1sQBLlcbvDe3yuvvMIa1dXVI95VtBR+js9HB0IQW+Y4f/48ayxevNhgB0dHRx5n5eXlUtev1XkJmkwmE1/IO0+bNs1Et99+++37778XBCE1NVUut+7vQFlZGWv4+PhMmTJFv4O/v/+kSZOGdbYqtVrNvr6dnV14ePhdGBEsC7FljtraWtaYO3eusT58UU1NjdT1l5aW8raHh4f4woqKCtYwlqeCIPT29sbGxgqCEB4eLmmWgHn4vvLx8THYQS6X84t9vLNVZWVl9fT0CIIQFhbm7u5uunNGRkZgYKCLi8uECRNmzZoVFhb2xRdfmJiWcS/UjnmILcm0Wm1TUxNrz5gxw1i3++67jzUaGxslrb+rq2vbtm2sbW9v/9hjj4ksbG1tZSekMpnMxLnPp59+Wl9fr1Aodu/eLWnDzHP16lXW8PT0NNaH39+Qeh3QPIcOHWINMWeIeXl5ZWVlnZ2dPT09jY2NBQUFMTExSqWysLDwnq0d8xBbgiAIb775polJyY6Ojrqd2a091nZ2dja2ToVCwRrsys6IBgYGrl279tVXXwUEBFRWVrIPIyIiJk6cKPJbxMfHs4OIqKgof39/g33q6+t37dolCEJCQoKJzLUg/vVNXPjni0TuqztRUlJSXV0tCIKHh4fZ07VaWlpCQkLy8vII1Y4liC3Jbt++zdvDEk3XhAkT9PsPoxuXdnZ2np6eGzduvHz5Mls6e/bsHTt2iNyq9PT0I0eOCIKgVCr37t1rrNvmzZt7enoefPDBrVu3ilzzHeJfn+0rrVa7devWyZMnT58+PTU1lS3i++ouxBa/GB8ZGWljY2Osm5ubW2Rk5LFjxyorK9va2vr6+pqamnJzc/m92qGhoZdffrm5ufneqR1HRnf+xegS+XCPg4ODbtWNGzf4ooKCAmMr57MZHR0dzRh3yZIl//77r8gvcuLECTbX1MnJqaKiwlg3Pqd/2Jygixcv8nEtPm9r/vz5rFtKSopWq9W90mdjY9PX16fVat966y32ybPPPmupcQ1Sq9U8Ii9evCi1nElJSeFfIT4+nkTtGIOjLUEYabopO/PinJyceHvYIl18Ef93Ypqtre2UKVP8/f1fe+21wsLC06dP8zmrpp07d27VqlX9/f12dnbHjh3z9fU12E2j0bAjrNDQ0GeeeUbMmi2CnyyzHTJnzpzo6GhnZ+dp06bt3r2bpS3fV7r71hqysrLYVe3FixfzPJUqLi7upZdeYu0ffviBRO0Yg9iSzMnJic8z0Gg0xrrxRSau6ejGZX9//61bty5cuJCenr5s2TKR8x4qKipCQkK6u7vlcnlOTg4/ldD3/vvvNzU12dnZ6f6nfRfw2GJvp5DL5QcOHOjq6mppaeEnqvzFFbyzlVhquhafInv16tWWlhYStWMJYksymUzG7xKauMTA7zbyzhZXXV391FNPqdVqmUx26NChF154wVjPqqqqtLQ0QRDi4+NNTNqwBn4DkT9XoI8vmj17tvW2pLS0lF2MnzhxorFXd4ik+9ip1MfdR6t2LEFsmWPevHmsUVdXZ6zPpUuXhnW2rJqamieffPLmzZuCIKSmpm7cuNFE5/Ly8sHBQUEQkpOT9W+VPvTQQ7wnf/fWr7/+apHt5F+/qqrKYIehoSH2nI1gtX3F8EOtNWvW8Amud07SfOB7pJY6xJY5HnnkEdY4e/aswQ69vb18Jn1gYKDFN6C2tjYoKIidJuzZs2fz5s0WH8JSHn30UdaoqqpSq9X6HSoqKjo7O1nbeo8HdnR0sJnxgiCYjngxdKfFmn4g4d6pHUsQW+ZYuXIla9TW1l64cEG/Q25uLr/MvGLFCsuOXldXFxwczG5o7tix4+2337bs+i1LpVKxC+2Dg4M5OTn6HTIzM1nD29tb5F0IM/CL8UqlUqVS3eHa+DYrlUqp8TFatWMJYsscS5cunTlzJmtv2bJl2NvvNBoNf21ucHAwnwJuEXV1dUFBQeya2ocffsjn05sWERFh4lapwQkQISEhFtlgBweHtWvXsvbHH3+sO31EEITKysoDBw6wtlUfD+Qz4zds2HCHp1fZ2dk8Pp5//nkStWONRaZREHUnrwnk/9gEQVCpVMXFxRqNRq1WFxQU8IfvZDLZqVOnLDhubW0tn9qemJgodZuNseq8La1We+nSJT6x08vLKz8/v6ur69atW1lZWVOnTmWfu7m5dXV1WXZcjj/jKZPJGhoaRuwfERERFha2d+/e06dP19bWtre39/f3t7a2/vLLL7p54erqqr+7Rqt2XEFsiaJSqYbVDgwMjPhoyPbt202PKzW2JJ0PqtVqkasVGVsi775FRUXp1yYnJ5sokcvl+fn51hiXiYyMZH2WLVsmZofwiwAmODg4nDx58t6pHVdwkmgmGxub7777ztgfLLC3t09KSkpKSrrLW3XPeueddz766CODD9M4OTllZmaGhYVZaWjLXoxn5s2bV1paGhQURKh2LDHwl1RAJIVCcfTo0ePHjx8+fPivv/66fv06f6+IUqkc9hdxIDExMSws7ODBgydOnGhubraxsfH09Fy5cmV0dLT1rsQLgpCdnc1+Li4uLqtXrxZTkpmZmZ+fX1JSUlVV1djY2NHR0dvbq1AoPDw8Fi1atGrVqtWrVxt7T9lo1Y4rMq3OG+ngDjU2Nj7xxBPsFZ3e3t4nT54cz7d7AKwEyW1JM2fOLCoqYq9Lr66uDg4OHs9TmQGsBLFlYV5eXoWFhezvaNXU1OTm5o72FgGMNThJtIqysrKYmJi0tLRFixaN9rYAjDWILQAgBieJAEAMYgsAiEFsAQAxiC0AIAaxBQDEILYAgBjEFgAQg9gCAGIQWwBADGILAIhBbAEAMYgtACAGsQUAxCC2AIAYxBYAEIPYAgBiEFsAQAxiCwCIQWwBADGILQAgBrEFAMQgtgCAGMQWABCD2AIAYhBbAEAMYgsAiEFsAQAxiC0AIAaxBQDEILYAgBjEFgAQ8z+wahRNhh0w8AAAAABJRU5ErkJggg==", "category": "EQC241017944"}}, {"model": "core.equipment", "pk": "EQP241017965", "fields": {"name": "Razor", "code": "RZR", "barcode": "data:image/png;base64,iVBORw0KGgoAAAANSUhEUgAAAZIAAACYCAIAAABBDPh/AAASsElEQVR4nO3de1BUZeMH8LPLVbmD0HoPUTEBQY3MlEEJ80qOWplCkpeiQVPSRkcNzUZURLw2I2kmImYWhINYGaCpi6mRugnKIt5hlYvgLjrtctvfH8/M8+5vL4ez6/L6Pvj9/PXIeW57gK/n8pyDSKvVcgAA7BA/7wkAAJgHsQUAjEFsAQBjEFsAwBjEFgAwBrEFAIxBbAEAYxBbAMAYxBYAMAaxBQCMse24rkUiES3TR4jIF/WeKDL6RaNdGa2jOxCtw9On0fpmNTEcyKytRjfpfbHd5jxDmzU3o98Lw7H4N5nqTa+h0d54hhA+DSH7zdTMDedvQW8Wf6N55mbxfuN/Ys/oJ+VpKOSHUHhvVoGjLQBgDGILABiD2AIAxiC2AIAxiC0AYAxiCwAYg9gCAMYgtgCAMYgtAGAMYgsAGIPYAgDGILYAgDGILQBgDGILABiD2AIAxiC2AIAxiC0AYAxiCwAYg9gCAMYgtgCAMYgtAGAMYgsAGIPYAgDGILYAgDGILQBgDGILABiD2AIAxiC2AIAxiC0AYAxiCwAYg9gCAMYgtgCAMYgtAGAMYgsAGIPYAgDGILYAgDGILQBgDGILABiD2AIAxiC2AIAxiC0AYAxiCwAYg9gCAMYgtgCAMYgtAGAMYgsAGIPYAgDGILYAgDGILQBgDGILABiD2AIAxiC2AIAxiC0AYAxiCwAYg9gCAMYgtgCAMYgtAGAMYgsAGIPYAgDGILYAgDGILQBgDGILABiD2AIAxiC2AIAxiC0AYAxiCwAYg9gCAMYgtgCAMYgtAGAMYgsAGIPYAgDGiLRa7fOeAwCAGXC0BQCMQWwBAGMQWwDAGMQWADAGsQUAjEFsAQBjEFsAwBjEFgAw5oWOrcDAQJEwW7ZsMdVJQUFBbGzsgAEDnJ2d3dzcBg8eHB8f/9dff5k7rr29vbe39/Dhwz/55JNTp04Zbdja2nrp0qWvv/561qxZoaGhL7/8srOzs6OjY48ePSZOnLh9+/bHjx+buxPq6+u9vb3pNOrq6kzVfPjw4YkTJ5KTk2fPnh0QEGBra0uaxMTECBxLJpMtXLhw0KBBLi4uHh4eQ4YMWbVq1Z07d/hbWTbu6NGjBX5zRSLRt99+a7STe/furVy5csSIEd7e3vb29hKJ5PXXX1+/fr1CoRD4kU+dOhUfHx8YGOjl5WVnZ+fj4zNmzJjk5OQbN24Yrf/OO++0O9svvvhC4OidlvYFFhAQIHAvpaSkGDZ/8uTJzJkzjdYXiURLlixpbW21eNzw8PA7d+7oNTx48CB/K3d39++//96snbBgwQLdHmpra41W+/fff00NGh0dLWSgpKQkW1tbw+bOzs6ZmZmmWlk87qhRo9rbx/+Rk5Nj2MO2bdvs7OyM1nd1deWZM1FVVTV58mRTIzo4OBhtNWPGjHZnu3r1av6hOz3EliCGsdXa2hoVFcXfatGiRc8yrq+vb3V1tW7DdmOLSEtLE7gHzp07JxKJdNt2UGxt3bqVZ8Jisfj48ePWHVd4bHl4eKjVar3m27dv528lFouzs7NNja5QKPr378/THLH1LBBbHMdxu3btMrftnj176I9ReHj4H3/80djYWF9fn5ubO3jwYLqpoKBA4LhNTU13797dt2+fn58fbT5//nzdhocPHw4ODo6Li0tPTz9//vzNmzdVKpVarS4tLV25ciU9NHBwcCgvL2/3I7S0tAQHB3Mc99Zbb9ERTcWWWq2WSCTjx49fvnz5oUOHSkpK5s+fT5q0G1sVFRX0OKtfv35Hjx5VKpV1dXUHDhzw8vIiX/f29m5sbLTuuPy2bdtG+lm4cKHepsrKSnt7e7JVIpHs3bv3/v37TU1N1dXVhw4donnk5eWlUqkMe25raxs9ejTdpWFhYdnZ2QqFoqmpqb6+/vz582vXrg0JCTE6Kxpbx44de5ZP17khtiyJrebm5t69e9PMam5u1t2qVCp9fX3J1jfeeMPccZVKZVBQEA2gp0+fCpzV8ePH6a/KZ5991m59cgTk7e39559/thtbhuLi4gTGx4cffkhqduvWTaFQ6G66cuUKDYhNmzZZd1x+9H+X4uJivU1r164lm1xcXCoqKvS21tfXDxw4kFTYuHGjYc+6B8XLli0zda3AKMSWEC/0JXmLFRUV3b9/n5S3bt2qd8nG1dV1/fr1pHzu3Lm7d++a1bmrq+umTZtIWaPRXLx4UWDDSZMmjR8/npTPnDnDX1mhUJBfzqSkJHd3d7NmaBaNRpOVlUXKiYmJ3bt3190aHBz88ccfk7LAU2CrkEql165d4zhuyJAhw4cP19tKb4nMnTtX9+CX8PDw2LBhAyn/9NNPhp3v2LGDFMaNG5eSkiIW47fMyrBDLUGPawYOHDhs2DDDCtOnT3dwcCDlvLw8c/vXvS7z4MEDCxry3BAkEhISGhsbhw0bRs+5Osjp06efPHnCcZxYLDZ672/u3LmkUFpa2u5dRWuh5/h0dF23b98mhbCwMKPN6Wn15cuXq6urdTeVl5cXFxeTcnJyst6lQ7AKxJYlLl26RAojR440WsHR0ZHG2ZUrV8ztX6vzEjSzfu5pZR8fH55qv//+OzlM2LlzZ0cfC9Df4cDAQE9PT8MKISEhrq6uepU7VENDA/n4dnZ20dHRhhUaGxtJwdRxqIuLCzm31Wq1JSUluptOnz5NCkFBQUOHDrXerOE/EFuWkMvlpECvcRiim8rKysztv6ioiJYlEonwhjKZjBRM5SnHcRqNZuHChRzHRUdHm7VKwDJ0XwUGBhqtIBaL6cU+WrlDZWRkqNVqjuOioqK8vb0NK7i4uJCCqXVwjY2NTU1NpFxeXq67iX4L6Am7Zfbt2xcaGuru7t6lS5fevXtHRUXt3r2b577qCwWxZTatVltVVUXKPXr0MFWtZ8+epFBZWWlW/yqVauXKlaRsb2//2muvCWxYU1NDTkhFIpHRcx9i48aNFRUVzs7OmzdvNmtilrl37x4p9OnTx1Qden/D3OuAltm7dy8pmNpL9I7KuXPnjFbIz8+nZb2lp3QdKcni0tLS2NjYfv36OTg4+Pj4hIWFrV+//tGjR+1O8ujRo8XFxUqlUq1WV1ZW5uXlxcfH+/r66g79wkJscRzHffrppzyLkh0dHXUrk1t7pEz/Wzbk7OxMCuTKTrtaWlru37+/f//+YcOGXb16lXwxJiama9euAj9FQkICOYiIjY0NCQkxWqeioiI5OZnjuNWrV/NkrhXRj89z4Z9uErivnoVUKi0tLeU4TiKRTJw40WidMWPGkMJ3331nmKRKpXLVqlX0n0+fPtXbSgp+fn5HjhwZOnRoRkbG7du3m5qaamtrpVJpYmKin5/fsWPHLJh8dXX1hAkTjh49akHbzgSxZTbdH1O9RNPVpUsXw/p6dOPSzs6uT58+8+bNu3nzJtnat29feseqXXv27Dl8+DDHcb6+vqmpqaaqLVq0SK1W9+/ff+nSpQJ7fkb045N9pdVqly5d6ubm1r179507d5JNdF/9F2KLXoyfM2eOjY2N0ToLFiwgi+CUSuWoUaP279+vUChaWlpqa2t/+OGH0NBQuVxOQ19vzvS6mFwunz17dnNzs2H/SqVy2rRp9CqYLi8vrzlz5mRnZ1+9erWurq6pqamqqionJ4eecra1tX3wwQfCny7qnJ7r8ovnTOBqdb0FzQ8fPqSb8vLyTHVOVzM6OjpaMO6oUaNu3bol8IMUFhaSXzMnJyeZTGaq2pEjR0jnemuCrl+/Tse1+rqtQYMGkWrbt2/XarW6V/psbGyampq0Wu3ixYvJV95++21rjWtUQ0MDjcjr16/z1Ny4cSPPd6d79+7r1q0j5bi4OKOfl1wliIiIyM/PVyqVGo2mrKxs7dq1dJ3awIEDzVrSpbtwPyEhwdzP3pngaIvj2ltuSs68KCcnJ1rW26SLbqK/J/xsbW09PT1DQkI++uij/Pz8s2fP0iss/C5evDh16tTm5mY7O7vs7OwhQ4YYrdbY2EiOsCZOnDhlyhQhPVsFPVkmO2TAgAFxcXEuLi4+Pj6bN28maUv3le6+7QgZGRnkqvbIkSNpvhi1YsWKdevWGb3NKpFITpw4oTVxoYB+hKqqqpkzZ+bn50dGRrq6utrb2/v7+3/55ZfkoJjjuPLy8oKCAuGTX7Jkyfvvv0/KP//8s/CGnQ9iy2xOTk50nQE9IzDU7k107v/HZXNz86NHjy5fvrxnz57IyEiB6x5kMtmECROePHkiFoszMzN57l6tWbOmqqrKzs6u3aftrIvGFrkrJxaL09LSVCpVdXU1PVGlN+xo5Q7Cv1xLl0gkWrNmzbVr1xYvXhwUFOTm5ubo6Dho0KAVK1bIZLKgoKBbt26Rmm5ubroNaWzZ2tru2LHDMPimT59OF8cYPU/kQZfm3rt3T2+92AvFyBP5wE8kEvXs2ZPcH+S5xEDvNtJbilZXWlo6bty4hoYGkUi0d+/e9957z1TNkpKSXbt2cRyXkJDAs2ijI9AbiPS5AkN0U9++fTtuJkVFReRifNeuXU29ukOPv78/XfKuh3TFGSyCode8goODX3rpJaNtR48eTZb+mbu8Vvdx15qaGlP9d3o42rKEv78/Keit2dFFb4TTytZVVlb25ptv1tbWchy3c+fOefPm8VS+cuVKa2srx3EpKSmGt0pfeeUVWpO+e+u3336zyjzpx9dblkm1tbWR52y4DttXBD3UmjFjBl3gapmamprLly+Tst5ZOU2xbt26mWru4eFBCiqVyuI5vMjr7xFblqCrn8+fP2+0gkajoSvpQ0NDrT4BuVw+duxYcpqwZcuWRYsWWX0Ia3n11VdJoaSkpKGhwbCCTCajiwYMHw+0lsePH9PnB/kjXojMzMy2tjaO4yQSid7RFk0xnuer6H7QO8Fsl+5yXP4HITo3xJYl6Ovf5HI5/V9XV05ODr3MPGnSJOuOXl5eHhERQW5obtiwYdmyZdbt37rCw8PJ5Z7W1tbMzEzDCunp6aQQEBAg8C6EBejFeF9f3/Dw8Gfpqr6+nqx94zhu1qxZelevIiMjyaP1MpnM1OUnqVRKCuZ+XrqvfH19X+TYwgIIjrPoxTW9evUibQ1fXKNSqehrAyIiIqw4rlar1V0xtG7dOnObG9WhCyC0Wm1sbCyp6e3t/eDBA91N//zzD10QsGHDBuuOq4s+WvSMO02pVNLFqHZ2dnK53LDOhAkTSIVZs2a1tbXpbc3OzqZ7++TJk8KHzsjIoCeGy5cvf5ZPwTrEloXxkZaWRn/4wsPDT58+3djY2NDQkJeXR39DRCLRmTNnrDiubmYlJiaaO2dTOjq2bty4QRd2+vn55ebmqlSqR48eZWRk0AtApl659yzjUvQZT5FIdPfuXSFN/v777/Dw8LS0NPKOB7Vaffv27d27d+seH61YscJoW91HgsaNG1dYWKhSqTQajVwu//LLL2lMBwYG6oVaTExMVFRUamrq2bNn5XJ5fX19c3NzTU3Nr7/++u6779I+PTw8hH+bOiXEliDh4eF6bVtaWkw9GkKtWrWKf1xzY8us88GGhgaB3QqMLYF332JjYw3bpqSk8DQRi8W5ubkdMS4xZ84cUicyMlLgPuH/IyYcx02ZMoWslTUqISGBv7mDg8OFCxf0WvG8e163oVnHaJ0Srm1ZyMbG5scffzT15m97e/ukpKSkpKT/8qz+Z33++edfffWV0YdpnJyc0tPT230xv8WsezGe4zgbG5uEhISsrCxTfyCD47jU1NSlS5eaeimQj4/PL7/8Ivwhecrf37+oqGjs2LHmNuxksG7Lcs7OzllZWSdOnDhw4MCFCxcePHhA3yvi6+ur9xdxIDExMSoq6ptvviksLFQoFDY2Nn369Jk8eXJcXFzHXYnnOO7gwYPk++Lu7j5t2jSBrYYPHy6VSrOysqRSaVVVVV1dnaenZ+/evcePHx8dHa27ZMQosVicmpoaExOTnp5eWFhYVVX19OlTT0/PwMDAyZMnL1iwwOhD+Onp6bm5uVKptKSkpLKy8vHjxxqNxtnZWSKRjBgxYurUqdOmTcO7UjmOE2l13kgHz6iysjIsLIysIQwICDh58uQLfbsHoGMgua2pV69eBQUF5HXppaWlERERNTU1z3tSAJ0NYsvK/Pz88vPzyd/RKisry8nJed4zAuhscJLYIYqLi+Pj43ft2jVixIjnPReAzgaxBQCMwUkiADAGsQUAjEFsAQBjEFsAwBjEFgAwBrEFAIxBbAEAYxBbAMAYxBYAMAaxBQCMQWwBAGMQWwDAGMQWADAGsQUAjEFsAQBjEFsAwBjEFgAwBrEFAIxBbAEAYxBbAMAYxBYAMAaxBQCMQWwBAGMQWwDAGMQWADAGsQUAjEFsAQBjEFsAwBjEFgAwBrEFAIxBbAEAY/4PhRXil2ZG6dQAAAAASUVORK5CYII=", "category": "EQC241017944"}}, {"model": "core.equipment", "pk": "EQP241112084", "fields": {"name": "Mayo Stand", "code": "MSD", "barcode": "data:image/png;base64,iVBORw0KGgoAAAANSUhEUgAAAZIAAACYCAIAAABBDPh/AAAPOUlEQVR4nO3de1BU1QMH8LMLLNQuj0QI3yBiJps8zEq0YaSHgDVNFjYERUGFIhZSIyOCmrkmYuJATaRT0kAyGY1mMaPJqNiAZEgQYEDQaCKhOCKwTLvsrvz+OM6ZnX3cfbC/msN+P3+d2XvOPZdz2O/e194VjY+PEwAAfoj/6w0AALANYgsAOIPYAgDOILYAgDOILQDgDGILADiD2AIAziC2AIAziC0A4AxiCwA44/r/W7VIJGJl9hUi+qLBN4pMvmhyVSbr6HfE6gis02R9m5oYd2TTUpOLDF602Fyga5u2zeRcGPclvMi4jsmGAi8Kr1x4HMx1Yc2W27FtJjfD1ok26Mv6v9f6WRD+P7F1bSabG/RlzdocAntbAMAZxBYAcAaxBQCcQWwBAGcQWwDAGcQWAHAGsQUAnEFsAQBnEFsAwBnEFgBwBrEFAJxBbAEAZxBbAMAZxBYAcAaxBQCcQWwBAGcQWwDAGcQWAHAGsQUAnEFsAQBnEFsAwBnEFgBwBrEFAJxBbAEAZxBbAMAZxBYAcAaxBQCcQWwBAGcQWwDAGcQWAHAGsQUAnEFsAQBnEFsAwBnEFgBwBrEFAJxBbAEAZxBbAMAZxBYAcAaxBQCcQWwBAGcQWwDAGcQWAHAGsQUAnEFsAQBnEFsAwBnEFgBwBrEFAJxBbAEAZxBbAMAZxBYAcAaxBQCcQWwBAGcQWwDAGcQWAHAGsQUAnEFsAQBnEFsAwBnEFgBwBrEFAJxBbAEAZxBbAMAZxBYAcAaxBQCcQWwBAGcQWwDAGcQWAHAGsQUAnEFsAQBnEFsAwBnEFgBwBrEFAJwRjY+P/9fbAABgA+xtAQBnEFsAwBnEFgBwBrEFAJxBbAEAZxBbAMAZxBYAcAaxBQCccfbYksvlIuvs3bvX3EpqampSUlJCQkJkMpm3t/fChQszMjJ++eUXW/uVSCR+fn6LFy9eu3btmTNnTDbU6XRNTU0ff/xxYmLikiVLAgMDZTKZh4fH9OnT4+Li9u/ff/v2bVsH4datW35+fmwzbt68aa5mf3//yZMnCwoKXn755dDQUFdXV9okOTnZYi92t7WvoaMGqqWlZf369QsWLPD09LzvvvsWLVqUm5t7+fJliw2VSuWnn34aHx8/Y8YMDw8PqVQaGBi4evXqyspKjUZjTdeM9RPkLMadW2hoqJUDVVhYaNxcqVS+9NJLJuuLRKJ33nlHp9PZ3W90dPTly5cNGpaXlwu38vHxOXz4sE2D8MYbb+ivYWBgwGS1f/75x1ynSUlJwl3Y3dbuhg4ZKIVC4erqatxWJpNVVFQINKytrZ05c6a5ruVy+aVLl4S71mflBDkPxJb9saXT6Z599lnhVpmZmRPpNygo6Pr16/oNLb4bqdLSUitHoL6+XiQS6bd1ktiyOFD79u0TaCgWi6urq002vHjx4r333ivcb0BAQG9vr/CgUdZPkPNAbN2Nj5KSElvbHjhwgP0nRUdHnz17dmRk5NatW8ePH1+4cCFbVFNTY2W/Y2NjV65c+fzzz4ODg1nztLQ0/YaVlZVhYWHp6ellZWUNDQ09PT3Dw8Mqlaq9vX3z5s1ubm60lbu7e1dXl8U/QavVhoWFEUKefvppi+8KlUoVEBCwcuXKTZs2ffXVV21tbWlpabSJxdiyu63dDSc4UN3d3Ww/a+7cuceOHRsaGrp58+aXX37p6+tLX/fz8xsZGTFuu3TpUhZtqampFy9epG3r6uqef/55Ns6vvvqq8KCN2zhBzgOxZWdsaTSaWbNmsczSaDT6S4eGhoKCgujSqKgoW/sdGhp66KGH2PtqdHTUyq2qrq5m/9wbN260WJ/uUPj5+Z0/f96Od0V6erqVseXAthPplLE4UK+99hpdOnXq1L6+Pv1Fzc3NEomELt29e7dBQ/3TXgqFwnjNLHZlMplarRbezglO0GTl7Kfk7VZXV3f16lVa3rdvn8EZEC8vr507d9JyfX39lStXbFq5l5fX7t27aVmtVl+4cMHKhvHx8StXrqTlc+fOCVfu6+vbtm0bIUShUPj4+Ni0hbwTHii1Wl1VVUXL+fn506ZN018aFhb21ltv0bLxoWhHRwctuLi4bNiwwbjrt99+mxaUSuW1a9cENtKZJ0gYYstO7ON6/vz5kZGRxhVWr17t7u5Oyz/88IOt61+2bBkr//3333Y0tHi9KSsra2RkJDIykn3+OxWBgaqtrVUqlYQQsVhs8nrl66+/Tgvt7e0GVxXZVUIfHx9PT0/jtmwnnRAyNjYmsIVOPkECEFt2ampqogV2IsOAh4cHi7Pm5mZb1z+u9xw0gzOywlhlf39/gWo//vjjN998QwgpLi4Wi53x30BgoBobG2lBLpdPmTLFuG14eLiXl5dBZWrBggW0MDQ0NDo6atyW7WG5u7sHBgaa2zxMkAAMh506OztpYf78+ebqsEXswMF6dXV1rBwQEGB9w5aWFlowl6eEELVavX79ekJIUlKS/m6dUxEYKDa5crncZFuxWMzOTrLK1Lx58x577DFCiFarLS0tNW77ySef0MKaNWvY/rgBTJAwxJY9xsfH2Wfm9OnTzVWbMWMGLfT29tq0/uHh4c2bN9OyRCJ55JFHrGx448YNekAqEonYgYyxDz/8sLu7WyaT7dmzx6YNmzSEB+qvv/6ihdmzZ5tbAzvWMz5xefDgwalTpxJCcnJy1q1b19zcTC8xnz9/PiEhgWZZcHBwYWGhuZVjgoQhtu7asGGDwC3yHh4e+pXppT1aNnn+gpLJZLRAT5RYpNVqr169eujQocjIyNbWVvpicnKyxZuAmKysLJVKRQhJSUkJDw83Wae7u7ugoIAQsmXLFoHMndyEB4rNl8CJcLbIeHLlcvnPP/+8dOlSnU5XWloaERHh5eXl6+sbFRVVVVUlEolWrVrV0NBw//33m1wzJsgixJY99M9ZGCSavnvuuce4vgH9uHRzc5s9e3ZqampPTw9dOmfOnF27dlm5VQcOHKisrCSEBAUFffTRR+aqZWZmqlSqefPmZWdnW7nmScbiQLH5opM7Pj6enZ3t7e09bdq04uJiuohNrsnPJHqrF7vgyLi6uubm5h4+fJjujpmECbIIsfVvGLfrd0aWLVt25swZc5/JBk6fPp2ZmUkIkUqlx44dM3kimRBy5MiRkydPEkKKiorYzUdOxZqBMpivrq6uoqKi4eHh/v7+7Oxseq2Q1TG+YHLnzp1t27bNnj1b/4ZkSqvVKhSKWbNmmTztRTBB1kFs3SV8uyk9oGCkUikrGyzSxxaxT2Zhrq6uU6ZMCQ8Pf/PNN0+dOvXTTz+xe1aFXbhw4bnnntNoNG5ubt9+++2iRYtMVhsZGaEf4HFxcc8884w1a55krBwodnRPZzAkJCQ9Pd3T09Pf33/Pnj30Dns2ufr/DFRGRsaOHTvUarVMJlMoFB0dHSqVanR0tKmpKSsry8XFZXh4eN26dcbnrTBBVjLxNVGwSCqVikR3f6ttZGTEXDW2SOAUSUlJCf3wt1tLS0tsbKxSqRSLxRUVFewuSmNbt269du2am5vb/v37J9Ijp6wfKBZb9CkRYrG4tLTUYP+IPUCCVaZqa2s/++wzQohEIjl79uzixYvZooiIiIiIiKioqDVr1hBC8vLyEhIS9D+ZnHyCrIe9LXuIRCJ2lbCvr89cNXa1kVV2uPb29qeeempwcFAkEh08eJC+H0xqa2srKSkhhGRlZQnctDFZWT9QRO8CIvsihDG2aM6cOfqvHzp0iBYSExP1M4tJSEigt1xoNJqKigr2upNPkE0QW3Z64IEHaKGrq8tcnT/++MOgsmN1dHQ88cQTAwMDhJDi4uLU1FSBys3NzTqdjhBSWFhofKn0wQcfZDXZo51OnDjx/9jsf59NA0X05qutrc1khTt37ly6dMmgMsXuQxa4beXRRx+lBf37kJ15gmyF2LJTREQELTQ0NJisoFar2X/wkiVLHL4BnZ2dK1asuH79OiFk7969EzzSnMTsGKiHH36YFtra2gYHB40rtLS0DA0N0bLBLhU7M2DNdRiBMwwgALFlp1WrVtFCZ2fnr7/+alzh6NGj7KxtfHy8Y3vv6uqKiYnp7+8nhOzatevdd9917PonDfsGKjo6mp5o1+l0+sdxTFlZGS2EhoYaXDZhj7Ux93lGCGHfjRe4DQIEILbstHz5cvb4yo0bN2q1Wv2lIyMjeXl5tBwTE6P/7dmJ6+rqWrFiBT2n9v7777P76YUlJycLXCr9/fffWU32XJTY2FgHbva/z76BIoS4u7u/+OKLtPzBBx/Q1GNaW1vZ6fmkpCSDtuzY8Ouvvzb56I7vvvuuvr6elunXgCgnnCC7Ibbs5OrqyoKptrb2ySefPHfunFKpvH37dnV1dVRUFL1lVCQSbd++3YH96r8V8/Pzt27d6sCVTyYTHKi8vDwXFxdCyMDAwPLly7///nv6BZ3y8vKYmBj65AZfX1/jQ860tDR6J5dGo4mJiVEoFJ2dnWNjYyqV6rfffsvJyUlISKA1PT09zT3RGyyw7rFck5b1D2WOjo42aKvVauPi4oRb5ebmCvdr6+MJbToeHBwctHK1Jj/MjVn5NktJSXFgW/saTnygBL4zSAgRi8XHjx83OUqbNm2yptMvvvhCeFL0WTlBTgJ7W/ZzcXE5cuTICy+8YHKpRCJRKBQKheJf3ipwlPfee2/Hjh10n8uAVCotKysz90sCBQUFO3fuZM99Nubt7V1eXi7wXXcQhtiaEJlMVlVVdeLEicTExLlz5+rfDR8UFGTwgyvAnfz8/MbGxrVr14aEhEilUi8vL7lcnpOT09ra+sorrwg03LJlS09Pz/bt26Ojo/39/SUSCf2ts9jY2KKioj///NOan2gDc+7e6g2O0tvb+/jjj9MnXoaGhp4+fVr4cX0AYCvsbTnYzJkza2pq6NPH29vbY2Jibty48V9vFMCkgthyvODg4FOnTtH7dzo6Oo4ePfpfbxHApIKDxP+XxsbGjIyMkpIS9k0OAHAIxBYAcAYHiQDAGcQWAHAGsQUAnEFsAQBnEFsAwBnEFgBwBrEFAJxBbAEAZxBbAMAZxBYAcAaxBQCcQWwBAGcQWwDAGcQWAHAGsQUAnEFsAQBnEFsAwBnEFgBwBrEFAJxBbAEAZxBbAMAZxBYAcAaxBQCcQWwBAGcQWwDAGcQWAHAGsQUAnEFsAQBnEFsAwBnEFgBwBrEFAJz5H1Vnw7z+knsBAAAAAElFTkSuQmCC", "category": "EQC241017944"}}, {"model": "core.equipment", "pk": "EQP241112275", "fields": {"name": "Blades", "code": "BLD", "barcode": "data:image/png;base64,iVBORw0KGgoAAAANSUhEUgAAAZIAAACYCAIAAABBDPh/AAANYklEQVR4nO3dfVBU1R/H8XN1eVA2whyKTKsdS0vKDIccHxoG0gTLHLMsAcHswSIbsKcZtaxmwjKNTJxp0phIei7DUZzRUEsDNWNMRkggLU1QEUdAcAIB9/fHde7sLLuXe3ev+TvL+/XXmb3ne+7hgJ/du/fsqjidTgEA8uhzpScAAOYQWwAkQ2wBkAyxBUAyxBYAyRBbACRDbAGQDLEFQDLEFgDJEFsAJGO7fEMriqK1tY8QqQ+6faLI44Meh/LYx/VEWh+dMT32N1XS/USmjno85PZgj+U6pzY1N4+/i+7n0j/UvY/HQp0H9QfXX4ceOxj5oYzPzeNZfP5Fe5uzwbm5Pdj9kPDp34JOH7eeroMbGc0SvNoCIBliC4BkiC0AkiG2AEiG2AIgGWILgGSILQCSIbYASIbYAiAZYguAZIgtAJIhtgBIhtgCIBliC4BkiC0AkiG2AEiG2AIgGWILgGSILQCSIbYASIbYAiAZYguAZIgtAJIhtgBIhtgCIBliC4BkiC0AkiG2AEiG2AIgGWILgGSILQCSIbYASIbYAiAZYguAZIgtAJIhtgBIhtgCIBliC4BkiC0AkiG2AEiG2AIgGWILgGSILQCSIbYASIbYAiAZYguAZIgtAJIhtgBIhtgCIBliC4BkiC0AkiG2AEiG2AIgGWILgGSILQCSIbYASIbYAiAZYguAZIgtAJIhtgBIhtgCIBliC4BkiC0AkiG2AEiG2AIgGWILgGSILQCSIbYASIbYAiAZYguAZIgtAJJRnE7nlZ4DAJjAqy0AkiG2AEiG2AIgGWILgGSILQCSIbYASIbYAiAZYguAZHp7bN1xxx2KMStWrPA2yLZt29LT02+99Va73X711VePGDEiIyPjt99+M3ve4ODgyMjI0aNHP/vssz/99JPHwq6urv37969evXrWrFmxsbE333yz3W4PDQ0dNGhQUlLSypUrm5qazC7C2bNnIyMjtWmcOXPGW89Tp05t3bp12bJlycnJ0dHRNptNLUlNTe3xLD7X+lboz0L5UzthwgSDf1GKonzyySdu5Y888kiPVa+99pr+igU+Z+8WHR1tcKGWL1/evby1tfWxxx7z2F9RlMzMzK6uLp/PGxcXd/ToUbfCgoIC/aqIiIgvv/zS1CI89dRTriM0NDR47Pbvv/96O2lKSor+KXyu9bnQn4Xyp3b8+PH6ta4KCwvdymfMmNFj1eLFi/XWuhfo7a+2/HHx4sVZs2Z98803Ho86nc4PP/wwMzPT5/F37twZHx9/+vRpU1VNTU3Jyckff/yxwf579uzJy8szPzvpmV0oq2o1AwYMSEpK8meEXovYuiQ3N1c/4F9++WW3kry8vE2bNqntuLi4n3/+uaWl5ezZsxs3bhwxYoT6+OrVq7dv327wvBcuXDh27FheXt7QoUPVo3///feiRYtc+9tstrvuumvevHn5+fl79+49cuTIuXPn2traKisrFy5cGBQUpHbLzMz8888/e/ypu7q6nnvuOafTef/99/fYWVGUqKioyZMnv/rqq1988UVFRcWTTz7ZY5WftT4X+rNQ/tSWlJTo/yF98MEHas/k5OSQkBBv89+0aZO3Ed5++20jKxDITLwyC0TaxVqPseWmo6NjyJAham1cXFxHR4fr0ebmZofDoR4dN26c2fM2NzffeeedaoeQkJDz588bnNXmzZu13+yCBQt67J+TkyOEiIyM3LNnj1bo7SKxu3nz5qklPV4kWljrz0k1ZhfKqlqn06k9pZWVlXU/ql0k6sQWeLXlo9LS0uPHj6vtnJwcm83mejQ8PFx7Sty9e/exY8dMDR4eHv7uu++q7fb29n379hksnDJlyuTJk9X2rl279DufOHHijTfeEEJkZ2dHRESYmqHsTC2UhbUlJSV//PGHEGLkyJGjR482VQsNseUj7Sl32LBhMTEx3Ts8/PDD2iVAUVGR2fFd39k9efKkD4U6NwRVWVlZLS0tMTExxq/1AonxhbKwds2aNWrjiSeeMHtSaIgtH+3fv19tjB071mOH0NBQLc4OHDhgdnyny/egKYpivFDrfO211+p0+/HHH7/77jshxKpVq/r06Y1/BgYXysLaxsZGdc2DgoJSUlLMnhSa3vj3aonq6mq1MWzYMG99tENVVVVmxy8tLdXaUVFRxgvLy8vVhrc8FUK0t7c///zzQoiUlBRTN+wDiZGFsrZ23bp1bW1tQoipU6dGRkbqd87Ly4uNjY2IiOjXr9+QIUOmTp360Ucf6WwH6VWILV84nc66ujq1PWjQIG/dbrjhBrVRW1travxz584tXLhQbQcHB99zzz0GC0+fPq1ekCqKonMZ8s477xw+fNhut7/33numJhYwDC6UtbVr165VG0aqNmzYUFZW1tzc3NbWVltbW1RUlJGR4XA4iouLTc02IBFbl7zwwgs6+5JDQ0NdO6u39tT2VVdd5W1Mu92uNlpbW43MobOz8/jx459++mlMTMzBgwfVB1NTU/v372/wp8jKylKfz9PT00eNGuWxz+HDh5ctWyaEWLx4sU7mBjYjC2VtbUlJSWVlpRAiKirK5+1a9fX1iYmJGzZs8K08YBBbvjh//rzWdks0V/369eve341rXAYFBd14441z5849cuSIevSmm25aunSpwVmtWbPmq6++EkI4HI7333/fW7f58+e3tbXdcsstL774osGRA4zBhbK2VnszPi0trW/fvt66DRw4MC0tbf369QcPHjxz5syFCxfq6uoKCwu1e5cXL16cPXv2iRMnTE070FzhDRhXmsEP94SEhLhWnTp1SjtUVFTkbXBtY2FoaKgP5x0/fvxff/1l8AfZvn27ug0yLCysvLzcWzdtT7/btqBDhw5p5w3sfVsGF8ra2sbGRu057NChQyanfMnKlSu131FWVpZvgwQGXm1dor/dVL0o0ISFhWltt0OutEPan6w+m812zTXXjBo16umnny4uLv7ll1+0Pav69u3bN23atI6OjqCgoPXr148cOdJjt5aWFvUVVlJS0oMPPmhk5ABjcKEsr123bp36bvrYsWNvu+020/MWQgiRmZn5+OOPq+0ffvjBt0ECg63nLugmLCxMUS79X20tLS3eummHdDZz5ubmzp8/35/JlJeXJyYmtra29unT5/PPP9euJrpbsmRJXV1dUFCQ6/N272F8oaytFdZt13rmmWe+/vprIcQ///xTX19/3XXX+TOavHi15QtFUbS7hDrvMmh3G7XOlqusrJw0aVJjY6OiKGvXrp05c6a3nhUVFbm5uUKIrKwsnU0bgcr4QllbK4QoLS1V34zv37+/t+8LMUj7YJAQwuxn7AMJseWj4cOHq42amhpvfbTP2WqdrVVVVXXfffc1NDQIIVatWjV37lydzgcOHOjq6hJCLF++vPut0ttvv13rqX331pYtWy7HtP97phbKwlqV9lJrxowZ4eHhZsu9MbUJOcAQWz66++671cbevXs9dmhvb9d20sfGxlo+gerq6vj4+Pr6eiHEihUr/LzSDGD+LJT/i9zU1KTujBdC+BB53eejtX3Y3B8wiC0fPfDAA2qjurr6999/796hsLBQe0t+ypQp1p69pqYmISFBvaG5dOnSl156ydrxA4Y/C2XJImtvxjscjri4OB9GcJWfn682HA4HsQXTJkyYMHjwYLW9YMGCzs5O16MtLS3aN+cmJCRoX3FjiZqamvj4ePU9tbfeekvbT68vNTVV51apxw0QiYmJFk77v+fbQvlf60rbGT9nzhw/L+sKCgq02Hr00Uf9GUp2xJaPbDabFkw7d+6cOHHirl27Wltbm5qaNm/ePG7cOHXLqKIob775poXndf3n9Prrry9ZssTCwQOJPwtl1SLv3r27oqJCCKEoypw5c3rsP3v27IceeignJ6ekpKSmpqaxsbGzs7OhoWHLli0zZ85MS0tTb14PGDDglVde8W1KAcK6LWBSMv5d8nFxcW61nZ2dPX5KY9GiRfrnNfv1hKYuVRobGw0Oa3C7qcEbYenp6RbW+lboz0JZtchpaWlqn4kTJ/b0G3A6nU7tnQcdISEhO3bsMDJaAOPVlu/69u377bffevs/C4KDg7Ozs7Ozs//jWeH/hLVvxquGDx9eWloaHx9vyWjyYrupX+x2+/fff79169bPPvvs119/PXnypPbVIg6Hw+1/xEGvUlBQoP4xRERETJ8+3UhJfn7+xo0bS0pKKioqamtrm5qa2tvb7XZ7VFTUmDFjpk2bNn369N755WhuLm31hlVqa2vvvffeo0ePCiGio6N37NjRm+/4AJcDyW2xwYMHb9u27frrrxdCVFZWJiQk9ObdzMDlQGxZb+jQocXFxQMHDhRCVFVVFRYWXukZAQGFi8TLpaysLCMjIzc3d8yYMVd6LkBAIbYASIaLRACSIbYASIbYAiAZYguAZIgtAJIhtgBIhtgCIBliC4BkiC0AkiG2AEiG2AIgGWILgGSILQCSIbYASIbYAiAZYguAZIgtAJIhtgBIhtgCIBliC4BkiC0AkiG2AEiG2AIgGWILgGSILQCSIbYASIbYAiAZYguAZIgtAJIhtgBIhtgCIJn/AX932arYCttYAAAAAElFTkSuQmCC", "category": "EQC241112359"}}, {"model": "core.equipment", "pk": "EQP241112429", "fields": {"name": "Retractor", "code": "RTT", "barcode": "data:image/png;base64,iVBORw0KGgoAAAANSUhEUgAAAZIAAACYCAIAAABBDPh/AAANAElEQVR4nO3dfUzV5f/H8esodwaI4bCjyIp5VxJJOLN0DiGLMLe22mqIi6k5m92ItuWwomyimU5E+iN1Wi3MZZSt6RbBvMu7rHGzoACxUEARFblzAQc83z8+v33GD845fM7h6Nn7nOfjr8vzua7rfXGBLz7nfD6cY7JarQoA5Bjh6QUAgHOILQDCEFsAhCG2AAhDbAEQhtgCIAyxBUAYYguAMMQWAGGILQDC+N29qU0mk97W/4RIe3DAXxTZfNDmVDb79C+k93Ewp83+Tg0ZXMipozYPDXhwyOEOSju1Npvfi8G1HB8a3MfmQAcPOp7c8T4YnG3ISQzOZnMGZ39C7H2BQ+6GzZ7Gv4kDOPU9tdmz/wKM1x0mzrYACENsARCG2AIgDLEFQBhiC4AwxBYAYYgtAMIQWwCEIbYACENsARCG2AIgDLEFQBhiC4AwxBYAYYgtAMIQWwCEIbYACENsARCG2AIgDLEFQBhiC4AwxBYAYYgtAMIQWwCEIbYACENsARCG2AIgDLEFQBhiC4AwxBYAYYgtAMIQWwCEIbYACENsARCG2AIgDLEFQBhiC4AwxBYAYYgtAMIQWwCEIbYACENsARCG2AIgDLEFQBhiC4AwxBYAYYgtAMIQWwCEIbYACENsARCG2AIgDLEFQBhiC4AwxBYAYYgtAMIQWwCEIbYACENsARCG2AIgDLEFQBhiC4AwxBYAYYgtAMIQWwCEIbYACENsARCG2AIgDLEFQBhiC4AwxBYAYYgtAMKYrFarp9cAAE7gbAuAMMQWAGGILQDCEFsAhCG2AAhDbAEQhtgCIAyxBUAYX4+tRx991GTMtm3b7E1SXFycnp4+ZcqUkJCQsLCw6dOnr1q16vfff3e2bkBAQERExMyZM19//fVjx47ZHNjX11dSUvLZZ5+lpqbOmjXroYceCgkJCQoKmjBhQkpKyo4dO1pbW53dhJaWloiICH0ZN27csNezqampsLBwy5YtixcvjomJ8fPz04YsWbJkyCouj3VtoKc2yi11L1++nJmZOXv27IiIiICAALPZ/OSTT27cuPHKlSvOrtk7WX1bTEyMwY3aunXr4OGdnZ2vvPKKzf4mk2n16tV9fX0u101ISKirqxsw8Ouvv3Y8asyYMd98841Tm/Daa6/1n+H69es2u/3333/2iqalpTku4fJYlwd6aqOGXzcnJ8ff39/m2NGjR+fn5zu1Zq/k62dbw3Hnzp3U1NRvv/3W5lGr1Zqbm7t69WqX5z9x4kRiYmJzc7NTo1pbWxcvXrxr1y6D/c+ePbt3717nVyeepzbKcd3c3Nw1a9ZYLBabR9vb21999dUffvhh+MuQzdO56WH6WU9eXp6zY3fv3q1vY0JCwvHjxzs6OlpaWn766afp06frh4qLiw3W7enpuXTp0t69eydNmqQPX758ef+BBw4cmDFjxsqVK7/88stz585dvHixvb29q6ursrIyMzNT/y0dGBhYU1Mz5JfQ29s7Y8YMpdSzzz6rV7R3ttXV1WU2m5OTk9999939+/dXVFQsX75cGzLk2ZbLY10e6KmNGk7dhoaGgIAArYPZbN6zZ099fX1PT8+1a9f2798/efJk7dDYsWPb29uHXLMXI7ZcjC2LxRIVFaVnlsVi6X+0ra0tOjpaOzpnzhxn67a1tcXGxuo/37dv3za4qiNHjuj/qdasWTNk/+3btyulIiIizp49O2RsDbZy5UqDseXGscMpqrvHG2Ww7ocffqgdCg0Nra2tHXC0paVl6tSpWofNmzc7W9qb8CTRRadPn66vr9fa27dv9/Pz63909OjRGzdu1Npnzpy5dOmSU5OPHj36k08+0drd3d3nz583OHDhwoXJycla++TJk447X7lyRft/kp2dPWbMGKdWKJ2nNspxXf06zNKlS/ufcWvuv//+TZs2ae3vvvtuOMuQjthykf5rc+rUqfHx8YM7vPjii4GBgVr78OHDzs4/d+5cvX316lUXBjq4IKjJyMjo6OiIj4/Xn3b5FE9tlIO6//77r9aYN2+ezbH6U9TS0tJr164NfzFCEVsuKikp0RpPPfWUzQ5BQUF6nJWVlTk7v7Xf+6CZTCbjA/XO48aNc9Dtl19+0X5j79y5c8QIX/wx8NRGOajb0dGhNeyd04WGhmovflmt1oqKiuEvRihf/Hl1i+rqaq2hv9wwmH6oqqrK2flPnz6tt81ms/GB5eXlWsNeniqluru733jjDaVUWlpa/9M6n+KpjXJQNzQ0VGvYu7ero6Ojp6dHa9fU1LhlPRIRW66wWq2NjY1ae8KECfa6RUZGao2Ghgan5m9vb8/MzNTaAQEBTzzxhMGBzc3N2hNSk8m0dOlSe902b95cW1sbEhLy6aefOrUwr+GpjXJcV7+Mc+bMGZvDi4qK9LYv33pKbP2ft956y8Et8kFBQf07a5f2tLb+G3KwkJAQrdHZ2WlkDb29vfX19V988UV8fPyff/6pPbhkyZL77rvP4FeRkZHR1dWllEpPT4+Li7PZp7a2dsuWLUqp9957z0HmejdPbZTjuvPnz9ca+/btG3wZp62tbf369fo/b9++7ZYlieTZC5keZ/Au+cDAwP6jmpqa9EOHDx+2N3lOTo7WZ9SoUa7VffDBB5uamgx+LfodjNHR0Tdv3rTXTbuSNXny5O7ubv3Bv//+Wy/q9TdA3PuNMlj38uXL+o1dkZGR+/bta2xstFgszc3NBw4cmDJliup3dr9ixQqnqnsTzrbuBatLnzMyd+7cY8eOPfDAA0Y6Hz169M0331RKBQcH//jjj+Hh4Ta7HTx4sLCwUCmVk5Oj39noUzy1UUbqRkVFffzxx1q7sbFx2bJlkZGR/v7+48aNS01NvXDhwvjx4/XU9s0LKRrf/coHcHy7qXZirwsODtbbAw71px8aNWqUkTX4+fmFh4fHxcWtWLGiqKjo119/1V/scOz8+fMvvPCCxWLx9/f//vvvH3vsMZvdOjo61q5dq5RKSUlZtGiRkZm9jKc2ymBdpdS6des2bNhgM5LMZnNhYaHVwKsTXo/YckVwcLB+GVu/aD3YkNez1f+PS4vFcvPmzdLS0t27dy9YsMDgfQ/l5eXPPfdcZ2fniBEj8vPz9bsZB8vKympsbPT399+xY4eRmb2MpzbKeF2llMlkysrK+uuvv95+++3Y2NiwsLCgoKCHH3543bp15eXlsbGx//zzj9YzLCxs+GsTym/oLhjEZDJFRkZq1wcdXNDRrzbqlxTdrrKy8plnnrl165bJZNqzZ8/LL79sr2dFRUVeXp5SKiMjw8FNG97KUxtlvG5/06ZNy83NtTeh1vDBb6KOsy0XTZs2TWs4uH3mwoULAzq7V1VV1dNPP339+nWl1M6dO5ctW+agc1lZWV9fn1Jq69atgy+VPvLII3pP/S2lfv7557ux7HvPUxvlVF0jmpubS0tLtbaDZ5pej9hy0eOPP641zp07Z7NDd3e3fif9rFmz3L6A6urqxMRE7S88tm3bpr3ci8E8tVF3o25+fv6dO3eUUmazmbMtOO3555/XGtXV1fovwP4OHTqkvyS/cOFC91avqalJSkrS7sPYtGnTO++84975vYanNupu1G1padHuI1NKpaam+vKVRO7bcv2NayZOnKiNHfzGNe3t7fpf8CclJbmxrtVqra6u1m/e2bBhg7PDbfLK+7Y8tVF3o25bW5t+M6q/v391dbVbphXKhwN7ePz8/N5//32tfeLEiQULFpw8ebKzs7O1tfXIkSNz5sy5ePGiUspkMn300UdurFtTU5OYmKhdB/jggw+ysrLcOLk38dRGDbNuSUnJ/Pnzd+3aVVZW1tzc3N3dXVdX9/nnn8fFxR0/flzrs3btWl9+hqgUZ1uG30s+ISFhwNje3t6UlBTHo9avX++4rrNnW0493bh165bBaQ2ebdl74/wB0tPT3TjWtYGe2qhh1nX8ySlKqUWLFvX09BhcrbfibMt1I0eOPHjw4EsvvWTzaEBAQHZ2dnZ29j1eFbzVyJEjMzIyCgoK7H1Ahu/gvq1hCQkJKSgoKCws/Oqrr3777berV6/qnzQTHR094INegCHNnDnz1KlTBQUFp06damxsvHHjRnh4eFRUVHJyclpaWv/bL3yZyerSn8vBnoaGhnnz5tXV1SmlYmJijh496vhd6AA4iyeJbjZx4sTi4uLx48crpSorK5OSkpz9xDAAjhFb7jdp0qSioqKxY8cqpaqqqg4dOuTpFQFehSeJd8sff/yxatWqvLy82bNne3otgFchtgAIw5NEAMIQWwCEIbYACENsARCG2AIgDLEFQBhiC4AwxBYAYYgtAMIQWwCEIbYACENsARCG2AIgDLEFQBhiC4AwxBYAYYgtAMIQWwCEIbYACENsARCG2AIgDLEFQBhiC4AwxBYAYYgtAMIQWwCEIbYACENsARCG2AIgDLEFQBhiC4Aw/wPHabTxa5P4kgAAAABJRU5ErkJggg==", "category": "EQC241112359"}}, {"model": "core.equipment", "pk": "EQP241112529", "fields": {"name": "Surgical Loupe", "code": "SLP", "barcode": "data:image/png;base64,iVBORw0KGgoAAAANSUhEUgAAAZIAAACYCAIAAABBDPh/AAAOYElEQVR4nO3de1BUZR8H8GeVm7FclKHWCxWjSUkk4RAlOQhZgFlOWRaCMF4KhyzAphy0KGZEMg1FmilxSBoxu2A4hjMSZGqgZg6XEQoIDeWiXOK2OC3Xff94mjP7wu7Zc5YF++1+P3897nme8zz77Prdc/Y8e1BotVoGAEDHlDs9AAAAeRBbAEAMYgsAiEFsAQAxiC0AIAaxBQDEILYAgBjEFgAQg9gCAGIQWwBAjM3E7VqhUAhl4SdE/MFRvyjS+6DeXemto9uRUEdkn3rry2oytiNZW/VuGvWg0eYiXcsam97XYmxf4pvG1tHbUORB8Z2Lz4Oh5uJPX+/Ipb8KUvqS8iKOGr/R2ZD+Kpjwxpb75mcG5k1kb2aBoy0AIAaxBQDEILYAgBjEFgAQg9gCAGIQWwBADGILAIhBbAEAMYgtACAGsQUAxCC2AIAYxBYAEIPYAgBiEFsAQAxiCwCIQWwBADGILQAgBrEFAMQgtgCAGMQWABCD2AIAYhBbAEAMYgsAiEFsAQAxiC0AIAaxBQDEILYAgBjEFgAQg9gCAGIQWwBADGILAIhBbAEAMYgtACAGsQUAxCC2AIAYxBYAEIPYAgBiEFsAQAxiCwCIQWwBADGILQAgBrEFAMQgtgCAGMQWABCD2AIAYhBbAEAMYgsAiEFsAQAxiC0AIAaxBQDEILYAgBjEFgAQg9gCAGIQWwBADGILAIhBbAEAMYgtACAGsQUAxCC2AIAYxBYAEIPYAgBiEFsAQAxiCwCIQWwBADGILQAgBrEFAMQgtgCAGMQWABCD2AIAYhBbAEAMYgsAiFFotdo7PQYAABlwtAUAxCC2AIAYxBYAEIPYAgBiEFsAQAxiCwCIQWwBADGILQAgxtpj6+GHH1ZIs2fPHkM7KS4ujomJeeCBB5RKpYuLy4IFC+Li4n777Te5/drZ2bm7uy9atGjTpk0///yz3obDw8NlZWWffvppRESEv7///fffr1QqHRwcZs2aFR4evm/fvu7ubrmT0NnZ6e7uLgyjo6PDUM1bt24VFhbu2rVrzZo13t7eNjY2vElUVJTRXkxua1rDcU7USy+9ZPQt8d5775m9X+7GjRtJSUkBAQHu7u52dnYqlerxxx/fsWNHS0uL0bZWQWvdvL29JU7U7t27xzbv6+t75ZVX9NZXKBTx8fHDw8Mm9xsUFNTQ0DCq4eHDh8Vbubq6fvXVV7ImYePGjbp7aG9v11vtn3/+MdRpZGSkeBcmtzW54TgnatWqVeLNGWPbt283e79arXbv3r22trZ62zo7O+fm5oq0tRLWfrQ1HiMjIxEREd98843erVqtNiMjIz4+3uT9nz17Njg4uK2tTVar7u7uNWvWHDhwQGL9CxcuZGdnyx8deXInanL6zcjISExMHBwc1Lu1t7c3Ojr6+++/n8gBUnCnc/MOE456MjMz5bbNysoSpjEoKOjMmTNqtbqzs/PEiRMLFiwQNhUXF0vsd2Bg4Pr169nZ2XPnzhWab9iwQbfh0aNHFy5cGBsbm5OTc/HixatXr/b29mo0murq6qSkJOFT2t7evq6uzuhTGBoaWrhwIWPsmWeeEXo0dLSl0WhUKlVoaOi777575MiRqqqqDRs28CZGj7ZMbmtyw3FOlHC09cMPP4g/NTP229TUZGdnxyuoVKqDBw82NjYODAy0trYeOXJk3rx5fJObm1tvb6+sUVkYxJaJsTU4OOjh4SFk1uDgoO7Wnp4eT09PvnXx4sVy++3p6fHx8RHe37dv35Y4qpMnTwrpk5iYaLR+eno6Y8zd3f3ChQtGY2us2NhYibFlxrbj6VRgdKJMjq3x9PvBBx/wTU5OTvX19aO2dnZ2zp8/n1dIS0sz46jIwUmiiUpLSxsbG3k5PT3dxsZGd6uzs/OOHTt4+fz589evX5e1c2dn548++oiX+/v7L126JLHh8uXLQ0NDefncuXPilVtaWvj/k9TUVFdXV1kjpE7WRE1av8J1mHXr1ukecXPTp0/fuXMnL3/33XcTOcz/OsSWiYSPzfnz5/v5+Y2t8OKLL9rb2/NyQUGB3P0HBgYK5Zs3b5rQUOSCIJeQkKBWq/38/ITTLqsifaImrd+//vqLF5YsWaK3rXAuX15e3traOjEDJACxZaKysjJeeOKJJ/RWcHBwEOKsoqJC7v61OvdBUygU0hsKle+++26Raj/++CP/xN6/f/+UKdb4NpA4UZPZr1qt5gVDB79OTk78yy+tVltVVTVRQ/zPs8b3q1nU1tbygvB1w1jCppqaGrn7Ly0tFcoqlUp6w8rKSl4wlKeMsf7+/jfeeIMxFhkZqXtYZ1WkTBRjLDs729/f39XVddq0aR4eHs8999xnn30msixjPP06OTnxgqG1XWq1emBggJfr6upMHgN1iC1TaLXa5uZmXp41a5aharNnz+aFpqYmWfvv7e1NSkriZTs7u8cee0xiw7a2Nn5CqlAo1q1bZ6haWlpafX29Uqn8+OOPZQ3MYkicKMbY8ePHL1++3NPTo9FompqaCgoK4uLiPD09i4qKzN6vcBnn/PnzepvrdmrNS08RW/968803RdZDOzg46Fbml/Z4WfiEHEupVPJCX1+flDEMDQ01NjYeOnTIz8/vypUr/MGoqKi77rpL4rNISEjQaDSMsZiYGF9fX7116uvrd+3axRjbvn27SOZaNikTJaK1tTUsLOz48ePm7Xfp0qW88MUXX4y9jNPT07Nt2zbhn7dv35bbu8VAbJlC9x0zKtF0TZs2bWz9UXTj0tbW9t57712/fv3Vq1f51vvuu0+4eGRUVlbW0aNHGWOenp6ffPKJoWqbN2/WaDTz5s3bsmWLxD1bGCkT5ebmFh0dfezYsStXrnR0dAwMDDQ3N+fn5wvXAUdGRtauXSvrkMdovxs3buQLu3p6egIDAw8dOtTS0jI0NNTe3v7111/7+/vX1tYKnzQSPwst051df3HHSfxxj729vW6rW7duCZsKCgoM7Xzv3r28joODgwn9BgYGXrt2TeIT+emnn/g73tHRsbKy0lA1YU3/qOVIf/zxh9CvZa/bkjhRIvbt2yfMVUJCgnn7TUtLE3lLzJw5MyUlhZdjY2NNGLxlwNHWv8SXm/IDe4Gjo6NQHrVJl7BJOOwSZ2NjM2PGDF9f39dee62oqOiXX34RvuwQd+nSpZUrVw4ODtra2h47duyRRx7RW02tVvMjrPDw8BUrVkjZs4WROFHi4uPjX331VV6W+Dsb6f1u3bo1JSVF77VdlUpVWFiolfDthMVDbJnC0dFRuIwtXLQey+j1bPb/cTk4OPj333+Xl5dnZWUtW7ZM4rqHysrKsLCwvr6+KVOm5ObmCmcxYyUnJzc3N9va2uoeL1gP6RNl1Ouvv84LN27cMLp+Sla/CoUiOTn5999/f+utt3x8fFxcXBwcHB588MGtW7dWVlb6+Phcu3aN13RxcTF5/NTZGK8CYygUitmzZ/PrgyLfbghXG4VLimZXXV399NNPd3V1KRSKgwcPrl692lDNqqqqzMxMxlhCQoLIog1LJX2ipND9zWlbW9s999xj3n69vLwyMjIM7ZAXrPBFFOBoy0ReXl68ILJ85s8//xxV2bxqamqeeuqp9vZ2xtj+/fvXr18vUrmiomJ4eJgxtnv37rGXSh966CGhpnDvrVOnTk3EsCefrImSS+Sg2Oz9trW1lZeX87JpZ7iWAbFlokcffZQXLl68qLdCf3+/sJLe39/f7AOora0NDg7mZyh79uzZvHmz2buwDBMxUcJiY2Z4kf1E9JubmzsyMsIYU6lUONoC2Z599lleqK2tFT4AdeXn5wtfyS9fvty8vdfV1YWEhPALmjt37nz77bfNu3+LMUETlZOTwwuenp56Y2si+u3s7OQL7hhjERER1vmTLM56n/k4Pfnkk3PmzOHlxMTEoaEh3a1qtVq4Y29ISIhwixuzqKurCw4O5t+ppaSkCOvpxUVFRYlcKtW7ACIsLMyMw558pk2UUYcPHxZi6+WXX56cfnt7e1etWsXvGWlra7tp06bx75MuxJaJbGxshGA6e/bssmXLzp0719fX193dffLkycWLF/MlowqF4sMPPzRjv7r/Jd5///3k5GQz7tySjGei1q5d+/zzz6enp5eUlNTV1XV1dfE1n6dOnVq9enV0dDRfhTB9+vR33nnHjP0yxsrKypYuXXrgwIGKioq2trb+/v6GhobPP//c19f3zJkzvM6WLVus+QyRMSw3lXwv+aCgoFFth4aGwsPDxVtt27ZNvF+5tyeUdbrR1dUlcbcSl5saunH+KDExMWZsa1rD8UyU8A2ACHt7+9OnT499muN8gcT/cgpjbMWKFQMDAwZfSOuAoy3TTZ069dtvvzX0txLs7OxSU1NTU1MneVQwCby8vEpLS4ODgyez06lTpyYkJOTl5Rn6AxnWA+u2xkWpVObl5RUWFn755Ze//vrrzZs3hVuaeHp6jvqLOEBFTk7OiRMnSkpKqqqqmpqauru7+/v7lUqlSqUKCAhYuXLlCy+8MEHfiC9atKikpCQvL6+kpKS5ubmjo2PGjBkeHh6hoaGRkZG661SsmUKrczs6GL+mpqYlS5Y0NDQwxry9vU+fPj3Jd6EDsHg4STSzOXPmFBcXz5w5kzFWXV0dEhIi9y+GAYA4xJb5zZ07t6ioyM3NjTFWU1OTn59/p0cEYFFwkjhRLl++HBcXl5mZGRAQcKfHAmBREFsAQAxOEgGAGMQWABCD2AIAYhBbAEAMYgsAiEFsAQAxiC0AIAaxBQDEILYAgBjEFgAQg9gCAGIQWwBADGILAIhBbAEAMYgtACAGsQUAxCC2AIAYxBYAEIPYAgBiEFsAQAxiCwCIQWwBADGILQAgBrEFAMQgtgCAGMQWABCD2AIAYhBbAEAMYgsAiEFsAQAxiC0AIOZ/2xsCf0KWrBwAAAAASUVORK5CYII=", "category": "EQC241020137"}}, {"model": "core.equipment", "pk": "EQP241112700", "fields": {"name": "Grasping & Holding Instruments", "code": "GHI", "barcode": "data:image/png;base64,iVBORw0KGgoAAAANSUhEUgAAAZIAAACYCAIAAABBDPh/AAAN5klEQVR4nO3df0xV9R/H8XOv/Ep+iBqGZhoaZkJAmDWVxiRLsVwrW80gMa1wQgup1TSxn/hVMXHQH0xrkVBuZsNZbJpM04ScMYMBBYSbphKKkx8XFwjE94+P++zu/jjcX+Y+3Ofjr8847/c5x889vrj3nHMPhqGhIQ0A1GG83TsAAM4htgAohtgCoBhiC4BiiC0AiiG2ACiG2AKgGGILgGKILQCKIbYAKMbn1q3aYDDIsfwKkfihxTeKbP7Q5qps1phvSNborNNmvVMt1htyaqnNRRY/HLZdZ9NO7ZvN18J6W/qLrGtsNur8UH/l+vPg7Nqc3WGdedavsfmaWmzCkbUNO5kWS13ebWcPfv0t3rovDvJuC4BiiC0AiiG2ACiG2AKgGGILgGKILQCKIbYAKIbYAqAYYguAYogtAIohtgAohtgCoBhiC4BiiC0AiiG2ACiG2AKgGGILgGKILQCKIbYAKIbYAqAYYguAYogtAIohtgAohtgCoBhiC4BiiC0AiiG2ACiG2AKgGGILgGKILQCKIbYAKIbYAqAYYguAYogtAIohtgAohtgCoBhiC4BiiC0AiiG2ACiG2AKgGGILgGKILQCKIbYAKIbYAqAYYguAYogtAIohtgAohtgCoBhiC4BiiC0AiiG2ACiG2AKgGGILgGKILQCKIbYAKIbYAqAYYguAYogtAIohtgAohtgCoBhiC4BiiC0AiiG2ACiG2AKgGGILgGKILQCKIbYAKIbYAqAYYguAYogtAIohtgAoxjA0NHS79wEAnMC7LQCKIbYAKIbYAqAYYguAYogtAIohtgAohtgCoBhiC4BivD22oqOjDY7Zvn27vZVUVFSkpaVFRkYGBQWNGTNm1qxZa9eu/fXXX53drp+fX1hY2OzZs9esWXPs2DGbjYODg2fOnPnss8+WL18+Z86ce++9NygoKCAgYNKkScnJyTt37uzs7HR2Eq5duxYWFiZ34+rVq/Yq29raDh8+vHXr1pdeeikqKsrHx0e0pKamDrsVl3tda3RnohISEhw8KgwGw+eff25vPbW1tRkZGTNnzgwODh47dmxMTMyGDRvOnTs3zEy53TvyDXm3qKgoBycqLy/Pur2np+fFF1+0WW8wGN58883BwUGXt5uYmHju3DmLxpKSEv2u0NDQb775xqlJePXVV83X0N7ebrPsn3/+sbfRlJQU/U243OtyozsTNX/+fP1ec2VlZTZXkpub6+PjY10fFBRUWlqqP13u9HoDYsv12BocHFy6dKl+V2ZmpjvbjYiIuHz5snnjsP8bhaKiIgdnoKqqymAwmPd6SWzpTJTjsTV27Nje3l7rNezYsUOny2g0lpeX29tzd3q9BLF1Mz4KCwud7d21a5c8mBITE3/66SeTyXTt2rWDBw/OmjVLLqqoqHBwuzdu3Dh//vwXX3wxffp02b569Wrzxr1798bGxqanpxcXF586ders2bPd3d29vb0NDQ3r16/39fUVXf7+/s3NzcP+EwYGBmJjYzVNe/LJJ+UW7cVWb29veHj4okWL3nnnna+//rq+vn716tWiZdjYcrnX5UbPTpSF/Px80Z6RkWG9tKWlRb5XmjZt2oEDB7q6uq5evfrVV1+NHz9e/DwsLMxkMnm213sQWy7GVn9//z333CMzq7+/33xpV1dXRESEWDpv3jxnt9vV1fXggw/K/1fXr193cK/Ky8tl+qxbt27YevGLPSws7Jdffhk2tqylp6c7GFse7HVno5KzE2VB/lqqrq62Xrpy5Uqx9M4772xtbTVfVFNT4+fnJ5Zu2bLFs73ew9tPybussrLywoULYrxjxw6LMxEhISGffPKJGFdVVZ0/f96plYeEhGzZskWM+/r6Tp8+7WDjkiVLFi1aJMYnTpzQL25tbX3//fc1TcvNzQ0NDXVqD1Xn1ERZOHny5O+//65pWkxMzOzZsy2W9vX17d+/X4xzcnImTpxovjQ2Nvb1118XY+uPse70ehViy0Xy1/WMGTPi4+OtC5577jl/f38x/uGHH5xdv/nplb///tuFRp0LgkJWVpbJZIqPj5cfu7yK4xNlQZ4ceOWVV6yXHj9+vKenR9M0o9Fo81qn7GpoaLC4MuhOr1chtlx05swZMZg7d67NgoCAABlnNTU1zq5/yOw5aBanzPXJ4gkTJuiU/fjjj99++62maQUFBUajNx4GDk6UhY6ODjFvvr6+KSkp1gXV1dViEB0dPW7cOOuCuLi4kJAQi2L3e72KNx6vHtHU1CQGM2bMsFcjFzU2Njq7/srKSjkODw93vLG2tlYM7OWppml9fX0ZGRmapqWkpDh1sX8kcWSirO3Zs6e3t1fTtKVLl4aFhVkXyAMjOjra5hqMRqM8symL3e/1KsSWK4aGhi5duiTGkyZNsld29913i8HFixedWn93d/f69evF2M/P75FHHnGw8cqVK+IDqcFgsPkRRvjf//7X0tISFBS0bds2p3ZsxHBwoqzt3r1bDOx1/fXXX2IwZcoUeyuRF3MsTnq60+tViK2b3njjDZ07oQMCAsyLxaU9MQ4ODra3zqCgIDEQJyyGNTAwcOHChS+//DI+Pr6urk78MDU1dfTo0Q7+K7KyssR7gbS0tLi4OJs1LS0tW7du1TTtvffe08nckc2RibJ28uTJhoYGTdPCw8OTk5Nt1sjXWucqh1xkcWC40+tViC1XXL9+XY4tEs3cHXfcYV1vwTwufX19p0yZsmrVqrNnz4qlU6dO3bx5s4N7tWvXrr1792qaFhER8emnn9ory8zM7O3tve+++7Kzsx1c8wjj4ETZbBSDFStWjBo1ymaNfK3FgTE0NJSdnT1mzJiJEycWFBSIRfLAsIged3q9CrH1Xxhy6e+MzJ8//9ixY3fddZcjxUePHs3MzNQ0LTAw8MCBAzZP6Gqatm/fvsOHD2ualp+fL28C8ioOTpS1zs5OeXeCzudKi9e6ubk5Pz+/u7u7ra0tOzu7v7/fvMbiYos7vV6F2LpJ/3ZT8YFCCgwMlGOLRebkIvkbUp+Pj8+4cePi4uJee+21I0eO/Pzzz/KeVX2nT59+5pln+vv7fX19v/vuu5iYGJtlJpNJvMNKTk5++umnHVnzCOPgRNm0Z88e8U2juXPnzpw5016ZPDMgXv3IyMj09PTg4OAJEyZs27ZN3J0vDwzzA8nNXq9i4+uaGFZgYKDBcPNvtZlMJntlcpHOqYrCwkLxy99ltbW1ixcv7unpMRqNpaWl8i5Ka5s2bbp06ZKvr+/OnTvd2aKiHJ8om/Rv15Jk9IgnTBiNxqKioqKiIvMa+fAJWex+r1fh3ZYrDAaDvErY2tpqr0xebZTFHtfQ0PDEE090dHQYDIbdu3e/8MIL9irr6+sLCws1TcvKytK5aWOkcnyibKqsrBQn40ePHm3vmR+CvAgov0RhTS6aOnWqp3q9CrHlovvvv18Mmpub7dX8+eefFsWe1djY+Pjjj7e3t2uaVlBQsGrVKp3impqawcFBTdPy8vKsL5U+8MADslI+e+vQoUO3Yrf/e05NlE3yrdayZcvkDZ82yde6vr7eZsG///4rvhukWR0Y7vR6FWLLRQ899JAYnDp1ymZBX1+fvJN+zpw5Ht+BpqamBQsWXL58WdO07du3u/lJcwRzf6I6OzvFnfGapg0beQ8//LAY1NfXd3R0WBfU1tZ2dXWJscVXGt3p9SrEloueeuopMWhqavrtt9+sC8rKyuTZ0yVLlnh2683NzUlJSW1tbZqmbd68+a233vLs+kcMj0yUPBkfERGRmJioX5yYmChOlg8ODpaWlloXFBcXi0FUVJTFJRd3er0KseWihISEyZMni/G6desGBgbMl5pMpo0bN4pxUlKSvLPZI5qbmxcsWCDOqX344Yfyfnp9qampOpdK//jjD1kpH1yzePFiD+72f8+1ibIm74xfuXLlsLcd+Pv7P//882L88ccfi8SU6urq5Cl26680utPrVYgtF/n4+MhgOn78+MKFC0+cONHT09PZ2VleXj5v3jxxy6jBYPjggw88uF3z/4o5OTmbNm3y4MpHEk9NVFVVlTjTZDAY5MOw9G3cuFHcjNre3p6QkPD999+L50eWlJQkJSXduHFD07Tx48fb/LjqTq8XcfuJXWpz/KHMiYmJFr0DAwP2vuEhbdiwQX+7zj6e0KmPOR0dHQ6u1ua7LWv6F9GktLQ0D/a61uipiVqxYoWoWbhwoYOTOTQ0lJeXp7M5o9F48ODBW9HrJXi35bpRo0bt27dv2bJlNpf6+fnl5ubm5ub+x3sFD3LqZLy5t99++6OPPrL5BaDAwMDi4mKdv0LgTq+XILbcEhQUtH///kOHDi1fvnzatGnmd8NHRERY/EUcKKekpEScjA8NDX322Wed6s3Jyamurl6zZk1kZGRgYGBISEh0dPS7775bV1f38ssv37peb3DzVm94ysWLFx977DHx5MmoqKijR4869RQ6AMPi3ZaHTZ48uaKiQjwFvKGhISkp6cqVK7d7p4ARhdjyvOnTpx85ckT8eajGxsaysrLbvUfAiMKHxFulurp67dq1hYWFjz766O3eF2BEIbYAKIYPiQAUQ2wBUAyxBUAxxBYAxRBbABRDbAFQDLEFQDHEFgDFEFsAFENsAVAMsQVAMcQWAMUQWwAUQ2wBUAyxBUAxxBYAxRBbABRDbAFQDLEFQDHEFgDFEFsAFENsAVAMsQVAMcQWAMUQWwAUQ2wBUAyxBUAxxBYAxRBbABRDbAFQDLEFQDH/B3DXa9hMGZoSAAAAAElFTkSuQmCC", "category": "EQC241112894"}}, {"model": "core.equipment", "pk": "EQP241112707", "fields": {"name": "Knives", "code": "KNV", "barcode": "data:image/png;base64,iVBORw0KGgoAAAANSUhEUgAAAZIAAACYCAIAAABBDPh/AAAN/ElEQVR4nO3df0xV9R/H8XORX8kPUcPQTEPDTAgIs6bSGGQplmtlqyEEphVObCK1mj+wn/hVMTHoD9NcJJTLbDjLpsk0TNQZMxhQQLhpKpE4+ekCAe/3j087u7s/DudcrrkP9/n46zM+78/5HD/3+uLcc849mMxmswIA8vC43TsAAMYQWwAkQ2wBkAyxBUAyxBYAyRBbACRDbAGQDLEFQDLEFgDJEFsAJON56zZtMpnUtvoVIvFDq28U2f2h3U3ZrbGcSK3R2KbdekNDbCcy1Gu3y+qHAw7XmNrQvtl9LWzn0u6yrbE7UOOH2hvXXgejWzO6wxrrrF3jxIvo3NvGas+1v7FnWWPoNdXYf6PLPkgcbQGQDLEFQDLEFgDJEFsAJENsAZAMsQVAMsQWAMkQWwAkQ2wBkAyxBUAyxBYAyRBbACRDbAGQDLEFQDLEFgDJEFsAJENsAZAMsQVAMsQWAMkQWwAkQ2wBkAyxBUAyxBYAyRBbACRDbAGQDLEFQDLEFgDJEFsAJENsAZAMsQVAMsQWAMkQWwAkQ2wBkAyxBUAyxBYAyRBbACRDbAGQDLEFQDLEFgDJEFsAJENsAZAMsQVAMsQWAMkQWwAkQ2wBkAyxBUAyxBYAyRBbACRDbAGQDLEFQDLEFgDJEFsAJENsAZAMsQVAMsQWAMkQWwAkQ2wBkAyxBUAyxBYAyRBbACRDbAGQDLEFQDLEFgDJEFsAJENsAZAMsQVAMsQWAMkQWwAkQ2wBkAyxBUAyxBYAyZjMZvPt3gcAMICjLQCSIbYASIbYAiAZYguAZIgtAJIhtgBIhtgCIBliC4Bk3D22IiIiTPps2bLF0UZKS0vT0tLCwsL8/f1HjBgxbdq05cuX//LLL0bn9fb2Dg4Onj59+rJly44dO2Z3YH9//9mzZz/55JOkpKQZM2bce++9/v7+vr6+48aNS0xM3LZtW1tbm9FFuHbtWnBwsLobV69edVTZ3Nx8+PDhTZs2LVq0KDw83NPTUwxJSUkZcBanxzo3cDALFRsbq/NdYTKZPvvsM0fbqaqqysjImDp1akBAwMiRIyMjI9esWXP+/PlbPe/QZ3Zv4eHhOhcqNzfXdnhXV9eLL75ot95kMq1cubK/v9/peePi4s6fP281sKioSHtUUFDQV199ZWgRXnnlFcsttLS02C37559/HE2anJysPYXTY50eOJiFmj17tvZYSyUlJXY3kpOT4+npaVvv7+9fXFx86+Z1B+5+tDUYN2/eTEpK+vrrr+32ms3mjz/+eOXKlU5vv6ysLD4+/sqVK4ZGtbW1LVq06NNPP9VZf+rUqV27dhnfO+kZXSi7Ro4cmZiYaPvzvLy8tWvX9vX12XZ1dXWlpqb+8MMPt2Jed3G7c/M2U496CgoKjI7dsWOHuoxxcXE//fRTZ2fntWvXDhw4MG3aNLWrtLRU57w3bty4cOHCrl27Jk+erA5funSp5cA9e/ZERUWlp6cXFhaePn363LlzHR0d3d3dtbW1q1ev9vLyEqN8fHwaGhoG/Cf09fVFRUUpivLkk0+qMzo62uru7g4JCZk7d+5bb7315Zdf1tTULF26VAwZ8GjL6bFOD3TtQlnJy8sTwzMyMmx7Gxsb1eOsSZMm7d+/v729/erVq1988cXo0aPFz4ODgzs7O107r/sgtpyMrd7e3nvuuUfNrN7eXsve9vb20NBQ0Ttr1iyj87a3tz/44IPq/6vr16/r3KuDBw+q6bNq1aoB67du3Sr+C506dWrA2LKVnp6uM7ZcOHYwk6qMLpQV9ddSRUWFbe/ixYtF75133tnU1GTZVVlZ6e3tLXo3btzo2nndBx8SnVReXn7x4kXR3rp1q9VZjMDAwA8//FC0T548eeHCBUMbDwwM3Lhxo2j39PScOXNG58D58+fPnTtXtI8fP65d3NTU9M477yiKkpOTExQUZGgPZWdooaycOHHit99+UxQlMjJy+vTpVr09PT379u0T7ezs7LFjx1r2RkVFvfbaa6I94Nk3Q/O6FWLLSeqv6ylTpsTExNgWPPfccz4+PqL9/fffG92+5dnZv/76y4mBGhcEhczMzM7OzpiYGPVjl1vRv1BW1JMDL7/8sm1vWVlZV1eXoigeHh52r3Wqo2prazWuKhqd160QW046e/asaMycOdNuga+vrxpnlZWVRrdvtngOmslk0j9QLR4zZoxG2Y8//vjNN98oipKfn+/h4Y5vA50LZaW1tVWsm5eXV3Jysm1BRUWFaERERIwaNcq2IDo6OjAw0Kp48PO6FXd8v7pEfX29aEyZMsVRjdpVV1dndPvl5eVqOyQkRP/Aqqoq0XCUp4qi9PT0ZGRkKIqSnJxs6KL7UKJnoWzt3r27u7tbUZQFCxYEBwfbFqhvjIiICLtb8PDwUM9sqsWDn9etEFvOMJvNly9fFu1x48Y5Krv77rtF49KlS4a239HRsXr1atH29vZ+5JFHdA68cuWK+EBqMpk0Pkr873//a2xs9Pf337x5s6EdGzJ0LpStnTt3ioajUX/++adoTJgwwdFG1Is5+k96DjivWyG2/vX6669r3JHs6+trWSwu7Yl2QECAo236+/uLhjjZMaC+vr6LFy9+/vnnMTEx1dXV4ocpKSnDhw/X+a/IzMwUv5PT0tKio6Pt1jQ2Nm7atElRlLVr12pk7tCmZ6FsnThxora2VlGUkJAQR7dNqa+1xlUOtUvnG0PPvG6F2HLG9evX1bZVolm64447bOutWMall5fXhAkTlixZcu7cOdE7ceLEDRs26NyrHTt27NmzR1GU0NDQjz76yFHZihUruru777vvvqysLJ1bHmJ0LpTdgaKRmpo6bNgwuzXqay3eGGazOSsra8SIEWPHjs3Pzxdd6htDZ2zpmdetEFv/BbNTf2dk9uzZx44du+uuu/QUHz16dMWKFYqi+Pn57d+/3+7JYEVR9u7de/jwYUVR8vLy1BuI3IrOhbLV1tam3tmg8UnN6rVuaGjIy8vr6Ohobm7Oysrq7e21rNFzsUXnvG6F2PqX9u2m4gOFys/PT21bdVlSu9Tfrto8PT1HjRoVHR396quvHjly5Oeff1bvWdV25syZZ555pre318vL69tvv42MjLRb1tnZKY6wEhMTn376aT1bHmJ0LpRdu3fvFl+QnDlz5tSpUx2VqWcGxKsfFhaWnp4eEBAwZsyYzZs3i7vz1TeG5RtpkPO6FTtf9cSA/Pz8TKZ//1ZbZ2enozK1S+M0R0FBgfjl77Sqqqp58+Z1dXV5eHgUFxerd1HaWr9+/eXLl728vLZt2zaYGSWlf6Hs0nnblBpb4gkTHh4e27dv3759u2WN+vAJtXjw87oVjracYTKZ1KuETU1NjsrUq41qscvV1tY+8cQTra2tJpNp586dL7zwgqPKmpqagoICRVEyMzM1btoYqvQvlF3l5eXipPjw4cMdPfNDUC8gql+isKV2TZw40VXzuhViy0n333+/aDQ0NDiq+eOPP6yKXauuru7xxx9vaWlRFCU/P3/JkiUaxZWVlf39/Yqi5Obm2l4qfeCBB9RK9dlbhw4duhW7/d8ztFB2qYc8CxcuVG8WtUt9rWtqauwW3Lx5U3xHR9HxxtA/r1shtpz00EMPicbp06ftFvT09Kh30s+YMcPlO1BfXx8fH//3338rirJly5ZBftIcwga/UG1tbeIOdUVRBoy8hx9+WDRqampaW1ttC6qqqtrb20Vb+6uFhuZ1K8SWk5566inRqK+v//XXX20LSkpK1DOv8+fPd+3sDQ0NCQkJzc3NiqJs2LDhjTfecO32hwyXLJR6Ujw0NDQuLk67OC4uTpxo7+/vLy4uti0oLCwUjfDwcO1LLobmdSvElpNiY2PHjx8v2qtWrbJ6IFxnZ+e6detEOyEhQb0r2iUaGhri4+PFObX33ntPvZ9eW0pKisal0t9//12tVB9cM2/ePBfu9n/PuYWypd6hvnjx4gFvWfDx8Xn++edF+4MPPhCJqaqurlZPzw/41UJD87oVYstJnp6eajCVlZXNmTPn+PHjXV1dbW1tBw8enDVrlrhl1GQyvfvuuy6c1/K/YnZ29vr161248aHEVQt18uRJcZbKZDKpD9LStm7dOnFTaEtLS2xs7HfffSeeH1lUVJSQkHDjxg1FUUaPHq39cdWJed2IKx7aJTH9z5KPi4uzGtvX1zfgNy3WrFmjPa/RxxMa+pjT2tqqc7N2j7Zs6byYlZaW5sKxzg101UKlpqaKmjlz5uhcTLPZnJubqzGdh4fHgQMHtLfg3LxugqMt5w0bNmzv3r0LFy602+vt7Z2Tk5OTk/Mf7xVcyOmT4m+++eb7779v94s4fn5+hYWFCxYsuBXzuglia1D8/f337dt36NChpKSkSZMmWd4NHxoaavUXcSCdoqIicVI8KCjo2WefNTQ2Ozu7oqJi2bJlYWFhfn5+gYGBERERb7/9dnV19UsvvXTr5nUH/97qDVe5dOnSY489Jp5aGR4efvToUUNPoQMwII62XGz8+PGlpaXiCeK1tbUJCQlG/2IYAG3ElutNnjz5yJEj4k9L1dXVlZSU3O49AoYUPiTeKhUVFcuXLy8oKHj00Udv974AQwqxBUAyfEgEIBliC4BkiC0AkiG2AEiG2AIgGWILgGSILQCSIbYASIbYAiAZYguAZIgtAJIhtgBIhtgCIBliC4BkiC0AkiG2AEiG2AIgGWILgGSILQCSIbYASIbYAiAZYguAZIgtAJIhtgBIhtgCIBliC4BkiC0AkiG2AEiG2AIgGWILgGSILQCS+T+dPzMfGcThogAAAABJRU5ErkJggg==", "category": "EQC241112359"}}, {"model": "core.equipment", "pk": "EQP241112745", "fields": {"name": "Scissors and saws", "code": "SCS", "barcode": "data:image/png;base64,iVBORw0KGgoAAAANSUhEUgAAAZIAAACYCAIAAABBDPh/AAANfUlEQVR4nO3dfVBU1R/H8XOVBZSNUIYi0mrH0hIzwyHHh4aBLMEyU8sSEcweLLIBe5pRy2omLMPQxJlGjQmlR9NgfJiBMEwDNWNMRyggnTRBRRxZBCcQcH9/XOcOw+7evbss+TvL+/XXGe73nHv4op/du3tZFJvNJgBAHv2u9wYAwD3EFgDJEFsAJENsAZAMsQVAMsQWAMkQWwAkQ2wBkAyxBUAyxBYAyfj13tKKomhj7VeI1C92+40ih190uJTDmq4n0mp01nRY79YU+xO5ddThoW5fdDld59Ru7c3hz8L+XPqH7GscTtT5ov7i+n1wdgpne9M5hfGfQrd1PP5BO5zSbcNe+U71V9NZ08g/QiM/RC/i2RYAyRBbACRDbAGQDLEFQDLEFgDJEFsAJENsAZAMsQVAMsQWAMkQWwAkQ2wBkAyxBUAyxBYAyRBbACRDbAGQDLEFQDLEFgDJEFsAJENsAZAMsQVAMsQWAMkQWwAkQ2wBkAyxBUAyxBYAyRBbACRDbAGQDLEFQDLEFgDJEFsAJENsAZAMsQVAMsQWAMkQWwAkQ2wBkAyxBUAyxBYAyRBbACRDbAGQDLEFQDLEFgDJEFsAJENsAZAMsQVAMsQWAMkQWwAkQ2wBkAyxBUAyxBYAyRBbACRDbAGQDLEFQDLEFgDJEFsAJENsAZAMsQVAMsQWAMkQWwAkQ2wBkAyxBUAyxBYAyRBbACRDbAGQDLEFQDLEFgDJEFsAJENsAZAMsQVAMsQWAMkQWwAkQ2wBkIxis9mu9x4AwA082wIgGWILgGSILQCSIbYASIbYAiAZYguAZIgtAJIhtgBIpq/H1qhRoxRjVq1a5WyR3bt3p6Sk3HXXXWaz+cYbbxw5cmRqaupvv/3m7nn9/f3DwsLGjh370ksv7dmzx+HEzs7Ow4cPr1u3bs6cOdHR0XfccYfZbA4MDIyIiEhISFizZo3VanW3CRcvXgwLC9O2ceHCBWeV586dKyoqWrlyZWJiYmRkpJ+fnzolKSnJ5Vk8nuvZxJ40atKkSQb/VSiK8vnnn7v83oXhJj/55JMuz/j2228bOaMvs/VtkZGRBhuVmZlpP72lpeXpp592WK8oSlpaWmdnp8fnjYmJOXnyZLeJeXl5+rNCQkK+/vprt5rw/PPPd12hoaHBYdm///7r7KRz587VP4XHcz2e2JNGTZw4UX9uV/n5+frfu8pgk2fNmuXyjMuWLTNyRh/W159t9cTVq1fnzJnz3XffOTxqs9k+/fTTtLQ0j9ffu3dvbGzs+fPn3ZpltVoTExPXr19vsP7AgQM5OTnu70567jbKoUGDBiUkJLgs67NN7iXE1jXZ2dn6Af/GG290m5KTk7Njxw51HBMT8/PPPzc3N1+8eHH79u0jR45Uv75u3bqffvrJ4HmvXLly6tSpnJycYcOGqUf//vvvpUuXdq338/O77777Fi5cmJube/DgwRMnTly6dKm1tbWysnLJkiUmk0ktS0tL++uvv1x+152dnS+//LLNZnvkkUdcFiuKEh4ePmXKlLfeeuurr76qqKh47rnnXM7q4VyPJ/akUaWlpfr/GFavXq1WJiYmBgQE6O/ErSZrduzY4ezsH3zwgfF1fJPxJ2Y+SbtYcxlb3bS3tw8dOlSdGxMT097e3vVoU1OTxWJRj06YMMHd8zY1Nd17771qQUBAwOXLlw3uateuXdpPdvHixS7rs7KyhBBhYWEHDhzQJjq7frG3cOFCdYrLi0Qvzu3JSTXuNqob7WGpvLzcZbFbTdYuEnViCzzb8lBZWdnp06fVcVZWlp+fX9ejwcHB2kPi/v37T5065dbiwcHBH330kTpua2s7dOiQwYlTp06dMmWKOt63b59+8ZkzZ959910hREZGRkhIiFs7lJ1bjeqmtLT0jz/+EEKMHj167Nix+sV9ucm9h9jykPZwPXz48KioKPuCmTNnapcPO3fudHf9rq8Knz171oOJOm8IqtLT05ubm6Oiooxf6/kS443qZsOGDerg2WefdVncx5vcS4gtDx0+fFgdjB8/3mFBYGCgFmdHjhxxd31bl89BUxTF+ESt+KabbtIp+/HHH7///nshxNq1a/v164v/DAw2qpvGxka1byaTae7cufrFNLmX0EoPVVdXq4Phw4c7q9EOVVVVubt+WVmZNg4PDzc+8ejRo+rAWZ4KIdra2l555RUhxNy5c916s9+XGGmUvc2bN7e2tgohpk2bFhYWplPZwybn5ORER0eHhIQMGDBg6NCh06ZN++yzz3RuB+lTiC1P2Gy2uro6dRwREeGs7NZbb1UHtbW1bq1/6dKlJUuWqGN/f/8HHnjA4MTz58+rF6SKouhcwnz44YfHjx83m80ff/yxWxvzGQYbZW/jxo3qwOWsHja5oKCgvLy8qamptbW1trZ2586dqampFouluLjYg9V8DLF1zauvvqpzX3JgYGDXYvWtPXV8ww03OFvTbDarg5aWFiN76OjoOH369BdffBEVFXXs2DH1i0lJSQMHDjT4XaSnp6vPBVJSUsaMGeOw5vjx4ytXrhRCLFu2TCdzfZuRRtkrLS2trKwUQoSHh+vfrtVLTa6vr4+Pjy8oKPDWgpIitjxx+fJlbdwt0boaMGCAfX03XePSZDLddtttCxYsOHHihHr09ttvX7FihcFdbdiw4ZtvvhFCWCyWTz75xFnZokWLWltb77zzztdee83gyj7GYKMcTlQHycnJ/fv316n0uMmhoaHJycnbtm07duzYhQsXrly5UldXl5+fr73vefXq1Xnz5p05c8atZX0MsfVfsHn0d0YmTpy4Z8+em2++2UhxSUnJokWLhBBBQUEFBQWDBw92WLZly5aioiIhxOrVq/39/T3YlewMNsqe1WrdunWrOta/QuxJk9evX79p06aZM2eOGjUqNDTUZDJFREQ88cQThYWFa9asUWtaWloyMzPdWtbHEFvX6N9uql5QaIKCgrRxt0NdaYe0p136/Pz8Bg8ePGbMmBdeeKG4uPiXX37R7lnVd+jQoenTp7e3t5tMpm3bto0ePdphWXNzs/rgn5CQ8NhjjxlZ2ccYbJRDmzdvVl8RHz9+/N133+2srPeanJaW9swzz6jjH374wYsrS8fPdQnsBAUFKcq1v9XW3NzsrEw7pHOfYXZ2tvrg77GjR4/Gx8e3tLT069fvyy+/1K4m7C1fvryurs5kMmmP232K8UY5ZPB2rV5t8osvvvjtt98KIf7555/6+nqDz8R9D8+2PKEoivYuoc6rDNq7jVqx11VWVj788MONjY2KomzcuHH27NnOKisqKrKzs4UQ6enpOjdt+CrjjXKorKxMfTF+4MCBzj7zQ/R+k7VfKhJCuPs79r6E2PLQiBEj1EFNTY2zGu13dLVi76qqqnrooYcaGhqEEGvXrl2wYIFO8ZEjRzo7O4UQmZmZ9m+V3nPPPVql9rFQhYWFvbHt/55bjXJIe6o1a9as4OBgZ2X/ZZPdugnZxxBbHrr//vvVwcGDBx0WtLW1aXfSR0dHe30D1dXVsbGx9fX1QohVq1b18ErTh/W8UVarVb3ZXQjhQeR5kXaTs3Dz5n4fQ2x56NFHH1UH1dXVv//+u31Bfn6+9pL81KlTvXv2mpqauLi4c+fOCSFWrFjx+uuve3d9n+GVRmkvxlsslpiYGC9v0R25ubnqwGKxEFtw26RJk4YMGaKOFy9e3NHR0fVoc3Oz9sm5cXFx2kfceEVNTU1sbKz6mtr777+v3U+vLykpSeet0j///FOr1D5TJT4+3ovb/u951ih72p3x8+fP178069Um5+XlabH11FNPefKd+Apiy0N+fn5aMO3du3fy5Mn79u1raWmxWq27du2aMGGCesuooijvvfeeF8/b9b/iO++8s3z5ci8u7ku81aj9+/dXVFQIIRRFmT9/vhd3aG/evHmPP/54VlZWaWlpTU1NY2NjR0dHQ0NDYWHh7Nmzk5OT1TevBw0a9Oabb/bqTv7fGf5kLt9k/LPkY2Jius3t6Ohw+YG8S5cu1T+vux9P6NZlTmNjo8FlHT4RsKfzJlpXKSkpXpzr2URvNSo5OVmtmTx5ssFmOuOyydorDzoCAgJKSkp6uBPZ8WzLc/3799+yZYuzv1ng7++fkZGRkZHxH+8KXvT/82K8asSIEWVlZbGxsdd7I9cZt5v2iNls3rp1a1FR0aZNm3799dezZ89qHy1isVi6/bEWSCcvL0/9gYaEhMyYMaO3T5ebm7t9+/bS0tKKiora2lqr1drW1mY2m8PDw8eNGzd9+vQZM2bwuV1CiGu3esNbamtrH3zwwZMnTwohIiMjS0pK+vI7PkBvILm9bMiQIbt3777llluEEJWVlXFxcX35bmagNxBb3jds2LDi4uLQ0FAhRFVVVX5+/vXeEeBTuEjsLeXl5ampqdnZ2ePGjbveewF8CrEFQDJcJAKQDLEFQDLEFgDJEFsAJENsAZAMsQVAMsQWAMkQWwAkQ2wBkAyxBUAyxBYAyRBbACRDbAGQDLEFQDLEFgDJEFsAJENsAZAMsQVAMsQWAMkQWwAkQ2wBkAyxBUAyxBYAyRBbACRDbAGQDLEFQDLEFgDJEFsAJENsAZAMsQVAMsQWAMn8D7WgQrlTtMm3AAAAAElFTkSuQmCC", "category": "EQC241112894"}}, {"model": "core.equipment", "pk": "EQP241112860", "fields": {"name": "Forceps and clamps", "code": "FCC", "barcode": "data:image/png;base64,iVBORw0KGgoAAAANSUhEUgAAAZIAAACYCAIAAABBDPh/AAARH0lEQVR4nO3de1BUZR8H8GcXWKhdLorgXUHwkqxyMStvQ6KmYE2jpY6XorS84CXERscLQcaaiHdqIp2S1HQ0TTNtNEjFvKAhwQAGK5amEF5pd3FkYRfePx7nmTN7Oewua77P8v389cye53fO4eHw3XNH0tzcTAAA+CF92isAAGAfxBYAcAaxBQCcQWwBAGcQWwDAGcQWAHAGsQUAnEFsAQBnEFsAwBnEFgBwxv3JzVoikbA2e4SIfmjyRJHFDy3OymIf4YJYH5F5WuxvV4n5guyaanGSyYctloss2q51s/i7MF+W+CTzPhYLRT4Un7n4OFjrYNLTWesmPnN7l2vL3GxfYYtVzvqdiszcll+iE2FvCwA4g9gCAM4gtgCAM4gtAOAMYgsAOIPYAgDOILYAgDOILQDgDGILADiD2AIAziC2AIAziC0A4AxiCwA4g9gCAM4gtgCAM4gtAOAMYgsAOIPYAgDOILYAgDOILQDgDGILADiD2AIAziC2AIAziC0A4AxiCwA4g9gCAM4gtgCAM4gtAOAMYgsAOIPYAgDOILYAgDOILQDgDGILADiD2AIAziC2AIAziC0A4AxiCwA4g9gCAM4gtgCAM4gtAOAMYgsAOIPYAgDOILYAgDOILQDgDGILADiD2AIAziC2AIAziC0A4AxiCwA4g9gCAM4gtgCAM4gtAOAMYgsAOIPYAgDOILYAgDOILQDgDGILADiD2AIAziC2AIAziC0A4AxiCwA4g9gCAM4gtgCAM4gtAOAMYgsAOIPYAgDOILYAgDOILQDgDGILADiD2AIAziC2AIAzkubm5qe9DgAAdsDeFgBwBrEFAJxBbAEAZxBbAMAZxBYAcAaxBQCcQWwBAGcQWwDAmbYeW0qlUmKb9evXW5tJbm5ufHx87969FQqFr69v//79ExISfvvtN3uXK5PJAgICBg0aNHfu3FOnTlksNBqNhYWFn3322dSpUwcPHhwUFKRQKLy8vLp06RIbG7t58+Z///3X3kF48OBBQEAAW4179+5Z61lTU3PixIn09PRp06aFhYW5u7vTkhkzZrS4FIdrHSt0ykDV1dV98cUXcXFxXbt29fLyksvlQUFBEydO3Lt3b2NjY4vlhJBTp04lJCQolUp/f38PD4/AwMCXX345PT396tWr4oXFxcXz58/v16+ft7d3u3btBg4cuGLFiuvXr9uyUNfX3LaFhYXZOFAZGRnm5XV1dVOmTLHYXyKRfPDBB0aj0eHlRkdHX79+3aRw165d4lV+fn579uyxaxDee+894Rzu3r1rsdujR4+sLXT69Onii3C41uHC1g9UXl5et27drJUrlcorV66IlFdVVY0fP95auaenp0itSqVyd3c3r1IoFLt37xYpbCMQW47HltFofO2118SrFixY0JrlBgcH3759W1jY4l8jlZWVZeMInD9/XiKRCGvbSGyJD9Tly5efffZZ8dpOnTrdunXLYnl1dXVoaKhIrUhsbdy4UaRQKpUeO3ZM5AdvCxBbj+MjMzPT3tpt27axjSk6Ovr06dM6ne7BgwdHjhzp378/m5Sbm2vjchsaGm7cuPHVV1+FhISw8lmzZgkL9+7dGx4ePmfOnOzs7Pz8/GvXrmm12vr6+rKysuXLl3t4eLC/CrVa3eKPYDAYwsPDCSGvvPIKW6K12Kqvr+/UqdPYsWOXLl367bfflpaWzpo1i5a0GFsO1zpc2MqBGjJkCIuJmTNnXr58WaPR3Lt379y5cxMmTGBj9fbbb5vXNjU1DR8+nPUZMWLEwYMHq6urGxoaHjx4kJ+fn5KSEhERYXG1Kysr2X5Wr169Dh8+TJf7zTff+Pv7088DAgJ0Op3oeLs4xJaDsdXY2Ni9e3eWWY2NjcKpGo0mODiYTh06dKi9y9VoNAMGDGB/Vw8fPrRxrY4dO8b+WhYvXtxif/rFHhAQcOHChRZjy9ycOXNsjC0n1rZmoYz4QAlPIalUKvNyFp0KhUKv15tMFe7oLVmyxNqJAoveeecdWtihQ4fq6mrhpKKiIplMRqeuXbvW9nm6nrZ+St5h586du3nzJm1v3LjR5EyEj49PWloabZ8/f/7GjRt2zdzHx2ft2rW0rdfrL126ZGNhXFzc2LFjafvMmTPinaurq1NSUgghKpXKz8/PrjXknfhAlZeX04abm9vChQvNyxctWkQbdXV1VVVVJlO3bNlCG2PGjMnIyJBKbf0r0+v1Bw4coO3k5OTOnTsLp4aHh8+ePZu2bTwEdlWILQexr+s+ffpERUWZd5g4caKnpydtHz161N75Dxs2jLX/+ecfBwpFLghSiYmJOp0uKiqK7Tu0KSIDxa4S+vn5eXt7m9eyHW1CSENDg3CSWq0uKCig7fT0dJPzhuLy8vLq6uoIIVKp1OJ10nfffZc2ysrK2vJVRcSWgwoLC2mDnQQx4eXlxeKsqKjI3vk3C96DZtemzzoHBgaKdPv555+/++47QsjWrVtt3x1wJSID1a9fP9rQaDQPHz40r2V7WJ6enkFBQcJJeXl5tDFgwIDIyEi7VonlnVKpbN++vXmHiIgIHx8fk85tUFvcXp2ioqKCNvr06WOtD5vEDjpsd+7cOdbu1KmT7YXFxcW0YS1PCSF6vX7+/PmEkOnTpwt369oUkYEKDQ196aWXCCEGgyErK8u89vPPP6eNyZMns31qk9myg1DbsY1KqVRa7CCVStlZUda5DUJsOaK5uZl933bp0sVat65du9LGrVu37Jq/Vqtdvnw5bctkshdeeMHGwjt37tADUolEwg4ozH366aeVlZUKhWLdunV2rZjLaHGgtm/f3qFDB0LIsmXL5s2bV1RURC8TX7hwYdKkSTTLQkJCMjIyTArZfaQ0X8rKyuLj43v16uXp6RkYGDhixIi0tLT79+9bXKu///6bNnr06GFtzdnxqb0nTF0JYuuxhQsXitwi7+XlJexML+3RtsVzH5RCoaANesKiRQaD4ebNmzt27IiKiiopKaEfzpgxo8UbiJjExMT6+npCSHx8fEREhMU+lZWV6enphJCVK1eKZK5ra3GglErlxYsXhwwZYjQas7KyIiMjfXx8/P39hw4deuDAAYlEMn78+Pz8/I4dO5oUajQa2ggJCdm3b19kZOTOnTv/+uuvhoaGu3fvnj17Njk5OSQk5McffzRfKNtORK6QsEk2blQuCbHlCOH5DpNEE3rmmWfM+5sQxqWHh0ePHj1mzpx57do1OrVnz55r1qyxca22bdu2d+9eQkhwcPCGDRusdVuwYEF9fX1oaGhSUpKNc3YxNg4UvW2KXbxj3N3dV6xYsWfPHro7ZkKn09FGRUXFtGnTLD4DpNFoJkyYwM6CMWw7oRtVc3NzUlKSr69v586dt27dSiexjQqxBU9Ws0P/Z2TYsGGnTp0y/z636OTJkwsWLCCEyOXyw4cPWzyhSwjZv3//iRMnCCGbNm1iNwG1KTYOVFNTU0pKSo8ePYQ3FVMGg0GlUnXv3t3iaa+mpibaSE1NbWpqiomJycnJ0Wg0er2+vLw8JSWFDrvRaJw9ezbrTJlsJ2q1etOmTVqttqamJikpiSYg62PXhRoXg9h6TPx2U3pAwcjlctY2mSTEJrFvSHHu7u7t27ePiIh4//33c3Jyfv31V3bPqrhLly69/vrrjY2NHh4eBw8eHDhwoMVuOp2O7mHFxsa++uqrtszZxdg4UISQhISE1atX6/V6hUKhUqnKy8vr6+sfPnxYWFiYmJjo5uam1WrnzZtnfnKQbRtVVVVTpkzJyckZPXq0j4+PTCbr27dvamoq3dEjhKjV6tzcXGEtO6tAt5zevXvPmTPH29s7MDBw3bp19M5+tlEJN8K2xsLjmtAiuVwukTz+X23soMAcmyRyqiIzM5N++TusuLh43LhxdXV1Uql09+7dIhewPvroo6qqKg8Pj82bN7dmiZyyfaDy8vK+/PJLQohMJjt9+vSgQYPYpMjIyMjIyKFDh06ePJkQsmrVqkmTJgm/XViauLu7b9myxfzmkokTJ0ZFRdEbaPLy8oSPVbHYom+nkEqlWVlZJvt07MUVrHMbhL0tR0gkEnaVsLq62lo3drWRdXa6srKyMWPG1NbWSiSS7du3078li0pLSzMzMwkhiYmJIjdtuCrbB4oQsmPHDtqYOnWqMLOYSZMm0dsmGhsbd+/eLZzErnKEh4dbO8BnTyya3DLKLiCyBzDMsUk9e/YU+RFcG2LLQX379qUNtVptrQ+7Fs46O1d5efmoUaPu3r1LCNm6devMmTNFOhcVFRmNRkJIRkaG+aXS5557jvVk7946fvz4k1jt/55dA0UE9xKL3Hry4osv0obJvcTsK8HiCXuqXbt2tKHVaoWfs+2ktLTUYmFTU9OVK1dMOrdBiC0HsRug8/PzLXbQ6/Vs6x88eLDTV6CiomLkyJG3b98mhKxfv76VR5ouzIGBYkf3tlxLMTlLwM6XiTxcVVtbSxu+vr7Cz59//nnaKC0tZX2EiouL2Q0WFncD2wjEloPYG+AqKip+//138w6HDh1iZ0/j4uKcu3S1Wh0TE1NTU0MIWbNmzZIlS5w7f5fh2ECxV8RY+04ihLDn2032qkaPHk2fqy8uLqZZae7s2bO0YXLJJTo6mp4aMxqNJseeVHZ2Nm2EhYXZeLnGJSG2HDR8+HD26svFixcbDAbhVJ1Ot2rVKtqOiYkRPnnbemq1euTIkfSc2scff8zupxc3Y8YMkUulf/zxB+vJXlwzbtw4J672f8+xgSKCY8N9+/ZZfP3GDz/8cP78edqmjwExvr6+o0ePJoQYDAb6ShyT2u+//57thsfExAgneXp6vvnmm7T9ySef0LRlSkpK2On56dOn2/izuKbWv/uGa615TaDwEk90dHReXp5Op6utrT169Ch7pkwikZw5c8aJy62oqGAnfZOTk+1dZ2ssxlaL/p/ft9WagSooKGB3Rcnl8rS0tPLycr1e/+jRo+Li4qVLl7K3DHp7e9fU1JiUs0QjhIwZM+aXX37RarV6vb6ioiI1NZXdLqdUKpuamkxqr1696ubmRjuEhIQcOXJEq9Xev39/586dbLfO399fq9Xa9RO5GMSWrS9ljo6ONqk1GAyxsbHiVStWrBBfrr2xZdfxYG1trY2ztTG2rL0430R8fLwTax0rbOVALV261JbCr7/+2uJAJSYmihd6enpevHjRYq35c45CUqn0yJEj1n5BbQQOEh3n5ua2f//+N954w+JUmUymUqlUKtV/vFbgFOnp6WlpaWyvypyvr++uXbusPa++YcOGpKQka28ECgwM/Omnn6xdpvzwww9Xr17N9rmE5HJ5dnZ2i//BwOUhtlpFoVAcOHDg+PHjU6dO7dWrl/Bu+ODgYJP/iAN8Wbly5bVr11JTU6OjowMDA2UyGf1/ZePGjdu0adOff/4p8h/PpFLphg0bCgoKFi1aFBYW5ufn5+Hh0bFjx1GjRm3cuLGystLkrJaJ5OTkgoKCuXPn9u7dWy6X+/j4KJXKZcuWlZSUvPXWW0/gZ+XM41u9wVlu3bo1YsQIehthWFjYyZMnxV/XBwD2wt6Wk3Xr1i03N5e+BbysrCwmJubOnTtPe6UAXApiy/lCQkJycnLovT/l5eWHDh162msE4FJwkPikFBQUJCQkZGZmsqdAAMApEFsAwBkcJAIAZxBbAMAZxBYAcAaxBQCcQWwBAGcQWwDAGcQWAHAGsQUAnEFsAQBnEFsAwBnEFgBwBrEFAJxBbAEAZxBbAMAZxBYAcAaxBQCcQWwBAGcQWwDAGcQWAHAGsQUAnEFsAQBnEFsAwBnEFgBwBrEFAJxBbAEAZxBbAMAZxBYAcAaxBQCcQWwBAGcQWwDAGcQWAHDmfwlmdGlhf+tOAAAAAElFTkSuQmCC", "category": "EQC241112894"}}, {"model": "core.equipment", "pk": "EQP241112879", "fields": {"name": "Tissue Forceps", "code": "TFC", "barcode": "data:image/png;base64,iVBORw0KGgoAAAANSUhEUgAAAZIAAACYCAIAAABBDPh/AAAQQElEQVR4nO3da1BUVQAH8HOBBZLlIQStIgZJWmooOKagDkoWijpOOugQDihavgttRsd3Oq5mmJj0QCkoQSnD0ZqciXAEjZemiCUKiJMP8IEMb6ddWKQPpzmzs3v37t11qznL//fpuPecey7H5X9f516E3t5eAgDAD4f/ewMAACyD2AIAziC2AIAziC0A4AxiCwA4g9gCAM4gtgCAM4gtAOAMYgsAOIPYAgDOOP17qxYEgZXZI0T0Q4MnikQ/FF2VaB39jlgdiXWK1reoiXFHFi0VXWTwodnmEl1btG2i/xfGfUkvMq4j2lDiQ+mVS4+DqQrSaxMdcDnbJrpyS78hpn5As6Mh/39BugtL12Zq+0UHU2JtNoGjLQDgDGILADiD2AIAziC2AIAziC0A4AxiCwA4g9gCAM4gtgCAM4gtAOAMYgsAOIPYAgDOILYAgDOILQDgDGILADiD2AIAziC2AIAziC0A4AxiCwA4g9gCAM4gtgCAM4gtAOAMYgsAOIPYAgDOILYAgDOILQDgDGILADiD2AIAziC2AIAziC0A4AxiCwA4g9gCAM4gtgCAM4gtAOAMYgsAOIPYAgDOILYAgDOILQDgDGILADiD2AIAziC2AIAziC0A4AxiCwA4g9gCAM4gtgCAM4gtAOAMYgsAOIPYAgDOILYAgDOILQDgDGILADiD2AIAziC2AIAziC0A4AxiCwA4g9gCAM4gtgCAM4gtAOAMYgsAOIPYAgDOILYAgDOILQDgDGILADiD2AIAziC2AIAziC0A4AxiCwA4g9gCAM4gtgCAM4gtAOAMYgsAOIPYAgDOCL29vf/3NgAAWABHWwDAGcQWAHAGsQUAnEFsAQBnEFsAwBnEFgBwBrEFAJxBbAEAZ/p6bI0cOVKQZ+/evaZWcvr06cTExBdffFGpVHp6eg4fPnzFihW//fabpf06Ozv7+vqOGTNm2bJlhYWFog17enoqKio+/fTTuLi4sWPHBgYGKpVKV1fXgQMHTp8+ff/+/a2trZYOQnNzs6+vL9uMpqYmUzUfPHiQn5+/Z8+et956a8SIEU5OTrTJggULzPZidVvrGtpkoDo7O7/44ouYmBh/f39XV1c3N7fAwMA5c+bk5uZ2d3eLNpk4caLMb5QgCF9++aXoSu7cubNhw4Zx48b5+vo6OzurVKrx48fv3Lnz3r17Zre5T+jt20aMGCFzoFJSUoybd3Z2zp8/X7S+IAjvvfdeT0+P1f1GRkbeunXLoGF2drZ0Ky8vr6NHj1o0CEuWLNFfw6NHj0Sr/fXXX6Y6jY+Pl+7C6rZWN3z6gTp79uygQYNMNR85cuS1a9eMW02YMEG6X30nTpwwXkNqaqpCoRCt7+HhkZOTI7HNfQRiy/rY6unpmTVrlnSrVatWPU2/QUFBDx8+1G9o9reRSk9PlzkCpaWlgiDot+0jsSU9UJcuXerXr590W5VKVV9fb9BQfmz1799fo9EYNN+/f790KwcHh+PHj0uPtt1DbP0TH2lpaZa2PXToEPsyRUZGFhUVdXR0NDc3//jjj8OHD2eLTp8+LbPfrq6u27dvf/XVV0OGDGHNFy9erN8wNzd31KhRS5cu/frrr8vLy2/evNne3q7RaKqqqjZs2MD20i4uLrW1tWZ/BJ1ON2rUKELIG2+8wXo0FVsajUalUkVHR69bt+7IkSNXr15dvHgxbWI2tqxua3XDpxyo8PBwFhNJSUmXLl1qa2tramoqKSl588032VglJCRI/+DGUlNTaduVK1caLKqvr3d2dqZLVSpVRkbG3bt3u7q6Hj58eOTIkeDgYLrIx8envb3d0n7tCWLLytjq7u4OCAhgmdXd3a2/tK2tLSgoiC6NiIiwtN+2trZXXnmF/V49fvxY5ladOnWK/UatWbPGbP19+/YRQnx9fcvKyszGlrGlS5fKjC0btn2aThnpgbp16xZbqlarjZuz6FQqlVqt1qKu2S7t4sWLBou2bdtGF7m7u9fV1RksbW5uHjp0KK2we/duizq1M339krzVSkpK7t69S8v79u1zcnLSX+rh4bFz505aLi0tvX37tkUr9/Dw+PDDD2lZq9VeuHBBZsOYmJjo6GhaPnfunHTle/fu0d8TtVrt5eVl0RbyTnqgqquracHR0XH16tXGzd99911a6OzsbGhokN9vcXHxtWvXCCEhISFjxowxWMruwyxatEj/iJvq37//rl27aPn777+X36n9QWxZie2uhw4dGhYWZlxhzpw5Li4utPzTTz9Zun79SyT379+3oqHEDUEqOTm5o6MjLCyMHTv0KRIDxe4Senl5ubu7G7dlB9qEkK6uLvmdsgsLixYtMl76559/0sKkSZNEm7Nz+cuXLz98+FB+v3YGsWWliooKWmAXQQy4urqyOKusrLR0/b1670EzuGQujVX28/OTqPbLL7/QPfaBAwccHPri10BioF566SVaaGtre/z4sXFbdoTl4uISGBgos8eWlhY65gqFIj4+3rhCR0cHLZg6+HV3d6cXv3p7e69evSqzX/vTF7+vNlFTU0ML7HKDMbaInXTIV1JSwsoqlUp+wytXrtCCqTwlhGi12pUrVxJC4uPjLbphb08kBio4OHj8+PGEEJ1Ol56ebtz2s88+o4V58+axY2qzDh8+rNFoCCGzZs3y9fU1rsCO7EzNKevo6GAHd7W1tTL7tT+ILWv09vay/e3AgQNNVfP396eF+vp6i9bf3t6+YcMGWnZ2dn711VdlNmxsbKQnpIIgiJ6GULt3766rq1MqlR999JFFG2Y3zA5URkbGs88+SwhZv3798uXLKysr6W3isrKy2NhYmmVDhgxJSUmR32lGRgYtmPqvYbdxSktLRSsUFBSwcl+eeorY+sfq1aslZjO7urrqV6a39mhZ9NoHpVQqaaGzs1PONuh0urt372ZlZYWFhf3xxx/0wwULFpidQMQkJyfT/XliYuLo0aNF69TV1e3Zs4cQsmnTJonMtW9mB2rkyJHnz58PDw/v6elJT08PDQ318PDw8fGJiIjIy8sTBGHGjBnl5eXPPfeczB6Li4urqqoIISqVavr06aJ1Jk+eTAuZmZnGt3Ha2to2btzI/il69tpHILasof+NMUg0fc8884xxfQP6calQKAYPHpyUlHTz5k269Pnnn2c3j8w6dOhQbm4uISQoKOjjjz82VW3VqlUajSY4OHjt2rUy12xnZA7UCy+8cPLkyXfeecfgcycnp40bNx49epQejsnvlBYSEhIcHR1F6yxZsoROKGtra5swYUJWVta9e/d0Ot2jR4++/fbbsWPH1tTUsD2NzH2hXUJs/Rd6rfo7IxMmTCgsLJS5Pz9z5syqVasIIW5ubidPnvT29hatduzYsfz8fEJIamoqm9nYp8gcqCdPnmzbtm3w4MH6k4opnU6nVqsDAgJEL3uJam1tzcvLo2WJk/eAgIAdO3bQckNDQ1JSkr+/v0Kh8PPzi4uLu3HjxoABA9i0tb55I4Xquz+5AenppvSEgnFzc2Nlg0X62CJ22CXNycnJ29t79OjRb7/9dkFBwa+//soudki7cOHC7Nmzu7u7FQrF8ePHQ0JCRKt1dHTQI6zp06fPnDlTzprtjMyBIoSsWLFix44dWq1WqVSq1erq6mqNRvP48eOKiork5GRHR8f29vbly5fLvDh4+PBh+pRSeHg4u00pav369du3bxeNJJVKlZ+fL+fqhN1zMl8FjLi5uQnCP3+rjd20Nmb2fjYhJC0tje78rXblypVp06Z1dnY6ODjk5OSwWZTGtm7d2tDQoFAozD74ZpfkD9TZs2cPHjxICHF2di4qKtKfFxoaGhoaGhoRETFv3jxCyObNm2NjY83uXaSna+kTBGHr1q3z58///PPPCwsL79y5o9VqAwMDZ8+evXbtWj8/P/YmEk9PTxk/tH1CbFlDEAR/f396f1Dihg6728huKdpcVVXV66+/3tLSIghCRkYG/V0SdfXq1bS0NEJIcnKyxKQNeyV/oAghWVlZtBAXF2c8l50QEhsbGx4eXlZW1t3dnZOTs2XLFom1lZSU0Ivx/fr1M/W+EAPDhg375JNPTP0gtNAH/xMZnCRaadiwYbQgMX3mxo0bBpVtq7q6+rXXXnv06BEh5MCBA0lJSRKVKysre3p6CCEpKSnGt0pffvllVpO9e+vnn3/+Nzb7v2fRQBG9ucQSU0/GjRtHC2bnErNDrblz53p4eMjbZHGNjY2XL1+mZYkzXLuH2LJSaGgoLZSXl4tW0Gq17Ns/duxYm29ATU3NlClT6BMee/fufcozTTtmxUCxs3s591IkrhIQQlpbW9nzg2bj0qycnJwnT54QQlQqFY62wGIzZsyghZqaGrYD1HfixAl2ST4mJsa2vdfW1kZFRT148IAQsmvXrvfff9+267cb1g2Uj48PLZjaJxFC2PPt0tMg2MX4oKCgyMhImZstqrm5mU64I4TExcXhTiJYbOLEiezVl2vWrNHpdPpLOzo6Nm/eTMtRUVH6T94+vdra2ilTptBratu3b2fz6aUtWLBA4lbp9evXWU324ppp06bZcLP/e9YNFNE7N/zuu+9EX7/xww8/sIns9DEgU9jM+IULF1r0bKmB9vb2uXPnNjY2EkIUCsWyZcusXpUdQGxZycnJiQXT2bNnp06deu7cuc7OztbW1lOnTkVERNApo4IgfPDBBzbsV/9XccuWLVu3brXhyu3J0wzU4sWLacR0d3dHRUWp1eqampquri6NRvP777+vX78+NjaW1nR3d5e4yl5aWkofeBYEYeHChXK6rqiomDx58sGDBysrKxsbG7Va7a1bt9LT00ePHl1UVETrrF27ti+fIRKCd8nLfilzZGSkQVudTmfqKQ1m48aN0v1a+npCi84HW1paZK5W9GjLmMwbYYmJiTZsa13DpxyodevWyWmYmZkpMaoJCQm02tSpUyWq6ZP+yymEkJkzZ3Z1dclcm73C0Zb1HB0djx07NnfuXNGlzs7OarVarVb/x1sFNrFnz56dO3ea+lMUhBBPT8/s7GyJeVi2vRhPCHF0dExOTs7Ly5PYqj4C87aeilKpzMvLy8/P/+abb86fP3///n32JxuCgoIM/iIO8GXTpk0JCQmZmZmFhYXXr19vbW11cHDw9vYOCQmJjo5OSEgw9WAQlZ2dTb8MXl5e+q+flzZmzJji4uK8vLzi4uKGhoampiZvb++AgIDo6Oj4+Hj9eSp92T9TvcFW6uvrJ02aRF9GPmLEiDNnzki/rg8ALIWTRBsbNGjQ6dOnBwwYQAipqqqKioqid38AwFYQW7Y3ZMiQgoICOvenurr6xIkT//cWAdgVnCT+Wy5evLhixYq0tDT2FAgA2ARiCwA4g5NEAOAMYgsAOIPYAgDOILYAgDOILQDgDGILADiD2AIAziC2AIAziC0A4AxiCwA4g9gCAM4gtgCAM4gtAOAMYgsAOIPYAgDOILYAgDOILQDgDGILADiD2AIAziC2AIAziC0A4AxiCwA4g9gCAM4gtgCAM4gtAOAMYgsAOIPYAgDOILYAgDOILQDgDGILADiD2AIAzvwN5IqMBMvE5Z0AAAAASUVORK5CYII=", "category": "EQC241112627"}}, {"model": "core.equipment", "pk": "EQP241112996", "fields": {"name": "Needle Holder", "code": "NHD", "barcode": "data:image/png;base64,iVBORw0KGgoAAAANSUhEUgAAAZIAAACYCAIAAABBDPh/AAAPDUlEQVR4nO3dbVBU1R8H8LPIAsWTQtAq8i/CpAQCccgSGJAwRG2adCYHYYYRKR2iQpzJwZKHBjRCfKIXhlNaYZRBNpVNBIEaEprDwwQFKyYGiwIKLgsTLAv7f3GaM9s+XHaXtebsfj+vDnvP7967h+W79xmRWq0mAAD8sPuvVwAAwDSILQDgDGILADiD2AIAziC2AIAziC0A4AxiCwA4g9gCAM4gtgCAM4gtAOCM/b2btUgkYm12CxF9UeuOIr0v6p2V3j6aC2J9BOapt79JJboLMmmq3klaL85aLrBok9ZN7+9Cd1nCk3T76C0UeFF45sLjMOvctPobP27Cw2jkEs1+a8LjZt7KkH/+3k36nVpkbhaBrS0A4AxiCwA4g9gCAM4gtgCAM4gtAOAMYgsAOIPYAgDOILYAgDOILQDgDGILADiD2AIAziC2AIAziC0A4AxiCwA4g9gCAM4gtgCAM4gtAOAMYgsAOIPYAgDOILYAgDOILQDgDGILADiD2AIAziC2AIAziC0A4AxiCwA4g9gCAM4gtgCAM4gtAOAMYgsAOIPYAgDOILYAgDOILQDgDGILADiD2AIAziC2AIAziC0A4AxiCwA4g9gCAM4gtgCAM4gtAOAMYgsAOIPYAgDOILYAgDOILQDgDGILADiD2AIAziC2AIAziC0A4AxiCwA4g9gCAM4gtgCAM4gtAOAMYgsAOIPYAgDOILYAgDOILQDgDGILADiD2AIAziC2AIAziC0A4AxiCwA4g9gCAM4gtgCAM4gtAOAMYgsAOIPYAgDOILYAgDOILQDgDGILADiD2AIAzojUavV/vQ4AACbA1hYAcAaxBQCcQWwBAGcQWwDAGcQWAHAGsQUAnEFsAQBnEFsAwBlbj62goCCRcQ4cOGBoJrW1tSkpKY8++qiLi4u7u/uyZcvS09N/+eUXU5fr4ODg5eW1YsWKHTt21NfX6y2cnp5ubm5+7733EhMTw8PDH374YRcXFycnp0WLFiUkJBw+fPju3bumDsLw8LCXlxdbjdu3bxvqeevWrerq6qKioi1btgQGBtrb29OS5OTkWZdidq15hRYZqD///DM7O3vlypVeXl4ODg4SieSpp54qKCjo7++/p7VUfX19enp6UFCQp6enWCz29vaOiYkpKiq6evWqkXOwWmrbFhgYaORAFRcX65aPjY1t3rxZb3+RSPT6669PT0+bvdzo6Oienh6twk8++US4av78+Z9++qlJg5CWlqY5h6GhIb3d/vrrL0MLTUpKEl6E2bVmF859oA4dOiQWi/XWurm5lZeX36NatVotk8nWr19vaM0dHR2Fy60eYsv82Jqenn7uueeEqzIyMuayXD8/v4GBAc3CWf8aqWPHjhk5Ao2NjSKRSLPWRmJLeKAOHz4sXGhnZ1dVVWXxWrVa3d/fv2TJEoFyxBZi6+/4KC0tNbW2rKyMfZKio6PPnTunUCiGh4e//vrrZcuWsUm1tbVGLlepVN64ceODDz7w9/dn5du2bdMsrKioCAkJ2b59+8mTJ5uamq5duzY6OjoxMdHR0ZGdnc2+4R0dHaVS6axvQaVShYSEEEKeffZZtkRDsTUxMSGRSOLj4994441Tp061t7dv27aNlswaW2bXml04l4Hq6+tzcHCgHSQSyfHjx3t7e5VK5cDAwKlTp1imeHp6jo6OWrBWrVbPzMxERkay30VUVFRVVVV/f79SqRweHm5qasrNzQ0NDRUebauH2DIztqampnx9fVlmTU1NaU6Vy+V+fn506qpVq0xdrlwuDw4OZn9X4+PjRq7V2bNn2Sd+586ds/Y/ePAgIcTLy+vnn3+eNbZ0bd++3cjYsmDtXBbKCA9Ubm4uneTq6trd3a01dXh4eOnSpbTD/v37LVir/udG4q5duwwdZLBxtn5I3mwXL17s7e2l7YMHD9rb22tOdXNzKygooO3GxsYbN26YNHM3N7d33nmHticnJy9fvmxk4bp16+Lj42n7woULwp37+/vp31hhYeH8+fNNWkPeCQ8UOx+ydetWzS1fasGCBfv27aPtL774woK1hJAjR47Qxpo1a4qLi+3s8BeqBwbFTOzreunSpWFhYbodNm7c6OjoSNvffvutqfOPiIhg7Zs3b5pRKHBCkMrMzFQoFGFhYWy3y6YIDNT169dpIyoqSm8t26duaWkZGBiwVK1UKr1y5QptFxUVaR1zBAaxZabm5mbaePrpp/V2cHJyYnHW2tpq6vzVGs9BM+njyzp7e3sLdPvhhx/ot/3Ro0dt8ytdYKAUCgVtGNoIdXV1pQew1Gp1e3u7pWrPnz9PG8HBwcuXLzfyjdggW/y8WkRXVxdtsEMVutikzs5OU+d/8eJF1pZIJMYXtrW10YahPCWETE5OvvLKK4SQpKQkzc06myIwUK6urrRh6NouhUKhVCppWyqVWqqWrRLbgQW9EFvmUKvVMpmMthctWmSom4+PD2309fWZNP/R0dHs7GzadnBwePLJJ40sHBwcpDukIpFo69athrrt37+/u7vbxcXl3XffNWnFrIbwQLHTKY2NjXrLa2pqWFvr8tG51LLrSOkZm46OjpSUlEceecTR0dHb2zsqKqqgoODOnTuzvDcbgNj626uvvipwibyTk5NmZ3pqj7bZt6suFxcX2hgbGzNmHVQqVW9v74kTJ8LCwn799Vf6YnJy8v3332/ku8jMzJyYmCCEpKSkhIaG6u3T3d1dVFRECHnzzTcFMte6CQ9UTEwMbXz44Ye6p1PkcvmePXvYj+Pj45aqlcvltOHv7//5558vX778448/vn79ulKpHBoaamho2Lt3r7+//zfffGP0G7VOiC1zaH7atBJN03333afbX4tmXIrF4v/973+pqanXrl2jUx966CF24mlWZWVlFRUVhBA/P7+SkhJD3TIyMiYmJpYsWZKVlWXknK3MrAOVlpZGL+ySy+UREREnTpzo7+9XqVRDQ0OfffZZeHh4V1cXS3yt76S51LLjYl1dXVu2bJmamtJdN7lc/sILL7CjYLYJsfVvUJv1f0YiIiLq6+sffPBBYzrX1dVlZGQQQpydnb/66isPDw+93U6fPl1dXU0IOXToELsq0qYYM1C+vr5vv/02bctkstTUVB8fH3pXYGJi4tWrVxcuXMguH9M6oTGX2pmZGdrIy8ubmZmJjY2tqamRy+WTk5OdnZ25ubn0VzY9Pf3yyy+zzjYIsfU34ctN6Q4F4+zszNpakzSxSWyzS5i9vb2Hh0doaOhLL71UU1Pz008/sQMlwi5fvvz8889PTU2JxeKqqqonnnhCbzeFQkG3sBISEjZs2GDMnK2MkQNFCNm9e3d+fr7ec6wSiaS6ulrgKIHZtexzJZPJNm/eXFNTExcX5+bm5uDgEBAQkJeXRzcSCSFSqbS2ttao92yNEFvmcHZ2ZqfP2Ya9rlnPhZN/xuXU1NSdO3daWlrKysri4uKMvO6hra1t7dq1Y2NjdnZ25eXlAiehcnJyZDKZWCye9aY5q2T8QBFCRCJRTk7Ob7/99tprrwUHB7u7uzs5OT322GO7d+9ua2sLDg7+448/aE93d3dL1bLYsre3P3LkiG7wbdy4kV1VY8v7ifazdwEdIpHIx8eHnh8UeA4JO9vITilaXEdHx5o1a0ZGRkQi0fHjx1988UVDPdvb20tLSwkhmZmZAhdtWCvjB0pTQEAAu2xdd4a0YWgwzahlx7xCQkIMHRyIjIyk1wz29PQIr7wVw9aWmQICAmhD69IbTex8NutsWZ2dnc8888zQ0BAh5OjRo6mpqQKdW1tbp6enCSHFxcW6p0off/xx1pM9e+v777+/F6v97zNpoIwxODjY0tJC2wJ7mqbWshR74IEHDJUvWLCANkZHR01arjVBbJmJXcTc1NSkt8Pk5CS7kj48PNziK9DV1bV69Wp6d8iBAwfoYWbQdS8Gqry8nB4Rl0gkpm66CtSyFBO4MWtkZIQ2dHdObQdiy0zsKW5dXV3sy1PTmTNn2CH5devWWXbpUqk0Njb21q1bhJB9+/bt2rXLsvO3GvdioIaHh+mFb4SQxMREk26NEq6Ni4uj9+S3tbVp3a7INDQ00IaRp2usEmLLTJGRkYsXL6btnTt3qlQqzakKheKtt96i7djYWPaIG4uQSqWrV6+mx9Ty8/PZ9fTCkpOTBU6V/v7776wne3DN2rVrLbja/z7zBkrY6Ojopk2bBgcHCSFisXjHjh0WrHV3d4+LiyOEqFQq+jgdrQ5ffvkl24SPjY01+13wDrFlJnt7exZM58+fj4uLu3DhwtjY2N27d8+ePbtq1Sp6yahIJMrLy7PgcjX/FPfu3ZuTk2PBmVuTOQ5Uc3NzTEzM+++/39raOjg4ODk52dPTc+zYsdDQ0HPnztE+WVlZevcQ51LL1rOioiI+Pr6uro7ewyiVSvPz8xMTE+nUoKAgdjm+LZrLw7qsgPEPZY6OjtaqValUCQkJwlV79uwRXq6pjyc0aTdnZGTEyNnq3drSZejB+VpSUlIsWGte4RwHSvg/mBBCNmzYoFQq9Y7SXGrVanVmZqZwuaOj46VLlwyV2wJsbZlv3rx5p0+f3rRpk96pDg4OhYWFhYWF//Jawb02b968zMzMyspKQ//kYo61JSUlWVlZhg6ZeXt7f/fdd8bfXW+VcN3WnLi4uFRWVlZXV3/00UeXLl26efMm+5cNfn5+Wv8RBziyYsWKhoaGysrKhoYGmUx2+/ZtDw8PX1/f+Pj4pKQkzetFLFtLCLGzsyspKUlOTj558uSPP/4ok8nGx8c9PDyCgoLWr1+flpYmcPe+jRCpzbpdDgzp6+uLioqilwIGBgbW1dUJP64PAEyFnUQLW7x4cW1t7cKFCwkhHR0dsbGx9MwRAFgKYsvy/P39a2pqPD09CSGdnZ1nzpz5r9cIwKpgJ/FeuXLlSnp6emlp6cqVK//rdQGwKogtAOAMdhIBgDOILQDgDGILADiD2AIAziC2AIAziC0A4AxiCwA4g9gCAM4gtgCAM4gtAOAMYgsAOIPYAgDOILYAgDOILQDgDGILADiD2AIAziC2AIAziC0A4AxiCwA4g9gCAM4gtgCAM4gtAOAMYgsAOIPYAgDOILYAgDOILQDgDGILADiD2AIAziC2AIAziC0A4AxiCwA4838xgeiQdLri/wAAAABJRU5ErkJggg==", "category": "EQC241112627"}}, {"model": "core.equipment", "pk": "EQP9624101796", "fields": {"name": "Scapell", "code": "SCPL", "barcode": "data:image/png;base64,iVBORw0KGgoAAAANSUhEUgAAAXgAAACYCAIAAABhzGXHAAARjUlEQVR4nO3de1BU1QMH8LMLCyQgii6t7xBfCShCZqa0RpAaUqPO5CiOlNrQqBFpk6ONr8ZHiOaDZiKsRMTMgrHx0WSAj0TT8rUFyiK+XRBRcHd1Wp77++PMnN9t9+5lF/fIrnw/f53Ze849d+/Z/bL33nMvMrPZTAAAeJK39wYAwNMPQQMA3CFoAIA7BA0AcIegAQDuEDQAwB2CBgC4Q9AAAHcIGgDgDkEDANx58lu1TCZjZXajA33R4r4H0RdFVyVaR9gRqyOxTtH6DjWx7sihpaKLLF5stblE1w6tzXq1QsJ9Ys/GiI6saBcSi2ytzaKh6NokurB/M7juN3t2UZv3m2gdi5r2b5sT4RcNAHCHoAEA7hA0AMAdggYAuEPQAAB3CBoA4A5BAwDcIWgAgDsEDQBwh6ABAO4QNADAHYIGALhD0AAAdwgaAOAOQQMA3CFoAIA7BA0AcIegAQDuEDQAwB2CBgC4Q9AAAHcIGgDgDkEDANwhaACAOwQNAHCHoAEA7hA0AMAdggYAuEPQAAB3CBoA4A5BAwDcIWgAgDsEDQBwh6ABAO4QNADAHYIGALhD0AAAdwgaAOAOQQMA3CFoAIA7BA0AcIegAQDuEDQAwB2CBgC4Q9AAAHcIGgDgDkEDANwhaACAOwQNAHCHoAEA7hA0AMAdggYAuEPQAAB3CBoA4A5BAwDcIWgAgDsEDQBwh6ABAO4QNADAHYIGALhD0AAAdwgaAOAOQQMA3CFoAIA7BA0AcIegAQDuEDQAwB2CBgC4Q9AAAHcIGgDgDkEDANzJzGZze28DADzl8IsGALhD0AAAdwgaAOAOQQMA3CFoAIA7BA0AcIegAQDuEDQAwJ27Bk1YWJjMPhs2bLC1ksLCwqSkpIEDB/r5+QUEBAwdOnTevHl//fWXo/16eXkplcqoqKj333//yJEj0lt+8+bNJUuWjBo1SqlUenl5qVSql156afXq1ZWVlXa+9yNHjsybNy8sLKxbt24KhSIoKGjcuHFpaWmXL1+2rtzc3Hzu3Lkvv/xy+vTpI0eOfO655/z8/Hx8fHr27Dlx4sTNmzc/ePDAzn6Z2tpapVLJ3v69e/ds1bxz586hQ4fS0tJmzJgRGhrq6elJm8ycOdPOvjQazfz584cMGeLv79+1a9dhw4YtXbr0+vXr0q3a1u/YsWPt/FDJZLJvvvlGdCVPeHzdhtk9hYaG2vkG09PTrZs/fPhw2rRpovVlMtmHH37Y3Nzc5n7VavX169dFm2/atEmhUIi26ty5c25urvS71ul08fHxtvr19va2brJz507pre3Spcv333/f2v7+j7lz5wrXUFNTI1rt33//tdVpYmKiPR2tWbPG09PTurmfn5/Evmpzv2PGjJHeV0J79+61XsOTH1930RGDprm5OSEhQbrVggULHqff4ODg6upqi7abN2+WbiWXy/Pz82295crKygEDBkg0b1vQUJmZmXbu+ZMnT8pkMmFbTkHzxRdfSO+rgwcPOrdf+4Oma9euJpPJonm7jK+7cPugycjIcLRtVlYWGzy1Wn306FGj0VhbW7tv376hQ4eyRYWFhXb229DQcOPGjW+//TYkJIQ1nzNnjrDh7du3vby86CKVSrVt27Zbt241NDRUV1fv2rWLfcK6detmMBis+21paRk7dixbeXR0dH5+fmVlZUNDQ21t7alTp1asWBEREWHdcPfu3cOHD09OTs7Ozj516tSVK1cMBoPJZCotLV2yZAn78+vt7V1eXt7qrmtqaho+fDgh5PXXX2cbYytoTCaTSqUaP378J598smvXrpKSkjlz5tAmrQZNRUUF+y3Tv3//n3/+Wa/X37t3b8eOHd26daOvK5VKo9Ho3H6lbdq0ia5n/vz5Fovaa3zdRYcLmsbGxj59+rCUaWxsFC7V6/XBwcF06csvv+xov3q9Pjw8nH11Hz16xBatWLGCvu7v719RUWHRsLa2dtCgQbTCunXrrNcs/GGyaNEiW0d2jjp48CBb7UcffdRqfforQ6lU/vHHH60GjbXk5GQ7v/DvvPMOrdm9e/fKykrhogsXLrCv9Oeff+7cfqWxv0NnzpyxWOSa4+s6OlzQHD16lI3o2bNnrSvs2rWLVbA+1dJqv8Kv7pEjR9jrr7zyCn0xJSVFtGFeXh6tEBkZab30hRdeoEvj4uJaWlrsfLP2GD9+PF1zVFSUdE2dTufv708IycrKunTpEr+gMZlMfn5+tOaWLVusKyxYsIAuDQ0NdWK/0o4fP05XMmzYMOulLju+LsJdrzq1GQuCQYMGRUZGWleYMmWKt7c3LR84cMDR9QuP86uqqlj52rVrtBAdHS3akB2MnD9/vrq6WriovLz8zJkztJyWlmZxiuQxsQ2WuHhEpaamGo3GyMhIdiTCybFjxx4+fEgIkcvloteJ3n33XVooLS1t9QqUs7Ajbta7kMuOr4vocEFz7tw5Whg9erRoBR8fHxZAFy5ccHT9ZsHzfYSfGKPRSAtdunQRbejv70+PCMxmc0lJiXDRsWPHaCE8PHzEiBGObpI0tpFBQUES1X777beffvqJELJ161a5nO/Hhn3rwsLCAgMDrStERER07tzZojJXdXV19O0rFIrExETrCi47vi6iwwWNVqulBXbMbI0tKisrc3T9J06cYGWVSsXK9KCDEGJr3orRaGxoaKDl8vJy4SKNRkML7DDHidjKbSUvIaS+vn7+/PmEkMTERIeuAbcNG6OwsDDRCnK5nB3Dsspc5eTkmEwmQkhCQoJSqbSu4LLj6yI6VtCYzWadTkfLPXv2tFWtV69etHD79m2H1m8wGJYsWULLXl5eL774IlvEzjGfPHlStG1BQQErW0zuYjO16LertLQ0KSmpf//+3t7eQUFB0dHRq1evvn//vkObSt29e5ceHspkMtEjAmrdunUVFRV+fn7r169vQy+OunnzJi307dvXVh12Rv/GjRtPYJO2bdtGC7b2kmuOr+tw+6D54IMPJKZv+vj4CCvTy0C0zP4EWWNnIumZglY1NTXdunVr+/btkZGR//zzD31x5syZnTp1YnXGjRtHC9999531d0Ov1y9dulS4nRZLaSEkJGTPnj0jRozIycm5du1aQ0NDTU1NcXHxsmXLQkJC9u/fb8/WCqWmptI/1ElJSREREaJ1Kioq0tLSCCGffvqpRDo7Edvttg5DhIvsHKPHUVxcXFpaSghRqVQTJ04UreOa4+s63D5oHCIcYIsMEnrmmWes61sQBpxCoejbt+/s2bOvXLlCl/br12/t2rXC+nPnzqWTVvR6/ZgxY7Zv315ZWdnU1FRTU/PDDz+MHDlSq9Wyr7HFl4cd/2u12hkzZjQ2Nlpvj16vnzx5Mjvat0dWVtbu3bsJIcHBwRs3brRVbcGCBSaTacCAAQsXLrR/5Y+D7XY6RmazeeHChQEBAT169Ni6dStdxMboCQQNOw08a9YsDw8P0TouOL6upT0veT0GO2foWkymvHPnDlt04MABWytn87J8fHza0O+YMWOuXr1qvdp169ZJtOrRo8eqVatoOTk5WdhwyJAh9HV6TBcTE1NQUKDX6+vr68vKylasWMHmlQwaNMjOKRhFRUX0i+Hr66vRaGxV27NnD13z/v37ha9zvbzN3u/mzZvNZrPwTJmHh0dDQ4PZbE5JSaGvvPnmm87qV1RdXR0LtUuXLknUdKnxdTVu/4tGeh4NPS5gfH19WdlikRBbxD5h0jw9PQMDAyMiIt57772CgoLjx4+zI3ahxYsXr1q1SvSSjUqlOnTokNnGYR3bbJ1ON23atIKCgtjY2M6dO3t5eQ0ePHjlypX0hwkhpLy8vLCwsNUN/vPPP996663GxkaFQpGfnz9s2DDRakajkf6KmThx4qRJk1pdrbOwQ1c6EAMHDkxOTvb39w8KClq/fj3NRzZGwjHlIScnh97TMHr0aJYIolxnfF2Q2weNQ3x9fdnVXPZ71VqrlyrJfwOusbHx/v3758+fz8rKio2NtTUPQiaTLV++/OLFiykpKeHh4QEBAT4+PkOGDFm8eLFGowkPD7969SqtGRAQYLHZtODp6bllyxbrj/KUKVPYJflWf11rNJoJEyY8fPhQLpfn5uZKXOlYvny5TqdTKBSt3sXjXCxo6BUcuVyemZlpMBiqq6vZ4Ru7uMMqcyI9fUbIRcbXNYncGvsUk8lkvXr1oteSJG7bZ1em2OUnJxo8ePCWLVtEF9EzjsTq0js7th8+fPizzz4r2nbs2LF0ipD0BLbS0tK4uLi6ujqZTLZt27a3337bVs2SkpKMjAxCSGpqqsRUAB7YxaZbt27ZqsMW9evXj9+WnDhxgg5Kp06dbN3ub6F9x9dldaxfNISQwYMH04LFXAYhdrmRVX4C7t69e/78eVq2OJZhn8vu3bvbat61a1daMBgMtuqUlZW99tprNTU1hJCtW7fOnj1bYnsuXLjQ3NxMCElPT7e+nPf888+zmuzZNL/++qv0e7QT2+0WE9uYlpaWixcvWlTmgf2cmTp1Kpsi2DZPYHxdWYcLGjbz8tSpU6IV6uvr2ezhkSNHPqHNIiQ3N7elpYUQolKpLP7isc+lxF0CdXV1tGDxs5zRarWvvvoqnfy+YcMGdruQC2I3/pSUlLD3JaTRaNgl4aioKE6b8eDBAzobmBAiHcr24D2+Lq7DBQ17sJBWq2V/YYT27t3LTjS+8cYbT2aramtr6VwVQsj06dMtjtJjY2PpMxM0Go3FbTJMcXExLYiehy4vL4+JiaEX3dauXbto0SInbrzTqdVqetqiubk5NzfXukJ2djYthIaGir5fp2CngYODg9Vq9eOsivf4ugHel7U4eZzHRPTu3Zu2tX5MhMFgYM+UiYmJcWK/EvR6PZvupVAotFqtdZ0JEybQCtOnT7e+uzc/P58N6OHDhy2WCmdwrFq1yinbzPXyttlsTkpKojWVSmVVVZVw0d9//80u965du9a5/QqxGyAec6fxHl+30OGCxmw2Z2ZmsmFTq9XHjh0zGo11dXUHDhxgny2ZTPb77787t9+zZ8+q1erMzEx6/67JZLp27dpXX30l/Bu1ePFi0bbCie1xcXFFRUUGg6G+vl6r1a5cuZJ98cLCwiw+psKUWbZsmaPbbAvvoLl8+TKbGhcSErJv3z6DwXD//v2cnBx2IsPWQ6Qep1+G3bMmk8lu3LhhT5N2GV934fZB0yq1Wm3RtqmpydZEcmbp0qXS/bYhaKQfe04ImTRpEp2NJio1NVW6ube39+nTpy1aOXSUVFdXZ+d7sTNo7LxSk5SUZN02PT1doolcLt+3bx+PfqlZs2bROrGxsXbuk3YZX3fR4c7REEI8PDx+/PHHqVOnii718vJas2bNmjVrnvAmpaam5uXl2Xq0NSFk48aNCxcutPWIhqCgoF9++UV4G6e7+/jjjz/77DPRKf++vr7Z2dmtPvi5zZx7GphgfDvaPBrGz88vLy/v0KFDO3bsOH36dFVVFXuidXBwsMVT/p0lKiqquLg4Ly+vuLhYp9Pdu3cvMDCwT58+48ePT0xMFF4wFiWXyzdu3Dhz5szs7OyioiKdTvfo0aPAwMCwsLD4+Pi5c+dK3CbqppYtW5aQkPD1118XFRVVVlZ6eHj07ds3Pj4+OTmZ6znRnTt30s9Dly5dJk+ebGcrjK8EmVnwoKaO7Pbt29HR0XQ2VGho6OHDh6UfBAUA9uuIh06ievfuXVhY2KNHD0JIaWlpTEzM3bt323ujAJ4SCJr/CwkJKSgooP/No6ysbO/eve29RQBPCRw6WTpz5sy8efMyMjJGjRrV3tsC8JRA0AAAdzh0AgDuEDQAwB2CBgC4Q9AAAHcIGgDgDkEDANwhaACAOwQNAHCHoAEA7hA0AMAdggYAuEPQAAB3CBoA4A5BAwDcIWgAgDsEDQBwh6ABAO4QNADAHYIGALhD0AAAdwgaAOAOQQMA3CFoAIA7BA0AcIegAQDuEDQAwB2CBgC4Q9AAAHcIGgDgDkEDANwhaACAu/8BO0Kb22gxsSgAAAAASUVORK5CYII=", "category": "EQC241017998"}}, {"model": "core.sterilizationmethod", "pk": "SM2410171894", "fields": {"name": "Moist Heat", "code": "103", "barcode": null}}, {"model": "core.sterilizationmethod", "pk": "SM2410172257", "fields": {"name": "Radiation", "code": "101", "barcode": "data:image/png;base64,iVBORw0KGgoAAAANSUhEUgAAAV4AAACYCAIAAAAjjxZQAAAPKUlEQVR4nO3cfVBUVR8H8LO7ECBQEGBIA0VZmiBQ4DQaI4OWgkTEQC+8hFSOFFqQNM4QUVlZKZhENYrkiEA2jhI7aJYZNhmkNYyBQoJopcEmK+9Q8r7PH2e6sw/89nL37q6A8/38dWfvebnnIF/uvee4Cp1OxwAA/p9yqi8AAKYjRAMAEBANAEBANAAAAdEAAAREAwAQEA0AQEA0AAAB0QAABEQDABCsLNe0QqEQjoXt2PzDcbuzyQ8NNTWxtXH4WZE2hVr6JclGDI3CLK2JXLb4WXL2yIsUOWWotXEVydZEupB+GVKujWxT+mUYmnbp/0JErk38fxjolxFvTfr1S2/NLHDXAAAERAMAEBANAEBANAAAAdEAAAREAwAQEA0AQEA0AAAB0QAABEQDABAQDQBAQDQAAAHRAAAERAMAEBANAEBANAAAAdEAAAREAwAQEA0AQEA0AAAB0QAABEQDABAQDQBAQDQAAAHRAAAERAMAEBANAEBANAAAAdEAAAREAwAQEA0AQEA0AAAB0QAABEQDABAQDQBAQDQAAAHRAAAERAMAEBANAEBANAAAAdEAAAREAwAQEA0AQEA0AAAB0QAABEQDABAQDQBAQDQAAAHRAAAERAMAEBANAEBANAAAAdEAAAREAwAQEA0AQEA0AAAB0QAABEQDABAQDQBAQDQAAAHRAAAERAMAEBANAEBANAAAAdEAAAREAwAQEA0AQEA0AAAB0QAABEQDABAQDQBAUOh0uqm+BgCYdnDXAAAERAMAEBANAEBANAAAAdEAAAREAwAQEA0AQEA0AABhRkbD6OjowYMH4+Li5s6d6+joaGdn5+XlFRQUFBcX9+mnn9bW1o6NjemXX7NmjeI/t99++7izXGtrq0qlEorl5ubqd3f69OlPPvkkLi5u0aJFd955p4ODg62trYeHR3h4eF5eXnd3t7FD6OzsdHNzE7prb283VPLKlStHjx7dsmVLfHy8j4+PlZUVr5KYmCixr7q6unXr1s2fP9/R0dHZ2dnPz++11177888/xWvJ6zc4OFgh2WeffaZf15R5NvFnFBsbO+nVvv766+Yd73Snm2lqa2t9fHzEB1VeXq5f5fnnn9c/W1lZObHZnJwc/TI5OTnCqZKSEvHunJyc9u3bZ9Qo1qxZo9/C1atXyWLXrl0z1GlCQoKUjjZv3mxlZTWxuoODQ2lpqaFasvt96KGHxOdK37gfkynzbOLPKCYmZtKrzcrKMu94p7kZdtdw+vTppUuXNjQ0yKuuUqkYY/v27Zt4in/ICxiru7s7Pj6+oKBAYvmTJ0/u3r1bRkfG2r59e1ZW1sjIyMRT/f39SUlJR44cuQ6XQXJ2dg4PDzeqirHzbK66ZiFjvFNrJkXD8PBwXFxcb28vY8zW1vaFF1746aefNBrN4OCgRqOpra2tqKjIyMgIDAwk/04yxpYtW8YYKysrGxoa0v+8sbHx119/ZYwtX758Yi0rKyt/f/+UlJSioqJTp05dvHixt7d3YGCgoaEhMzPT2tqaF0tLS2tubp50FKOjoy+++KJOp1uxYsWkhRUKhbu7+8qVKzdu3Pj555/X19ePuwMScfHixY0bN/Lju+66S61W9/T0tLe3792718XFhTE2NjaWnJzc399vxn6rqqrE/xZt376dl4yPj7exsdGva8o8m+tndOjQIUNX/u6775p3vNOdjDuNqbJ//35+zfb29rW1tdIrCv+s8/PzHRwcGGNqtVq/AH+M9Pf3T0tL4yX1HyjEffXVV8JkvvLKK5OW//DDDxljbm5uJ0+eFCoaeqCYKCUlhVeZ9IEiOTmZl3R1ddVoNPqnamtrb7rpJn72gw8+MG+/4hYsWMDbqampMaqisfNsVF3hgUIkGuSRPd4pN5PuGo4ePcoPUlNT/f39ZbRgZ2f3+OOPswnPFF988QVjLC4uTkabq1atWrlyJT8+ceKEeGGNRvPmm28yxjZv3uzk5CSjO4kGBwcPHjzIj7Ozs+fMmaN/1t/ff+3atfx40qd0M6qqqvrtt98YY35+foGBgUbVNWqezVjXFKaMd8rNpGhoaWnhB5O+hhTBf/8PHTok3Ejz+0+FQvH000/La1N4FyWy0MClp6f39fU98MAD0p8L5Pnhhx/4AJVKJbmm8Oyzz/KDhoaGSVcrzGXXrl3jejeK9Hk2b13ZTBzv1JpJ0aD776sl/vjjD9mNrFixwtXV9dq1a2q1mn/C7yCWLFlyxx13yGtToVDwg9mzZ4sU+/bbbw8cOMAYy8/PVyotO/M1NTX8wNfX99Zbb51YICAg4Oabbx5X2KK6urr48K2trRMSEmS0IHGezV5XHtPHO7VmUjTce++9/GDHjh1///23vEasrKyeeOIJ9l8ijI6O8lcY8p4muLq6On6wePFiQ2UGBwfXrVvHGEtISDBqxUuepqYmfuDr60sWUCqVws2XUNiiiouLBwYGGGORkZFubm4yWpAyzybW3b1796JFi5ycnOzs7Dw9PSMjI3fs2CGylCvC9PFOrZkUDfxXmjGm1Wr9/PzeeusteauYPAWOHTvW3t7+3XffabValUolNG4srVZ7+PBhxphCoRC5b3z//fcvXLjg4OCwdetWeR0Z5fLly/zAy8vLUBlPT09+cOnSpetwSYWFhfxA3t21xHk2sa5ara6pqenp6RkYGGhpaTl8+HBqaqq3t/exY8eMvWATxzvlZlI0hISECDdm7e3tmzZt8vX1dXNzi46O/uijj86dOyexneDgYE9Pz5GRkQMHDvB7h+XLl8u+z0xPT+d/HFavXh0QEECWuXDhwpYtWxhjWVlZHh4e8joyivAmReRlp3CKXL80r6qqKp7j7u7u8pb3pcyzJeoyxtra2sLCwoQnUClMH++Um0nRwBjbs2fPSy+9pP+g3t7erlar09PTFyxYEBQUxJ/uxAlvHPfs2VNeXs4Yi4+Pl3c9u3bt4qsb3t7e27ZtM1Rs/fr1AwMDc+fO3bBhg7yOjPXPP//wA1tbW8aYTqfbsGHDLbfcMmfOnPz8fH7Kzs6OH1yHaBBeyCUlJcnYVyZxnmXXdXFxSUpKKisrO3v2bHt7+9DQUGtra3l5ubCuMTY29swzz2g0Gumd8gN5450Wpnr1VI4zZ86sXbuW79uZKCYm5t9//9UvLywHFBYW8k/4BifOxsamp6eHf27UvobKykq+l8be3r6urs5QMWE7xrg1c/3bHLPva5g/fz4vlpeXp9PpGhsbhb5UKtXQ0JBOp3v55Zf5J4899pi5+iV1dXUJMXTu3Dljq0ucZ7PX5fLy8oSpS09Pl1LFxPFOEzPsroFbuHBhQUGBVqutqanJzc2NiorSj4mysrLU1FTxFgICAu677z5+HBERIbyrl+6XX36JiooaHh62trYuKyvz8/Mji/X19fE7hfDw8EcffdTYXmTjO7sYY/xG+p577klJSXF0dJw9e/bWrVv5bws/xRizt7e36MUUFxfzN3mLFy8WMksiifNs9rqCtLQ0YVX7yy+/lFLFlPFOHzMyGjilUhkYGJiRkaFWq9va2o4cObJw4UJ+au/evfX19eLVhSUJGWsTdXV1YWFh/f39SqWytLRUuO2c6I033mhtbbW2ttb/43MdCNHA/8ehUqncuXNnb29vW1ub8FAj/GdEobCFyF7elz7P5q07jrA97PLly21tbZOWn9HbGQQzOBr0qVSq8PDw48eP821/Op2uoqJCvEp2dja/cYqNjTWqr4aGhkceeaSrq0uhUBQWFj755JOGStbX13/88ceMsfT0dGHl9foQFib++usvQ2WEU7I3dEhRXV3NX8jNmjXrqaeekl5R+jybt+5EwmZnxphWqxUvLHu8080NEg2cq6ursAZpobX6xsbG5cuXX716lTGWn5//3HPPiRSura0dHR1ljOXk5Ez83/vCEw1jTPjuhm+++cYs1zlv3jx+YOjuaWxsjO/h1S9sCcKf0JiYGOkPbkbNsxnrTkrYOmWIvPFOQzdUNDC9tfrBwUGzN97U1BQaGspvKXNzc9evX2/2LswlKCiIH9TX13d1dU0sUFdX19PTw48tt72/u7tbWDOS/itqyjxb4mek/2dGfJFb3ninpxstGs6cOcMPzL7/7Pz588uWLbty5Qpj7L333svIyDBv++YVEhLCXy6Ojo6WlpZOLFBUVMQPfHx8vL29LXQZwgs5b2/vkJAQKVVMmWcL/YyEufL29haPBhnjnbZuqGj4/vvv+Qo2Y2zJkiVmbPn8+fOhoaF8WXvTpk2ZmZlSaiUmJoosDpGLl2FhYWa5YBsbG+EdyjvvvMN/WwRnz57duXMnP7bo9n5hR2BycvKkt+JM7jybXldESUmJEA2Tbpk1drzTmqVXR80oPz8/ODg4MzNz//79NTU1v//+e3d398jISGdn54kTJ1JTU4Vv7Ljtttv6+vqEihP3NRhC7mtoamoStjAKLy9NZ9F9DTqdrrm5Wdhsc/fdd1dUVPT29nZ0dBQXF7u6uvLPXVxcent7zduvoLq6mldRKBSXLl2atLwp82xK3cTExMjIyG3btv34449NTU2dnZ3Dw8Narfbrr7/WzwJnZ2fxH5Ox453mZlI0jPv6RkNUKtW4b2oxMRqMui/t6uqSOByJ0SDxLffq1auNnTGlUllRUWGJfrmkpCRe5uGHH5YyIabMsyl1IyIiJq1iY2Nz/Phx8es3drzT3A31QMEY8/DwUKvVUVFRU30h08Krr7769ttvkxt17e3ti4qKIiMjLdT1jfRCbt68edXV1aGhoSJlbqTxcvR3KE5PaWlpS5cuPXXq1M8//9zc3NzR0dHR0dHf329vb+/u7n7//fevWrUqNjZ21qxZU32l00h2dnZkZGRBQUFlZaVGo1GpVF5eXhERESkpKZZ7+8gYKykp4S/knJycoqOjLdeR6YqKiioqKqqqqurr61taWrq7uwcHBx0cHNzd3R988MGoqKjo6OhJv19jBo1XIoXuv+9HAQAQ3GgPFABgFogGACAgGgCAgGgAAAKiAQAIiAYAICAaAICAaAAAAqIBAAiIBgAgIBoAgIBoAAACogEACIgGACAgGgCAgGgAAAKiAQAIiAYAICAaAICAaAAAAqIBAAiIBgAgIBoAgIBoAAACogEACIgGACAgGgCAgGgAAAKiAQAIiAYAICAaAICAaAAAAqIBAAiIBgAgIBoAgPA/vP1TdSM8CtAAAAAASUVORK5CYII="}}, {"model": "core.sterilizationmethod", "pk": "SM2410178860", "fields": {"name": "Dry Heat", "code": "102", "barcode": "data:image/png;base64,iVBORw0KGgoAAAANSUhEUgAAAV4AAACYCAIAAAAjjxZQAAARmklEQVR4nO3da1RUVRsH8D0z4KADggqIWuaF1ATBWxfNe6ApmZm3UBeamiRakpalZZpphpcyylRoKalpZCZhuiol01LRhTYoKBe1LJkMuaM5g8B5P+zVXtPMM8dhOJOD7//36axznn0uG+bPmX32DCpJkhgAwL+p7/QJAIArQjQAAAHRAAAERAMAEBANAEBANAAAAdEAAAREAwAQEA0AQEA0AADBzXm7VqlUYllMx+YrLWZnkytt7cp6bxb4Vpl9ilbmleRObF2FInuTOW35rWTvkScps8nW3iwaknuTOYT9pyHTFXaeqvnKena7/N7ku8i8xv6V8nur57kpAncNAEBANAAAAdEAAAREAwAQEA0AQEA0AAAB0QAABEQDABAQDQBAQDQAAAHRAAAERAMAEBANAEBANAAAAdEAAAREAwAQEA0AQEA0AAAB0QAABEQDABAQDQBAQDQAAAHRAAAERAMAEBANAEBANAAAAdEAAAREAwAQEA0AQEA0AAAB0QAABEQDABAQDQBAQDQAAAHRAAAERAMAEBANAEBANAAAAdEAAAREAwAQEA0AQEA0AAAB0QAABEQDABAQDQBAQDQAAAHRAAAERAMAEBANAEBANAAAAdEAAAREAwAQEA0AQEA0AAAB0QAABEQDABAQDQBAQDQAAAHRAAAERAMAEBANAEBANAAAAdEAAAREAwAQEA0AQEA0AAAB0QAABEQDABAQDQBAQDQAAAHRAAAElSRJd/ocAMDl4K4BAAiIBgAgIBoAgIBoAAACogEACIgGACAgGgCAgGgAAEKDjIaampovv/wyMjIyMDDQy8urcePGbdu27d27d2Rk5Pr16/V6fW1trXn9jBkzVP9o06aNxVauoKBAo9GIsjVr1pgf7vTp0x999FFkZOSDDz7Yrl07T09PDw+P1q1bDx8+fN26dWVlZXW9hJKSEj8/P3G4oqIiW5VXr1797rvv4uLiJk6cGBQU5ObmxptMnjzZzmNlZmbOnj27S5cuXl5ezZo1CwkJWbRo0W+//SbfyrHj9uvXT2W3Tz75hNzJ9evXN2zYMGLEiDZt2nh4eOh0unbt2j399NM7d+68deuW/GnXpy136NChmJiY4ODgFi1auLu7+/v7Dxo0KC4uLj8/X76hY/3suqSGRq/XBwUFyV/Unj17zJtMnz7dfGtaWpr1blevXm1es3r1arFp27Zt8ofz8fHZsWNHna5ixowZ5nu4du0aWXbz5k1bB500aZI9B1qxYoWbm5t1c09Pz+3bt9tq5fBxH330Ufm+MmfxY+IOHz58zz332GoSHBx87tw5W0evT1tJkgoKCiIiImw112q1Mm0d62dX1sCi4dSpU02bNq3r75yIBo1GwxibPn269Z579OghClgdo4HbuHGjnVdx7NgxlUpl3tZJ0fDee+/JnLBard63b5+yx7U/Gpo1a2Y0Gi2anzp1qkmTJvINAwICrly5Yn3o+rSVJMlgMAQGBsq0lYkGh/vZlTWkaKiqqurUqRPvbg8Pj+eff/7YsWMGg8FkMhkMBr1en5qaOn/+/F69eu3du9e8oYiG8PBwxpiPj4/JZDIvOH/+PC8YOnQoXzCPhp07d4aGhkZHRyclJaWnp1+8eLGiosJoNGZnZy9cuNDd3V386uTl5d32Kqqrq0NDQ82PxWxHg9FoDAgIGDZs2IIFCz777LOsrCxxLbeNhgsXLoi/Yx06dEhJSSkvLy8qKvr0009btGjB1/v5+VVWVip7XHnvv/8+38/s2bOtt/bp00e8nKZNm3bq1Cl+zkePHh09erTorqioKGXb1tbW9uvXT9T0799/9+7dBoOhqqqqpKQkPT19yZIl3bt3J6+oPv3syhpSNCQnJ/OO1ul0er3e/obi1zo+Pt7T05MxlpKSYl7wxhtvMMZCQ0Pnzp1rHQ3y9u3bJ36lXnrppdvW878wfn5+x48fv200WIuOjrbzJTp16lRe6evrazAYzDfp9fpGjRrxre+++66yx5XXtWtXvp+MjAyLTeZvy1esWGHdVvwcPT09LcK9Pm2lf98Yzp8/v6amxv4rUrafXUdDioZp06bxXn7llVfq1FD8WiQmJvJRtPHjx5sXdOzYkf/wHIgGSZKGDRvGW/Xq1Uu+sqCgwMvLizGWkJAgblWcEQ1Go5GHIGPsgw8+sC6YM2cO3xoUFKTgceX99NNPfCchISHWW7/99lu+VaPRVFRUWBdkZmaKHrt06ZJSbSVJ6t27N98UHh5eW1tr/xUp3s+uoyE9obhy5QpfuO0wpIzIyEjG2N69e69fv87X8PcIKpXqmWeecWyf4g22zIMGLjY2trKysmfPnhYjo4o7fPgwv0C1Wk0+U3j22Wf5QnZ29n82ip6QkGBxdHPiCYKPjw8PUAv33nuvWK6qqlKqbV5eXkZGBl+Oi4uzGAaS55r9rIiGFA3SP18t8euvvzq8k6FDh/r6+t68eTMlJYWv2bFjB2Osb9++9913n2P7FL9M/v7+MmXff//9rl27GGPx8fFqtXN7XvyuBwcHN2/e3Lqge/fuYkBXFDtVaWkpv3x3d/dJkyZZF3Tp0oUvlJeX37hxw7qgoKCAL2i12nbt2inV9vDhw3yhW7dufDTafi7Yz0ppSNEgxiA3bNjw559/OrYTNze3cePGsX8Soaamhg9h8LsJx4ibVTESZs1kMs2ePZsxNmnSpDo94XNMbm4uXwgODiYL1Gq1uPkSxU61detWo9HIGBs5cqSfn591QWBg4COPPMIYq66u3rhxo3XB+vXr+cL48eO1Wq1SbcWPT7wxtJ8L9rNSGlI08Jc0Y6ywsDAkJGTp0qXZ2dkO7IenwIEDB4qKig4ePFhYWKjRaMTO66qwsPCbb75hjKlUKvI+mVu5cuWFCxc8PT1XrVrl2IHq5Pfff+cLbdu2tVUj7rEvX778H5xSYmIiX5DppcTERF9fX8bYq6++OmvWLL1eX1lZWVJScvz48XHjxvHXfMeOHS0modSzrZjLxF/D2dnZU6ZM6dChg1ar9ff379+///Lly4uLi8kTdsF+VsydHuyoG+sbUV9f36eeemrdunUys1nMhyElSaqtreU/rY8//jgqKooxNnToUF7pwDCkuN2YOnWqrZr8/HwPDw/G2MqVK8VKpw5DinE1mYHxmTNn8prIyEiljmuLGIAMCAiorq6Wqbx48aKtmy+VShURESHTV461ffjhh3nNkSNHPv/8c/E02py3t3dqaqp1W8X72XU0pLsGxtiWLVteeOEF8zfqRUVFKSkpsbGxXbt27d27N383K0+MOG7ZsmXPnj2MsYkTJzp2PgkJCTt37mSMtW/ffu3atbbK5syZYzQaAwMD582b59iB6kq83+aRJEnSvHnzvL29W7VqFR8fzzc1btyYL4gRWecRA5BRUVFiXhmJTw0QLyfBzc1t0aJFO3bs4LcGCratrKzkC7m5uRMnTiTnU5eXl48ePVqMSgiu1s9KutPZ5IgzZ87MnDlTzCexMGbMmL///tu83uKuQZKkX375RdRrtdry8nK+vk53DWlpafwvjE6ny8zMtFUmpmNYTMRy6l2DGJZbt26dJEk5OTniWBqNpqqqSpKkF198ka958sknlTouqbS0VLw8zp8/L1NZU1Pz5ptvWowFmGvatOmGDRuUbSv6qk2bNoyxIUOGHDhwoLy83GQy5eTkLFmyRMxN6NSpk8WUB8X72XU0sLsGrlu3bps2bSosLMzIyFizZs2oUaPMY2L37t0xMTHye+jevfsDDzzAlyMiIuyZfG3h5MmTo0aNunXrlru7++7du0NCQsiyyspKfqcwfPjwJ554oq5HcZh42M5H/u6///7o6GgvLy9/f/9Vq1bxROObGGM6nc6pJ7N161Y+87pPnz7itUSKiYlZtmyZyWTy9PRcsWJFTk6O0Wi8cePG6dOnY2Nj+ZyFWbNmkeM1DrcVl19QUDBhwoQDBw6EhYU1bdq0UaNGnTt3Xrp0Kb8xZIzl5eUdPHjQvK1L9bPC7nQ2KaO6unr//v3dunXjF6VSqc6ePSu2Wt81SJK0bNkyvnLXrl1ipZ13DXq9vlmzZowxtVqdnJwsUxkbG8sYc3d3z83Ntdjk1LuGQYMG8bLXXnvNVs348eN5zXPPPafUcUliiD4hIUGm7Mcff+RljRo1sp4rKUnSF198wQvc3d0tpi3Vp+2AAQP4Jjc3t6tXr5Ln1rNnT16zaNEi8/WK97PraJB3DdY0Gs3w4cN/+OGHVq1aMcYkSUpNTZVvsnjxYt4FY8eOrdOxsrOzw8PDS0tLVSpVYmKi+MFby8rK+vDDDxljsbGx4snrf0MMmP/xxx+2asQmhyd02OPo0aP8QVKTJk0mTJggU7llyxa+EBkZ2atXL+uCcePG8VHGW7dubd++Xam2rVu35guhoaEtW7Ykz018wsJi2pLr9LPi7pJo4Hx9fcUzSCc9Q87JyXnssceuXbvGGIuPjxdzt0l6vb6mpoYxtnr1autvKxDvaBhj4rsbxITfeurcuTNfyMrKIgtqa2vPnTtnUewMYgByzJgx8m/cTp8+zRceeughWzXiaYJer1eqrUhtmQFOfpPIGKuoqDBf7zr9rLi7KhqY2TNkk8mk+M5zc3MHDx78119/McbWrFkjpse7IPFQLSsrq7S01LogMzOzvLycL5N/ZhVRVlYmnhnJxygze1Ig2fEf1URx/duKcSKZee6iD729vc3Xu0g/O8PdFg1nzpzhC+R8u/rIy8sbMmTI1atXGWPvvPPO/Pnzld2/sgYOHMgHvWpqaizun7mkpCS+EBQU1L59eyedhhiAbN++/cCBA+WLxVhyenq6rZqTJ0/yBYu/8PVpGxYWxj9VnZmZyXPf2s8//8wXLPrKRfrZGe6qaDh06JAYTO7bt6+Ce87Lyxs8eLDBYGCMvfXWWwsXLrSn1eTJk2WGechhyMcff1yRE9ZqtWIM5e233+aJJpw9e1bMJiY/zqAUMQNy6tSpt/3YkngvkJycLF7G5r7++utjx47xZT4tWpG23t7eYWFhjLHq6mr+sXqLtl999ZV4wzJkyBDzTS7Sz07h1EFOZcXHx/fr12/hwoXJyckZGRmXLl0qKyurrq4uKSk5cuRITEyMmMfWsmVL82/OIJ9QkMgnFLm5uWKkSgxe1p9Tn1BIkpSfny8mF3Xs2DE1NbWioqK4uHjr1q3iz2aLFi3IjzDX57jC0aNHeROVSnX58uXb1mdkZIj40Ol0y5cvz8nJMZlMN2/ezMzMXLBggfj5enl5WTxKqE9bSZJEajDGwsPD09LSKioqTCZTbm7u0qVLxbyG4OBg649sK9vPrqMhRQM5c96aRqOx+KaWekZDnd47lJaW2nk5dkaD/Ki+MGXKlLr2mFqtJif/1v+4HJ+EzhgLCwuzs08WLFhgz0E3b96sbFvpn8fMMrRa7YkTJ8i29elnl3VXvaFgjLVu3TolJWXUqFF3+kRcwssvv7xs2TJyYrJOp0tKSho5cqSTDl2nAUghLi5u+fLl5KcYOG9v723btpEf0KpPW8bY2rVr582bZ+vD8v7+/vv377f1+OMO9rPzEN+B67Lmzp07YMCA9PT0EydO5OfnFxcXFxcXX79+XafTBQQE9OjRY8SIEWPHjr3td4f+X1m8ePHIkSM3bdqUlpZmMBg0Gk3btm0jIiKio6OdOiq2bds2PgDp4+Nj/tWMt/X6669HRUVt3rz50KFD58+fLysrU6vVzZs3DwkJGTZsWFRUFPm1CPVvq1ar165dO3ny5KSkpLS0tIKCghs3bjRv3jw4ODgiImLGjBnkN8QId6qfnUcl2fGwBwD+39xtbygAQBGIBgAgIBoAgIBoAAACogEACIgGACAgGgCAgGgAAAKiAQAIiAYAICAaAICAaAAAAqIBAAiIBgAgIBoAgIBoAAACogEACIgGACAgGgCAgGgAAAKiAQAIiAYAICAaAICAaAAAAqIBAAiIBgAgIBoAgIBoAAACogEACIgGACAgGgCAgGgAAAKiAQAIiAYAICAaAIDwP4LLHnr/tDmAAAAAAElFTkSuQmCC"}}, {"model": "core.batch", "pk": "BAT241105055", "fields": {"sterilization_method": "SM2410172257", "date_created": "2024-11-04T17:59:52.972Z", "operator": "241017479669", "completed": true, "barcode": "data:image/png;base64,iVBORw0KGgoAAAANSUhEUgAAAZIAAACYCAIAAABBDPh/AAAOJUlEQVR4nO3de1BU5f8H8GeXJWBYBUIIHYGISgsDL1FWM5FJCNrGFF3FxLKJmXCKzHGmCLuNmgpFdDFrLCLCacIiMrEcE7XGLoSsLiGKM8YtucRlQduVhf3+8fzm+e3s5ezhsux+4P3665lzntse8M25PHtUmM1mBgBAh9LdEwAAGBnEFgAQg9gCAGIQWwBADGILAIhBbAEAMYgtACAGsQUAxCC2AIAYxBYAEKNyXdcKhUKUxVeI+EarbxTZ3Wi3K7t1rJrbHVeiNzmdy6zgaBpyerA7GelO7O512txqr92fhd0JS+yyrWO3odONVntHMTdX9CZxnKXr2N0l50djdxoSG61I/Itw1JtEn3J+CSU+qSvgbAsAiEFsAQAxiC0AIAaxBQDEILYAgBjEFgAQg9gCAGIQWwBADGILAIhBbAEAMYgtACAGsQUAxCC2AIAYxBYAEIPYAgBiEFsAQAxiCwCIQWwBADGILQAgBrEFAMQgtgCAGMQWABCD2AIAYhBbAEAMYgsAiEFsAQAxiC0AIAaxBQDEILYAgBjEFgAQg9gCAGIQWwBADGILAIhBbAEAMYgtACAGsQUAxCC2AIAYxBYAEIPYAgBiEFsAQAxiCwCIQWwBADGILQAgBrEFAMQgtgCAGMQWABCD2AIAYhBbAEAMYgsAiEFsAQAxiC0AIAaxBQDEILYAgBjEFgAQg9gCAGIQWwBADGILAIhBbAEAMYgtACAGsQUAxCC2AIAYxBYAEIPYAgBiEFsAQAxiCwCIQWwBADGILQAgBrEFAMQgtgCAGMQWABCD2AIAYhRms9ndcwAAGAGcbQEAMYgtACAGsQUAxCC2AIAYxBYAEIPYAgBiEFsAQAxiCwCImbqxVVZWprBHrVZHRkZqNJoPPvigr69PTlfV1dWiuUql6u7utlutqqrK7ohOtbS08B6GhoZqamree++9xx57LD4+/uqrr1ar1b6+vrNmzUpJSSkoKOjt7R3pceju7g4JCRFjdXV1Oap54cKFH374Ydu2bStXroyJiVGpVLzJqlWrnI4ylracVqvNysqaO3futGnTgoKCYmNjX3rppfPnz0s0efDBB50e25dfftmjxh2XOU9+5qnqq6++cnpwQkJCysvLnXaVm5tr2aq4uNhutcOHD4/uZ9Tc3Mx7+Pzzz6VrBgYGlpaWjug4PPXUU5Y9dHZ22q3233//ORo0PT1deoixtOU2b96sUqlsm6vV6pKSEket0tLSnB1alpOT41Hjjn3OU8HUPduSo7OzMy0t7fvvv5eu9u233zLGlMr/O5gVFRUun5kDvb29K1eu3LVrl8z6x48f3717t0unNHZvv/12Tk6OyWSy3TUwMLB69er9+/dPpnHBOXfnptuIsy1/f3/L7ZcuXaqvr8/Pzw8MDOQVwsPDBwcHHfUjrhcSExNnz57NGFOr1QaDQf5MUlNTeQ9ZWVnSNffs2RMXF5eZmVlUVPTrr7+eO3dOr9cbDIa6uroXX3zR29ub9+Pj43PmzBmn45pMpri4OMZYUlKS+H1wdLZlMBjCwsKWLVu2cePGL774QqfTrV27ljdxesY0lraNjY3ifOeaa64pLy/v6+vr6ur67LPPgoOD+faQkJD+/n7btuLM5bvvvnN6NDxk3LG0nToQW9axJVhe0x0+fNhRP++88w6vk5eXJy64Kisr5c9EfmxJszwrfP75553Wf+utt/i/vePHjzuNLVuZmZkyo2csbdesWcNrzpgxo62tzXJXbW3tFVdcwfe++eabtm3HEgHuGhexJQcuEh266667+NkTY+yvv/5yVE1cEiYnJycnJ/Myv2ycYMuXL1+2bBkvHz16VLpyW1vbK6+8whjbvHmzOK/0NEajsaysjJdzc3NnzpxpuTcuLu7pp5/mZad3/UiMCzIhtqRceeWVvDAwMGC3Ql9fHw+I2bNnx8TEJCYm8isL/qdywuYp3HHHHbwg8UCQy87O7u/vX7hwobhe80BHjhzhR16pVNp95vjEE0/wQl1dnfTTPRLjgkyILYeGh4ebm5t5OSwszG6d/fv3Dw4OMsb4eVZAQMDixYsZY62trX/++edEzfT/KRQKXggNDZWo9uOPP/Jr5MLCQvEkwQNVV1fzwrx588SfEEvz58+fPn26VWW644JMnvsr63alpaU9PT2MMYVCkZCQYLeOuBgUl4cpKSm84JbniVqtlhduu+02R3WMRmNWVhZjLD09XZydeaaGhgZemDdvnt0KSqUyJibGqrKt3bt3x8fHBwYG+vn5hYeHazSanTt3SizLcNe449V20kNsWbt06dKpU6c2bdok7q+vXbs2MjLStubg4OCBAwcYYyqVKjExkW904+2tjo6Offv2McYUCoW4irG1devWxsZGtVq9ffv2CZzdaDQ1NfFCRESEozrh4eG88PfffzuqU15eXl1d3dfXZzAYWlpa9u3b98wzz0RFRR08eNCjxh2vtpMeYotdvHjRcgmyv79/bGzsG2+8YTQavby8MjMz33//fbsNq6qq+DL6xYsXBwQE8I0LFiy46qqrGGMnT56c4Lse2dnZBoOBMZaRkTF//ny7dRobG7dt28YYy8nJmTVr1kRObxTELUWJhwZil6P7j460t7cnJyeXl5d7zrgubTuZILYcioyM/OSTT3bu3CmedluxfIYoNioUCvE4byKvEz/66KM9e/YwxqKiovLz8x1VW7duncFguPbaa9evXz9hcxu1ixcv8oKvry9jzGw2r1+/PiAgYObMmYWFhXyXn58fL9jGR3Bw8OrVq/fu3Xvq1Kmurq7Lly+3trZ+88034gc0PDz8+OOPt7W1eci4Y2w7hbh5AYb7yPlyD2NswYIF9fX1dnsQVxDV1dWW20tLS/n2pUuXypnJ2NdtHTp0iK819ff312q1jqp9+eWXfCCrNUH19fXi83rUuq25c+fyagUFBWaz+fTp02KeXl5ely9fNpvNzz77LN9y3333yZ9AQUGB6Co7O9tDxnVd20kGZ1t2Vsk3NjZ++umnN910E2PsxIkTCQkJra2tVq1qa2v5HZDQ0NCFCxda7kpKSuKP544cOTKK7zaP1O+//56amjo4OOjt7b13797Y2Fi71fr7+/kZVkpKyr333uvqWY0LtVrNC/zi97rrrsvMzJw2bVpoaOj27dt5UvNdjDF/f3/5PT/33HOPPvooL3/99dceMq7r2k4yiC1rfn5+0dHRa9as+eOPP+68807GWEdHx4YNG6yqiTvuSUlJYtkBFxwcHB8fzxgzmUyVlZUuna1Wq01OTh4YGFAqlSUlJeJSwtamTZtaW1u9vb0t/2h7OBEfPP2VSuWHH36o1+vb29vFRa74wyAqyySWjDY1NbW3t3vCuC5tO5kgthzy8fHZunUrL5eVlen1esu94r5VSUmJ7atFfvvtN77Xpc8T6+rq7rnnnp6eHoVC8fHHHz/88MOOaup0unfffZcxlp2dff3117tuSuNLXIaLBXS2xC67T3sl3HjjjaLc0dHhCeO6tO1kgtiScsstt/AzKZPJJJZEMcZaWlpqamrk9HDgwAG+HnXcnT59eunSpZ2dnYyxwsLCJ598UqJybW3t0NAQY2zHjh22IXvDDTeImuLdW3xth3vNmTOHF3Q6nd0Kw8PD4ntXovIoWJ0vu2vcCWtLHWJLikql8vLy4mW+9JST/4iwr6+vqqpq3CfW0NCwZMkSfpmQl5e3bt26cR/CE9x88828oNPpLI+/oNVqxascFy1aNKLOLZeJWn2pwF3jurTtZILYknL27FnxuqWgoCCxXVz6SbxoQSxAHfdlEGfOnLn77rsvXLjAGNuyZcsLL7wwvv17joSEBH7De2hoqKSkxLZCUVERL8TExERFRY2oc9E2KirKKgLcNa5L204qrn9Y6aGcvrjGbDZnZGTwOvxVy3yjXq8XK7kOHjzoqK248x0RESE9kxEtgGhoaBDLRF977TWn9eXw2AUQZosfQUhIyD///GO56+TJk+IHsWXLlhFNoLi4WFxkbdy40XPGdVHbSQaxZR1bBoOhqampvLzcchHpAw88ICqI1U9qtdpoNDrq/9y5c6L5iRMnJGYiP7YsMys3N1fW55TBk2Pr7Nmz4jo9Ojq6oqJCr9f/+++/xcXFM2bM4NuDg4P1er1Vw1WrVmk0mvz8/GPHjjU0NHR3dw8ODnZ0dFRWVj700EPi8wYFBdn9yG4Zd4xznjoQW86FhYWdP39eNExPT+fbU1NTpYcQqxZfffVViWryY2tE14M9PT0yD4XM2HrkkUfkjJuRkTG+bXfs2CHRRKlUVlRU2LZasWKF0+F8fHx++uknR5934scd+5ynCNzbcuL2228/evSoeMhtMpnEG8SXL18u3Vas6nTj2+UngQ0bNrz++uvi3MeSv79/UVGRRqMZRbdz5sz55ZdflixZ4mnjuqjtZGLnfyWZ4nx9fadPnx4dHb1o0aK0tLSEhATLJ83Hjh0Tj5bEO2oc0Wg0eXl5jLGamprm5mbxzgAYqdzcXI1Gs2vXrkOHDrW1tXl5eUVERKxYsSIzM9PRHfGioqKKioqff/5Zp9O1tLT09vYajUa1Wh0WFnbrrbempqbef//9Tt81NsHjjsucpwKF2R0v4QQAGDUkNwAQg9gCAGIQWwBADGILAIhBbAEAMYgtACAGsQUAxCC2AIAYxBYAEIPYAgBiEFsAQAxiCwCIQWwBADGILQAgBrEFAMQgtgCAGMQWABCD2AIAYhBbAEAMYgsAiEFsAQAxiC0AIAaxBQDEILYAgBjEFgAQg9gCAGIQWwBADGILAIhBbAEAMYgtACAGsQUAxCC2AIAYxBYAEIPYAgBiEFsAQMz/ADFCB9damrGuAAAAAElFTkSuQmCC", "date_completed": "2024-11-12T20:33:29.461Z"}}, {"model": "core.batch", "pk": "BAT241105657", "fields": {"sterilization_method": "SM2410172257", "date_created": "2024-11-04T18:01:19.204Z", "operator": "241017479669", "completed": false, "barcode": "data:image/png;base64,iVBORw0KGgoAAAANSUhEUgAAAZIAAACYCAIAAABBDPh/AAARE0lEQVR4nO3de1BU1QMH8LPLIhKrgAihqYSUWiCIpmlp+EBFbWMUy0ICSydm1ClSpxkz1DIzVPLRw1cWIek4+SA0tIwQhdQilYQUxEmRJQUFFtR2ee3vj/P7nd/O7r1378LicuT7+evM3nPuOdxdv3vPveeuCqPRSAAA+KF09AAAAGyD2AIAziC2AIAziC0A4AxiCwA4g9gCAM4gtgCAM4gtAOAMYgsAOIPYAgDOqNpv1wqFgpXZI0T0RbMnigRfFNyVYB2z5oL9SuxNzs5lVhAbhpw9CA5GeieCW602N9sq+F4IDlhik2UdwYZWXzTb2oqxSbwoZ/xyGpqx+k7Z9Cbaujc5XZgR/LxJNJEzfluPcBvhbAsAOIPYAgDOILYAgDOILQDgDGILADiD2AIAziC2AIAziC0A4AxiCwA4g9gCAM4gtgCAM4gtAOAMYgsAOIPYAgDOILYAgDOILQDgDGILADiD2AIAziC2AIAziC0A4AxiCwA4g9gCAM4gtgCAM4gtAOAMYgsAOIPYAgDOILYAgDOILQDgDGILADiD2AIAziC2AIAziC0A4AxiCwA4g9gCAM4gtgCAM4gtAOAMYgsAOIPYAgDOILYAgDOILQDgDGILADiD2AIAziC2AIAziC0A4AxiCwA4g9gCAM4gtgCAM4gtAOAMYgsAOIPYAgDOILYAgDOILQDgDGILADiD2AIAziC2AIAziC0A4AxiCwA4g9gCAM4gtgCAM4gtAOAMYgsAOIPYAgDOILYAgDOILQDgDGILADiD2AIAziC2AIAziC0A4AxiCwA4g9gCAM4gtgCAMwqj0ejoMQAA2ABnWwDAGcQWAHAGsQUAnEFsAQBnEFsAwBnEFgBwBrEFAJxBbAEAZzpvbO3bt08hRK1W+/n5aTSaL774QqfTydlVfn4+a65SqaqrqwWrHT9+XLBHq8rLy+kempubz549+9lnn73yyivDhw9/9NFH1Wp1165de/fuPWXKlI0bN9bW1tp6HKqrq729vVlft27dEqt548aNH3/8MSkpKTo6OjAwUKVS0SYxMTFWe2lLW6qgoGDBggWDBg3q1q2bp6dncHDwu+++e/XqVYkmM2fOtHps33vvPatdZ2dnz58/PygoyMvLy9nZ2cfHZ+zYsUlJSZcvX7Zvv6NHj5b/qfjyyy/lHbkHkbGz+u6776weHG9v7/T0dKu7SkxMNG2VmpoqWC07O7t179H169fpHnbt2iVd08PDY/fu3TYdh3nz5pnuoaqqSrDav//+K9bp7NmzpbtoS1tq9erVKpXKsrlarU5LSxNrFRUVZe3QkmXLlkn0q9Vqp02bJtbWxcXFvv0+++yzVhsyBw8elHPoHkid92xLjqqqqqioqB9++EG62vfff08IUSr/ezAzMjLafWQiamtro6Ojt23bJrP+qVOndu7c2a5DarsNGzYsW7asqanJctOdO3diY2MzMzPbo99//vknLCzM6rvvEJ6enlOmTHH0KBzH0bnpMOxsy83NzfT1e/fuXbx4MTk52cPDg1bo27dvY2Oj2H7YPCU8PLxPnz6EELVardfr5Y8kMjKS7mHBggXSNffs2RMSEhIfH5+SknL69OkrV67U1dXp9fqioqKlS5c6OzvT/bi4uJSUlFjtt6mpKSQkhBAyadIk9nkQO9vS6/W+vr6TJ09+5513vv3228LCwrlz59ImVs+Y2tK2tLSUnWf1798/PT1dp9PdunXrm2++8fLyoq97e3vX19dbtmVnPYcOHbJ6NMy0tLSMHj2aHZYxY8bs37+/oqKioaGhurr69OnTK1asGDJkiGDbtvQrbcOGDTI/Kg82xJZ5bDGmc7rs7Gyx/WzatInWWb9+PZtwHTlyRP5I5MeWNNPzgrfffttq/U8++YT+mz916pTV2LIUHx8vM3ra0nbOnDm0Zs+ePSsqKkw3nT9/vkuXLnTrxx9/bNm2LfFhOh9fvHhxc3Oz/LbtF1tPPvkk3XN+fr5998wXTBJFjR07lp49EUL++usvsWpsShgREREREUHLdNp4n02dOnXy5Mm0fOLECenKFRUVK1asIISsXr2anVd2NAaDYd++fbScmJjYq1cv060hISFvvPEGLVu96mcr9m00ceLEdevWsSsADpSbm0s/h8HBwcOGDXP0cBzJ8W9GR9ajRw9auHPnjmAFnU5HA6JPnz6BgYHh4eF0RkO/Zu/bOBl2TVfihiCVkJBQX18/dOhQNl/rgHJycuiRVyqVgvccX3vtNVooKiqSvqtok5KSkvz8fFpOSkpSKBT22nNbbN++nRbYX91pIbZEtbS0XL9+nZZ9fX0F62RmZjY2NhJC6HmWu7v7yJEjCSFarfaPP/64XyP9P/YPzMfHR6LaTz/9ROfImzdv7gjnEWJYdgQFBbGvEFNDhgzp3r27WeW2y8nJoYXBgweHhobaa7dtUVNTQ98yZ2fn2bNnO3o4DtZxP7IOt3v37pqaGkKIQqEICwsTrMMmg2x6yO7vOOR+YkFBAS2MGjVKrI7BYFiwYAEhZPbs2Tbdcb//iouLaSEoKEiwglKpDAwMNKtsaefOncOHD/fw8HB1de3bt69Go9myZYvEsgx2GNmku3Vs7VdCamqqXq8nhGg0Gm9v77aM6gGA2DJ37969CxcuLF++nF1fnzt3rp+fn2XNxsbGo0ePEkJUKlV4eDh90YGXtyorKw8fPkwIUSgUEvOINWvWlJaWqtXqtWvX3sfRtUZZWRkt9OvXT6xO3759aeHatWtiddLT0/Pz83U6nV6vLy8vP3z48Pz58/39/Y8dOyZYn60jpZlYVFQUFxfXv39/FxcXHx+fMWPGfPjhh7dv37Y6flv7lbBjxw5awAyRILYIIXfv3jVdfOzm5hYcHLxq1SqDweDk5BQfH//5558LNjx+/DhdRj9y5Eh3d3f6Ymho6MMPP0wI+fPPP+14tUWOhIQE+oUcFxc3ZMgQwTqlpaVJSUmEkGXLlvXu3ft+Dq8V2CVFiZsGbJPY9UcxN2/ejIiISE9Pt9zEno4ICAjYu3dvaGhoamrq33//3dDQUFVVlZubm5iYGBAQcOjQIZt6tNqvmNzc3KKiIkKIr69vp16u9T+ILVF+fn5fffXVli1b2F12M6b3ENmLCoWCzSzu5zxx+/bte/bsIYT4+/snJyeLVVu4cKFer3/ssccWLVp038bWanfv3qWFrl27EkKMRuOiRYvc3d179eq1efNmusnV1ZUWLGPLy8srNjZ2//79Fy5cuHXrVkNDg1arPXjwIHuDWlpaXn311YqKCrOG9fX1tFBcXBwdHU0vX5rR6XTTp09nV8Hs0q8YdjE+NjbWyclJZqsHmaNXYDiMnId7CCGhoaEXL14U3AObuZgtotm9ezd9fcKECXJG0vZ1W1lZWXStqZubW0FBgVi1vXv30o7M1hNdvHiR/b0dat3WoEGDaLWNGzcajcZLly6xcTo5OTU0NBiNxjfffJO+8sILL8gfwMaNG9muEhISxPp95JFHCCHjx48/duyYTqczGAyXLl1asWIF+yYbMGCATUu6pPsVVFNTw6JZ7KPY2eBsS2CVfGlp6ddffz148GBCyLlz58LCwrRarVmr8+fP0ysvPj4+Q4cONd00adIkensuJyenFc822+q3336LjIxsbGx0dnbev39/cHCwYLX6+np6hjVlypTnn3++vUdlF2q1mhbo5Pfxxx+Pj4/v1q2bj4/P2rVraVLTTYQQNzc3+Xt+6623Xn75ZVo+cOCA2Va2K61WO2vWrGPHjoWHh3fv3r1Lly4DBw5cuXIlPbElhJSUlPz888/26ldQamoqvYo/atQolqedHGLLnKura0BAwJw5c37//ffnnnuOEFJZWblkyRKzauyK+6RJk8zW9Xh5eQ0fPpwQ0tTUdOTIkXYdbUFBQURExJ07d5RKZVpamsSdr+XLl2u1WmdnZ9Mv/A6OxRZNf6VSuXXr1rq6ups3b7JJLvtiYJVlYktVy8rKbt68abqJxZZKpdq0aZPlGpEZM2aw7yrBeWLr+hWE5VqWEFuiXFxc1qxZQ8v79u2rq6sz3cquW6WlpVn+qMiZM2fo1na9n1hUVDRx4sSamhqFQrFjx46XXnpJrGZhYeGnn35KCElISBgwYED7Dcm+2DScLaCzxDYJ3u2VwB6UIYRUVlaabmI3K0JCQugNFkvsiUVbb7xI9GspLy+PXox/6KGHZs2aZVNHDzDElpQRI0bQM6mmpia2locQUl5efvbsWTl7OHr0qOAF3ba7dOnShAkTqqqqCCGbN29+/fXXJSqfP3++ubmZELJu3TrLkH3iiSdYTfbbW3Rth2MNHDiQFgoLCwUrtLS0sOeuWOVWMDtfZsnes2dPsSaenp60YPZ91pZ+LbFTraioKLawFhBbUlQqFbtxQ5eeUvJvEep0uuPHj9t9YMXFxePGjaNTjPXr1y9cuNDuXXQETz31FC0UFhaaHn+moKCALVaw9TE90+WpZg8VsOuDEs9IsfGwtS9t79dMbW0tu3Ek/bXU2SC2pFy+fJn9zBP7diUmUz+JH1pgC1DtvgyipKRk/PjxN27cIIR89NFHixcvtu/+O46wsDB6mam5uTktLc2yQkpKCi0EBgb6+/vbtHPW1t/f3yw+2LOlBQUFYpefcnNzWXN79WuGXYz39/cXe06jc0JsSVm9ejUtqFQq9nxJfX09O4GaOnWqWFt2t86+sVVSUjJu3Di65Of9999funSpnFYxMTESt5MFF0CYLkZzFBcXl5kzZ9LyqlWraFIzFy5c2Lp1Ky3b+pjerl27WHy8+OKLZlvd3d3pt05TUxP9ZjKrcODAAXaVYPz48fbq1wxbGT9nzpwO8jh3R2GPVRRcEvu9Lb1eX1ZWlp6ebvrvdsaMGawCW/2kVqsNBoPY/q9cucKanzt3TmIk8tdtFRcXs6vFiYmJsv5OGTrsui2j0Xj58mU2Tw8ICMjIyKirq7t9+3Zqaiq78OTl5VVXV2fWMCYmRqPRJCcnnzx5sri4uLq6urGxsbKy8siRI6Z54enpKfgn//rrr6zOxIkTs7Ky6urqDAZDcXHxypUr2bqtoKCglpYWO/bL5OXl0ZoKheLatWvyjmtngdiyztfX9+rVq6wh+2KPjIyU7oKtslm5cqVENfmxZdN8sKamRuahkBlbMu9kxcXF2bftunXrJJoolcqMjAzLVhK/Ac+4uLj88ssvYn9vQkKC1eZnzpyxe79UbGwsrRweHi5dsxPCJNGKZ5555sSJE+zmelNTE/vlcokZItVO88TOZsmSJR988IHgQy1ubm4pKSkajaYVux04cGBeXt64cePEKiQnJy9atEjsh318fHwyMzNHjBhh934JLsZbI/C/oXRyXbt27d69e0BAwLBhw6KiosLCwkwvK5w8eZLdQrL6UKtGo1m/fj0h5OzZs9evX2e/VQC2SkxM1Gg027Zty8rKqqiocHJy6tev37Rp0+Lj48WuiKekpGRkZOTm5hYWFpaXl9fW1hoMBrVa7evr+/TTT0dGRk6fPl36t8aUSmVycnJMTExKSkpWVpZWq717926PHj2CgoKmTZs2b968bt26tUe/hJBdu3bRi/EeHh7Tp0+XfZw6C4XRET/CCQDQapgkAgBnEFsAwBnEFgBwBrEFAJxBbAEAZxBbAMAZxBYAcAaxBQCcQWwBAGcQWwDAGcQWAHAGsQUAnEFsAQBnEFsAwBnEFgBwBrEFAJxBbAEAZxBbAMAZxBYAcAaxBQCcQWwBAGcQWwDAGcQWAHAGsQUAnEFsAQBnEFsAwBnEFgBwBrEFAJxBbAEAZxBbAMAZxBYAcAaxBQCcQWwBAGcQWwDAGcQWAHDmP3+saeq1mKV6AAAAAElFTkSuQmCC", "date_completed": null}}, {"model": "core.batch", "pk": "BAT241111312", "fields": {"sterilization_method": "SM2410171894", "date_created": "2024-11-11T14:00:01.261Z", "operator": "241028342765", "completed": false, "barcode": "data:image/png;base64,iVBORw0KGgoAAAANSUhEUgAAAZIAAACYCAIAAABBDPh/AAAMZklEQVR4nO3cfUyV5R/H8evIATEJyQTJdOBslrOyZJQPLdQUwUL+cKspbOBDc06X9DAba1L9YczEInJlT9oMbSvbzErANSX7A4tCNBBFMhBBhQThiEGA/P64frt/DO5zzo2ec/h94f366+qc68n7On24r3Pf57b19PQoAJBjxGBPAAAGhtgCIAyxBUAYYguAMMQWAGGILQDCEFsAhCG2AAhDbAEQhtgCIIzde13bbDajbPyESL/Y5xdFpi+admVap09z03Fd9Galc4sVnE3DSg+mk3Hdiem7bpv3edd0LUwn7OKt/nVMG/q4twENYdrQ9WF0W8fKNKx8Tlx8Qvp0Yn3CpqNbOUR9aprOzUVvHsHZFgBhiC0AwhBbAIQhtgAIQ2wBEIbYAiAMsQVAGGILgDDEFgBhiC0AwhBbAIQhtgAIQ2wBEIbYAiAMsQVAGGILgDDEFgBhiC0AwhBbAIQhtgAIQ2wBEIbYAiAMsQVAGGILgDDEFgBhiC0AwhBbAIQhtgAIQ2wBEIbYAiAMsQVAGGILgDDEFgBhiC0AwhBbAIQhtgAIQ2wBEIbYAiAMsQVAGGILgDDEFgBhiC0AwhBbAIQhtgAIQ2wBEIbYAiAMsQVAGGILgDDEFgBhiC0AwhBbAIQhtgAIQ2wBEIbYAiAMsQVAGGILgDDEFgBhiC0AwhBbAIQhtgAIQ2wBEIbYAiAMsQVAGGILgDDEFgBhiC0AwhBbAIQhtgAIQ2wBEIbYAiAMsQVAGFtPT89gzwEABoCzLQDCEFsAhCG2AAhDbAEQhtgCIAyxBUAYYguAMMQWAGGGdWzt37/fZiYoKCgiIiIhIeGDDz5oaWmx0tVvv/1mNLfb7U1NTabVCgsLTUd06+LFi7qH7u7ukpKSHTt2LF++PDo6OjIyMigoKDAwcMKECfHx8dnZ2deuXRvocWhqagoNDTXG+vvvv53VvHz5ckFBwdatW1esWDF9+nS73a6bJCcnux3lltsOyqB//fXXnj17XnjhhZiYmEmTJo0aNWrkyJH33HPPokWLtm3b5uIQ3c643ljcoalnGPv666/dHp/Q0NADBw647Wrz5s29W+3Zs8e02tGjR29tmWpra3UPX3zxheuaISEh+/btG9BxWLNmTe8eGhsbTav9888/zgZNSkpyPcQttx2UQZubm10f5DvvvHPXrl0eH9cbizskDeuzLSsaGxuXLVv2ww8/uK727bffKqVGjPjv8Tx48KDXZ+bEtWvXVqxY8dFHH1msX1RU9Nlnn3l1SkOPw+FYtWrVe++95+NxB7q4QxWxpZRSo0eP7p3lN27cqKio2L59e0hIiFKqu7t73bp1XV1dzprX1NScOnVKKbVgwYKJEycqpfLz8zs6OvrXnDdvnulfj8TERF1h/fr1phV0t0opu90+Y8aMtWvXfv7558ePH//zzz9bW1vb29vLy8vT09P9/f11tY0bN547d87tP1z/03p6emJjY91Wttls4eHhixcv3rRp0969e8vKylavXu221W22HaxBIyMjk5OTd+7cWVRUVFVV1dra6nA4ysrKMjMzx40bp6tt2rSpsrLSg+N6dnGHMo+fvwlibBL7xJah957u6NGjzvox/upmZWUZG668vDzrM3EbWxb1Pit88cUX3dZ/5513lFKhoaFFRUVGQ2ebxP7Wrl2rm7jdr3mw7aAM2lt1dbX+e6aUevXVV3027kAXdwjjbMuVefPmGac5p0+fdlbN2BLGxcXFxcXpst42+tiSJUsWL16sy8eOHXNdub6+/vXXX1dKbdmyxfj/EG5FRESkpqbqcnFxsc/GHdDiDm3Elhtjx47VhevXr5tWaGlp0Z+hiRMnTp8+feHChXa7XSn13Xff9QzGQ4Hmzp2rC26vdqWlpTkcjpkzZ1rfdkGbPHmyLrj98t6zrC/u0EZsuXLz5s3a2lpdDg8PN61z6NChzs5OpZQ+zxozZsysWbOUUnV1db///ruvZvo/NptNF8LCwlxUO3z4sN4j5+TkGFcSYNH58+d1YcKECb4c1+LiDnl8Xl3Zt2+f/nNqs9liYmJM6xibQWN7GB8frwuDcj3x5MmTujB79mxndTo6OtavX6+USkpKMv6Aw6KzZ8/u3r1bl5cuXerLoa0s7nBAbJm4cePGH3/8kZGRYXy/vnr16oiIiP41Ozs78/PzlVJ2u33hwoX6xUH8equhoeH7779XStlstpUrVzqrlpmZWVVVFRQU9Pbbb/twdrI1NTWdOHEiPT398ccfb21tVUo98cQTLg6yx1lc3OHAPtgT+L/Q1tZmnH734efnt2bNmpycHNN3CwsL9W30s2bNGjNmjH7x0UcfHT9+/JUrV06dOlVdXR0ZGemdWZtIS0trb29XSqWkpDzyyCOmdaqqqrZu3aqUeu2113y8x5EoOTl57969fV708/NLTU3dsWOHcVOCD1hZ3GGCsy1XIiIidu3a9eGHHwYEBJhW6H0N0XjRZrMZV3x8uU/8+OOPv/zyS6XU5MmTt2/f7qzahg0b2tvb77vvvpdeeslncxtKwsLCDh48+OmnnwYGBvpsUIuLO0wQW67U1NSkpKRERUWdOXPGtIJpbPX+T5/F1pEjRzZs2KCUGj169IEDB4wLoH189dVXBQUFSql3333XWRbDtYaGhqeffjouLu7ChQu+GdHi4g4fxJZSZnfJV1VV7d69+6GHHlJKnThxIiYmpq6urk+r0tJS/cENCwubOXNm77diY2P15bmffvrJBz9//fXXXxMTEzs7O/39/b/55puHH37YtJrD4dBnWPHx8c8884y3ZzU05Obm6k9FW1vb6dOns7Oz9a18BQUFs2fPrqmp8fYELC7usEJsmRg1atSUKVNSU1OLi4uffPJJpVRDQ8Mrr7zSp5rxjXtsbGyfr8buvvvu6OhopVRXV1deXp5XZ3vy5Mm4uLjr16+PGDEiNzfX2J/2l5GRUVdX5+/vn52d7dUpDUl33HHHtGnTNm7cWF5eri/k1dfXr1u3zquDWl/cYYXYcmXkyJGZmZm6vH//fn39yGBsAHNzc/s/auaXX37R73r1emJ5efmiRYuam5ttNtsnn3zy7LPPOqtZVlb2/vvvK6XS0tKmTp3qvSkNecHBwcYNEHl5ed474bK+uMMNseXGY489ps+kurq6jLtmlFIXL14sKSmx0kN+fr6+H9Xjzpw589RTTzU2NiqlcnJyVq1a5aJyaWlpd3e3Umrbtm39Q3batGlGTePZW/reDvR3//3333vvvbrspZuKB7S4ww2x5Ybdbvfz89Pl3r/ksP5de0tLS2Fhoccndvbs2fnz51+5ckUplZWVpb+yhc/cvHlTF9ra2jzeOYvrGrHlxrlz54xH1tx1113G68bWz8Vv8Y0bUD1+PbGysnLBggWXL19WSr311lsvv/yyZ/uHaxUVFZcuXdLl8ePHe7ZzFtctYsuNLVu26ILdbn/wwQd12eFwGCdQS5YscdbWuFrn2diqrKycP39+fX29UurNN99MT0+30io5OdnFk0AqKiqMmsaDa/rc1QHN4XA8//zzuhwQEKB/guopt7a4ww13yZvo6OhoaGgoKSnZuXOn8f3O0qVLjbOtvLy8f//9VykVFBSkLzWaSkhISEtLU0pduHChtLTUI3c29/5Yb968OSMj4/b7RB9xcXEBAQFz586Njo4ODw8fN27c2LFjOzo6zp8//+OPP2ZnZxt3bK1cuTI4ONhT47K4Vt3uA7sks/IseS08PLy6utpomJSUpF9PTEx0PcQDDzyga77xxhsuqll/TOCAtgzNzc0WD4Xp2VZ/zz33nJVxU1JSPNjW94NGRUVZaTVjxgxnR/jWxvXS4g49bBLdmzNnzrFjx4yfUnd1dR06dEiXXewQNS/tEzHoli9ffuTIER6vOCjYJJoIDAwMDg6eMmVKVFTUsmXLYmJiet9N+vPPPxuXFI1n1DiTkJCQlZWllCopKamtrZ00aZL3pg1POXz48PHjx4uKioqLiy9dunT16tWrV6/29PSEhIRMnTp1zpw5ycnJxhed8D1bz2A8gRMAbhmbRADCEFsAhCG2AAhDbAEQhtgCIAyxBUAYYguAMMQWAGGILQDCEFsAhCG2AAhDbAEQhtgCIAyxBUAYYguAMMQWAGGILQDCEFsAhCG2AAhDbAEQhtgCIAyxBUAYYguAMMQWAGGILQDCEFsAhCG2AAhDbAEQhtgCIAyxBUAYYguAMMQWAGGILQDCEFsAhCG2AAjzH0LDcLevppUmAAAAAElFTkSuQmCC", "date_completed": null}}, {"model": "core.batch", "pk": "BAT241111616", "fields": {"sterilization_method": "SM2410171894", "date_created": "2024-11-11T13:48:07.951Z", "operator": "241028342765", "completed": false, "barcode": "data:image/png;base64,iVBORw0KGgoAAAANSUhEUgAAAZIAAACYCAIAAABBDPh/AAAMjklEQVR4nO3cf0yV5f/H8evgQWywoIwDc25o9nNgpk2nlYGI/LCMVZtOsFHpciUr0tbmmoBb5kgwpVar1k9NV2nTfgBmEzQ2tYjAJBFpQ/GQegpEzPh1OJ8/ru/u7xnc5wfKD9/wfPx1cc77uq+Lc85e933d9zm3xeVyKQCQI2C4JwAA/UNsARCG2AIgDLEFQBhiC4AwxBYAYYgtAMIQWwCEIbYACENsARDGOnibtlgsRtv4CZF+sNcvikwfNN2UaU2v7qbjetmaPxv3s8DTNPzZgulkvG/E9Fmf3Xs9a/pemE7Yy1N9a0w7DtfWfH7AVP/fhV5jeXmn/Jmb944+/1P/P2zKw3/qpYs/H0L/tzYgONoCIAyxBUAYYguAMMQWAGGILQDCEFsAhCG2AAhDbAEQhtgCIAyxBUAYYguAMMQWAGGILQDCEFsAhCG2AAhDbAEQhtgCIAyxBUAYYguAMMQWAGGILQDCEFsAhCG2AAhDbAEQhtgCIAyxBUAYYguAMMQWAGGILQDCEFsAhCG2AAhDbAEQhtgCIAyxBUAYYguAMMQWAGGILQDCEFsAhCG2AAhDbAEQhtgCIAyxBUAYYguAMMQWAGGILQDCEFsAhCG2AAhDbAEQhtgCIAyxBUAYYguAMMQWAGGILQDCEFsAhCG2AAhDbAEQhtgCIAyxBUAYYguAMMQWAGGILQDCEFsAhCG2AAhDbAEQhtgCIAyxBUAYYguAMMQWAGGILQDCEFsAhCG2AAhjcblcwz0HAOgHjrYACENsARCG2AIgDLEFQBhiC4AwxBYAYYgtAMIQWwCEGdWxtWvXLouZkJCQqKioRYsWvfPOO62trf5sqqKiwuhutVqbm5tNy8rKykxH9Ons2bN6C06ns7Ky8u233166dOnMmTMnTZoUEhIybty4CRMmpKSkbNmy5eLFi/19HZqbm8PDw42x/v77b0+V586d27dvX15eXlpaWnR0tNVq1V2WLVvmc5Sr7jssg7orLS19/vnnY2Jixo8fHxgYaLPZ4uLi8vLyTp06db2NO1q4RrGvvvrK5+sTHh6+Z88en5tat26de6/PPvvMtKy0tPTq3qbGxka9hW3btnmvDAsL27FjR79ehxUrVrhvweFwmJb9999/ngZNT0/3PsRV9x2WQQ12u/3hhx/2tJGgoKDratzRY1QfbfnD4XA88cQT33//vfeyvXv3KqUCAv7v9fzmm28GfWYeXLx4MS0t7b333vOz/vDhwx9++OGgTkmov/76KzY21udbP2LGFYTYUkqp4OBg9yy/cuXKiRMnCgoKwsLClFJOp/O5557r7u721P306dPHjh1TSsXHx0+cOFEpVVJS0tHR0bcyLi7OdO+RmpqqC1atWmVaoDerlLJardOmTVu5cuUnn3xy5MiRP//889KlS+3t7TU1NWvXrg0MDNRlL774oj9LCf2vuVyuxMREn8UWiyUyMjIpKemVV175/PPPjx8/vnz5cp+9rrHvsAyqlHK5XIsXL66vr9d/zp07d/fu3U1NTZ2dnc3NzUeOHMnJybn77ruvq3FHkQE+ehPFWCT2ii2D+5qutLTU03a2bt2qa/Lz840FV3Fxsf8z8RlbfnLfRb/00ks+6zdv3qyUCg8PP3z4sNHR0yKxr5UrV+oufq59BqTv0Azqvhhfs2aN0+ns71jXw7gjFUdb3sTFxRmHOX/88YenMmNJmJycnJycrNt62TjEFi5cmJSUpNuHDh3yXtzU1JSTk6OU2rBhgz6uhMHYFS1YsGDTpk3G8n+kjisLL4oPN998s25cvnzZtKC1tVUHxMSJE6OjoxMSEqxWq1Lq22+/dQ3HTYEeeOAB3fByQVDLyspqa2ubMWOG/0uYUaKurq6iokK38/LyLBbLyB5XHGLLm56ensbGRt2OjIw0rSkqKurq6lJK6eOs0NDQ2bNnK6Xsdvuvv/46VDP9f8Zn3WazeSn74Ycf9Bq5sLCQXXovBw8e1I2pU6dOnz59xI8rDp9Xb3bs2NHS0qKUslgssbGxpjXGYtBYHqakpOjGsFxPrK6u1o05c+Z4quno6Fi1apVSKj093Tg6g8F4DY0V98geVxxiy8SVK1d+//337Oxs4/z68uXLo6Ki+lZ2dXWVlJQopaxWa0JCgn5wGE9vXbhw4bvvvlNKWSyWp59+2lPZxo0b6+vrQ0JC3njjjSGcnRjGRdjo6GilVE1NTUZGxq233hoUFGSz2ebOnfvaa6/9888/I2ZccazDPYHrwr///uvpPMKYMWNWrFhRWFho+mxZWZn+Gv3s2bNDQ0P1g9OnT4+IiDh//vyxY8caGhomTZo0OLM2kZWV1d7erpTKyMi49957TWvq6+vz8vKUUq+++uqECROGbG6CGD+NmDJlyhdffPHkk0/q8wBKKYfD4XA4ysvL8/Pzt23btmjRohEwrjgcbXkTFRX10Ucfvfvuu2PHjjUtcL+GaDxosViMg/yhXCe+//77O3fuVEpNnjy5oKDAU1lmZmZ7e/ttt922evXqIZubLG1tbbpx8uTJtLQ0Izvctba2PvbYY8bZKNHjikNseXP69OmMjIz77ruvtrbWtMA0ttz/HLLYOnDgQGZmplIqODh4z549xgXQXr788st9+/Yppd58801PWYyenh7dyM3N7enpiY+P379/f2tra0dHR21tbU5Ojn7pnE7ns88+axTLHVccYksps2/J19fXf/zxx1OnTlVK/fbbb7GxsXa7vVevqqqqM2fOKKVsNtuMGTPcn0pMTNSX5w4ePHgVv23ur59//jk1NbWrqyswMHD37t333HOPaVlbW5s+wkpJSXnkkUcGe1ZyBQcH64bdbl+yZMn+/fsTEhJuvPHGsWPH3nnnnbm5ufqoVilVV1f3448/Sh9XHGLLxA033DBlypSnnnrql19+eeihh5RSFy5cePnll3uVGWfcExMTe50aGz9+/MyZM5VS3d3dxcXFgzrb6urq5OTky5cvBwQEbN++3ctFqOzsbLvdHhgYuGXLlkGdknRGfFit1q1bt/b9gsjjjz9u7KgGcL02XOOKQ2x5ExQUtHHjRt3etWvXpUuX3J81FoDbt2/ve6uZo0eP6mcH9XpiTU3NggULWlpaLBbLBx98sHjxYk+Vx48ff+utt5RSWVlZd9xxx+BNaQQwrlRMmzYtIiLCtObBBx/UjYaGBunjikNs+TBr1ix9JNXd3W18rUYpdfbs2crKSn+2UFJSYnpu9drV1tbOnz/f4XAopQoLC5955hkvxVVVVU6nUym1adOmviHr/utc495b+rsdo5AR67fccounmptuukk3eu3MJI4rDrHlg9VqHTNmjG7rr55q/p9rb21tLSsrG/CJnTx5ct68eefPn1dK5efn6/PxGBDGyUEvP5AyPgzGF1/kjisOseXDqVOnjFvWGDs65bb083KjBeMLqAN+PbGuri4+Pv7cuXNKqddff33NmjUDu/1RzvhhaXV1td4x9FVeXq4bkydPlj6uOMSWDxs2bNANq9UaExOj221tbcYB1MKFCz31Na7WDWxs1dXVzZs3r6mpSSm1fv36tWvX+tNr2bJlXu4EcuLECaPSuHFNr291jB6hoaF6l9Pd3a13S70Kvv76a+MUQXx8vPRxxSG2THR0dDQ2Nu7duzclJeXTTz/VDz766KPG0VZxcXFnZ6dSKiQkRF9qNGV8lfnMmTNVVVUDMjf3zFq3bl12dvaAbBa9GC/szp07k5KSDhw40NbW1tnZWVdXt379+qVLl+pnY2Ji4uLiRsC4wlz7Lbvk8ude8lpkZGRDQ4PRMT09XT+emprqfYi77rpLV+bm5nop8/82gf1aD7a0tPj5UpgebfW1ZMkSf8bNyMgYwL7DMqjL5crKyvLeKygo6OjRowP+Ql3LuKMER1u+3X///YcOHTJ+St3d3V1UVKTbXlaI2iCtEzEECgoKVq9e7emuPjabraioaNasWSNmXEGILRPjxo2z2Wxz5szJzMwsLS0tLy+//fbbjWd/+ukn42qOcY8aT4x1YmVlpXHrLogQEBBQUFBQUVHxwgsvREdHh4WFBQYGRkREzJ8/f/PmzfX19YN0dmm4xhXE4hqOO3ACwFXjaAuAMMQWAGGILQDCEFsAhCG2AAhDbAEQhtgCIAyxBUAYYguAMMQWAGGILQDCEFsAhCG2AAhDbAEQhtgCIAyxBUAYYguAMMQWAGGILQDCEFsAhCG2AAhDbAEQhtgCIAyxBUAYYguAMMQWAGGILQDCEFsAhCG2AAhDbAEQhtgCIAyxBUAYYguAMMQWAGGILQDC/A9ygP6XDy9YMAAAAABJRU5ErkJggg==", "date_completed": null}}, {"model": "core.batch", "pk": "BAT241111913", "fields": {"sterilization_method": "SM2410172257", "date_created": "2024-11-11T13:45:49.617Z", "operator": "241028342765", "completed": false, "barcode": "data:image/png;base64,iVBORw0KGgoAAAANSUhEUgAAAZIAAACYCAIAAABBDPh/AAAOg0lEQVR4nO3ce1CU1f8H8LOyICY3LXC9MODgeBklTYZCrUBTLibwBzM1CBMXKXN0BK2BoUbKJiUS45JTmgVlYE1Ro1YCNoNkFhbFTS5yKbm4KItyW1EuC/v94/zm+THLsxdsd+Ej79dfx2fPec5hd33vc57nPI9ErVYzAAA6Zkz2AAAAJgaxBQDEILYAgBjEFgAQg9gCAGIQWwBADGILAIhBbAEAMYgtACAGsQUAxEhNt2uJRCKUhVuI+EaNO4pEN4ruSrSORnPRfnXszZCdG1hB2zAM2YPoYHTvRPRVvc01XhX9LEQHrOOl8XVEG5ptbxpE3w1DNup+G/XW0dGFxsgN/9pM9HulexgT+hREa4p+e3XszShwtAUAxCC2AIAYxBYAEIPYAgBiEFsAQAxiCwCIQWwBADGILQAgBrEFAMQgtgCAGMQWABCD2AIAYhBbAEAMYgsAiEFsAQAxiC0AIAaxBQDEILYAgBjEFgAQg9gCAGIQWwBADGILAIhBbAEAMYgtACAGsQUAxCC2AIAYxBYAEIPYAgBiEFsAQAxiCwCIQWwBADGILQAgBrEFAMQgtgCAGMQWABCD2AIAYhBbAEAMYgsAiEFsAQAxiC0AIAaxBQDEILYAgBjEFgAQg9gCAGIQWwBADGILAIhBbAEAMYgtACAGsQUAxCC2AIAYxBYAEIPYAgBiEFsAQAxiCwCIQWwBADGILQAgBrEFAMQgtgCAGMQWABCD2AIAYhBbAEAMYgsAiEFsAQAxiC0AIAaxBQDEILYAgBjEFgAQg9gCAGIQWwBADGILAIhBbAEAMRK1Wj3ZYwAAmAAcbQEAMYgtACAGsQUAxCC2AIAYxBYAEIPYAgBiEFsAQAxiCwCImdaxlZeXJxFjY2Pj4uISGBj40Ucf9fb2GrKrv/76S2gulUq7urpEqxUXF4v2qNeNGzf4HkZGRsrKyo4dOxYaGurp6enq6mpjY2Ntbb1gwYKAgID09PSenp6Jvg9dXV2Ojo5CX7dv39ZW89atW4WFhSkpKdu3b1+5cqVUKuVNwsPD9fbywG0npVOutbU1MTHxqaeecnR0tLKykslkXl5e7777bnt7u4n6vX79+qlTp/bu3evt7e3s7Dxr1qyZM2fOnz9/y5YtR44c0fHRTC/qaezbb7/V+/44OjqeOXNG764OHDgwttWpU6dEq128ePHBPqa2tja+hy+//FJ3TQcHh9OnT0/ofYiJiRm7h87OTtFq9+/f19ZpWFiY7i4euO2kdMqlpaVZWlqKNrezs8vJyTF6v93d3doacra2tllZWXpH/tCb1kdbhujs7AwJCfnpp590Vzt79ixjbMaM/3s/z507Z/KRadHT07N9+/YTJ04YWL+kpOSzzz4z6ZAoysjI2Ldv3/DwsOirfX19L7300vfff2/mUSmVyujo6IyMDDP3O9UgthhjbPbs2WOz/N69e3V1dUePHnVwcGCMjYyM7Nq1S6VSaWve0tJSVVXFGNu0adOiRYsYYwUFBYODg+Nr+vj4iP56BAcH8wq7d+8WrcB3yxiTSqWrV6/euXPn559/fuXKlX/++aevr29gYKCmpiYxMVE4OoiNjW1sbNT7h/M/Ta1W+/r66q0skUhkMpmfn198fHxubm51dfWOHTv0tvqPbSelU7lcHh8fz8symezkyZNtbW1DQ0MdHR25ublLlixhjI2Ojr7yyitKpdK4f6yrq2t4ePjx48dLSkqampr6+vqUSmV1dXVycvJjjz3Gq8XHxzc0NBj0FjysjH78RogwSdSILcHYOd3Fixe17Uf49UtNTRUmXPn5+YaPRG9sGWjsUeG+ffv01v/ggw8YY46OjiUlJUJDbZPE8Xbu3MmbGDLnMlZbM3T61ltv8Wq2trZNTU0ar3Z1dS1dupRXSE5ONvWYBc3Nzfx3lDGWkJDwwPt5COBoSxcfHx/hMKe2tlZbNWFK6O/v7+/vz8t82mhmW7du9fPz4+VLly7prtze3s7/fx46dEj4/wCMMeHnKioqys3NTePVOXPmHD58mJcNOT1qLC4uLpGRkbxcWlpqtn6nIMSWHnPnzuWFu3fvilbo7e3lAbFo0aKVK1du3rxZKpUyxn744Qf1ZDwUaMOGDbyg96pTXFycUqlcu3at4dOuaeL69eu88Mwzz4hWEObU5eXlHR0dZhoWY4sXL+YFvSfvH26ILV1GR0fb2tp4WSaTidY5f/48P3HLj7Ps7e29vLwYY3K5/O+//zbXSP+fRCLhBScnJx3VLly4wI8UMjMzhSsJwAlnrLQdhNra2lpZWTHG1Gp1dXW12Qb277//8sKCBQvM1ukUhO+rLqdPn+Y/axKJxNvbW7SOMBkUpocBAQG8MCnXEysrK3lh3bp12uoMDg7u3r2bMRYWFiYcnYHA1taWF7QtglMqlUNDQ7xstrPj9fX12dnZvBwUFGSeTqcmxJaIe/fuXb16NSkpSTi/vmPHDhcXl/E1h4eHCwoKGGNSqXTz5s184ySe3lIoFD/++CNjTCKRREVFaauWnJzc1NRkY2Pz/vvvm3F0ZAhzsd9//120ws8//yyU9S49/Y+6urrKy8v5qte+vj7G2NNPP63jw50OpJM9gCmhv79fmFtpsLCwiImJyczMFH21uLiYL6P38vKyt7fnG5944ol58+Z1dHRUVVU1Nze7urqaZtQi4uLiBgYGGGMRERFr1qwRrdPU1JSSksIYe/PNN6f5XEMbHx8ffr4yKysrNjZW4xert7f3jTfeEP7Z399vijGEh4fn5uZqbLSwsIiMjDx27Ji2dbDTBI62dHFxccnKyvr444/5iYzxxl5DFDZKJBLhcp4554mffPLJV199xRhbvHjx0aNHtVXbs2fPwMDAkiVL9u/fb7ax0RITE8Nzobe3d8OGDdnZ2e3t7SqVqrOz8+uvv/b09KyvrxcSX9u1GqNzcnI6d+7cp59+am1tbZ4epyzEli4tLS0REREeHh7Xrl0TrSAaW2P/abbYKioq2rNnD2Ns9uzZZ86cES6Aavjmm28KCwsZY2lpadqyGJydnd955x1elsvl0dHRCxcutLS0dHJyCg0NbWxsnD9/vrAUy2wXNBQKxfPPP+/v79/a2mqeHqcsxBZjYqvkm5qasrOz3d3dGWPl5eXe3t5yuVyjVUVFBf8COTk5rV27duxLvr6+/Nv8yy+/PMC9zRP1559/BgcHDw8PW1pafvfdd48//rhoNaVSyY+wAgICtm3bZupRkZaQkHDw4EHRSJLJZIWFhcLqFuH8vXEJ9zz29/fX1tamp6fzJYSFhYXr1q1raWkxRadUILZEzJo1y83NLTIysrS09Nlnn2WMKRSK119/XaOacMbd19dX49TYo48+6unpyRhTqVT5+fkmHW1lZaW/v//du3dnzJiRk5MjzE/HS0pKksvllpaW6enpJh3SQ0AikSQlJdXW1u7du9fd3d3e3t7a2nr58uUJCQmVlZXu7u7CWgThnKaJPPLIIytWrIiNja2pqeFXh9vb23ft2mXSTqc4xJYuM2fOTE5O5uW8vDx+HUcgTABzcnLGP2rmjz/+4K+a9HpiTU3Nli1buru7JRLJyZMnX3jhBW01q6urP/zwQ8ZYXFyccG8K6LZs2bKMjIyqqqqenp779+/X1dW99957fEFcTU0Nr2O2N9POzk5YAJGfnz+dD7gQW3o8+eST/EhKpVIJS6IYYzdu3CgrKzNkDwUFBdoeJPAfXbt27bnnnuvs7GSMZWZmRkdH66hcUVExMjLCGDty5Mj4kF2xYoVQU3j2Fl/bAeMpFIry8nJe1jYlN4Vly5YtXLiQlydlMfMUgdjSQyqVWlhY8PLYOyoMP9fe29tbXFxs9IHV19dv3LiR31mSmprKz8eDeeTk5IyOjjLGZDKZmQ9deb/MZAsvSEBs6dHY2Cg8smbOnDnCdmHqp+NBC8ICVKNfT2xoaNi0adOtW7cYY4cPH37ttdeMu3/Qoauriy98Y4yFhoaa89aourq6mzdv8vK8efPM1u9Ug9jS49ChQ7wglUpXrVrFy0qlUjiA2rp1q7a2wtU648ZWQ0PDxo0b+eLsgwcPJiYmGtIqPDxcx5NA6urqhJrCg2s0VnUAY6yvry8kJEShUDDGLC0tX331VbN1rVQqX375ZV62srLit75OT4gtEYODg21tbWfPng0ICPjiiy/4xqCgIOFoKz8/n9+SZmNjwy81igoMDOSF1tbWiooKo4xtbGYdOHAgKSnJKLsFDWVlZT4+PidOnKioqFAoFIODg83NzcePH1+zZo3wi7V//37jzhD9/f2DgoJSUlKKiopqa2sVCoVKperv77969WpaWtqqVat+++03XjMqKsrOzs6IXRPz3x7XRZvhD0uSyWTNzc1Cw7CwML49ODhYdxfLly/nNd9++20d1Qx/TOCE5oPd3d0GvhWiR1vjvfjii4b0GxERYcS2k9Kp3gdabdu2bWhoyLhvlIeHhyGtVq9ebfgn+1DC0ZZ+69evv3TpknBjmkqlOn/+PC/rmCFyJponwiSysLCIi4vLy8ublBsDQ0NDi4qKpvljHXErtQhra2s7Ozs3NzcPD4+QkBBvb++xq0l//fVX4ZKi8IwabQIDA1NTUxljZWVlbW1tzs7Ophs2GJGHh8fly5fz8vIuX74sl8tv3749d+5cZ2dnPz+/sLCwsetFjOjChQtXrlwpKSkpLS29efPmnTt37ty5o1arHRwcli5dun79+vDwcOEE63QmUU/GEzgBAB4YJokAQAxiCwCIQWwBADGILQAgBrEFAMQgtgCAGMQWABCD2AIAYhBbAEAMYgsAiEFsAQAxiC0AIAaxBQDEILYAgBjEFgAQg9gCAGIQWwBADGILAIhBbAEAMYgtACAGsQUAxCC2AIAYxBYAEIPYAgBiEFsAQAxiCwCIQWwBADGILQAgBrEFAMQgtgCAGMQWABCD2AIAYhBbAEAMYgsAiEFsAQAx/wNDoNz0OhkZ3gAAAABJRU5ErkJggg==", "date_completed": null}}, {"model": "core.batch", "pk": "BAT241112450", "fields": {"sterilization_method": "SM2410172257", "date_created": "2024-11-12T13:42:44.202Z", "operator": "241105030945", "completed": false, "barcode": "data:image/png;base64,iVBORw0KGgoAAAANSUhEUgAAAZIAAACYCAIAAABBDPh/AAAOUklEQVR4nO3cfVBU1f8H8LPLEjCsAm0QMiqSlRakJlH2MCFkCNqKhVmJAqUTUzgjkTljCD3yNRXFqEmpsSDIZgoK0QRrUjQbeyACWVIRZ3genoZnDWSB7x/nN+e3s3v3Ab487Id9v/467f2cew/H7b333Ht3ZSMjIwwAgA75VA8AAGB0EFsAQAxiCwCIQWwBADGILQAgBrEFAMQgtgCAGMQWABCD2AIAYhBbAECMYuJ2LZPJRFt8hYi/qPeNIskXJXclWaPXXfK4JvZmyc4tLDA2DEv2IDkY0zuR3Gq2u95WyX8LyQGb2GRYI9nRxIumd252Msc8b6N6h0gye0TTf74le7Oko4WDYUbeb4YHMn3EMe9tXOBsCwCIQWwBADGILQAgBrEFAMQgtgCAGMQWABCD2AIAYhBbAEAMYgsAiEFsAQAxiC0AIAaxBQDEILYAgBjEFgAQg9gCAGIQWwBADGILAIhBbAEAMYgtACAGsQUAxCC2AIAYxBYAEIPYAgBiEFsAQAxiCwCIQWwBADGILQAgBrEFAMQgtgCAGMQWABCD2AIAYhBbAEAMYgsAiEFsAQAxiC0AIAaxBQDEILYAgBjEFgAQg9gCAGIQWwBADGILAIhBbAEAMYgtACAGsQUAxCC2AIAYxBYAEIPYAgBiEFsAQAxiCwCIQWwBADGILQAgBrEFAMQgtgCAGMQWABCD2AIAYhBbAEAMYgsAiEFsAQAxiC0AIAaxBQDEILYAgBjEFgAQg9gCAGIQWwBADGILAIhBbAEAMYgtACAGsQUAxCC2AIAYxBYAEIPYAgBiZCMjI1M9BgCAUcDZFgAQg9gCAGIQWwBADGILAIhBbAEAMYgtACAGsQUAxCC2AIAYm46t3NxcmRSlUunt7a1Wqz/55JPu7m5LdlVSUiK6KxSKjo4OybLi4mLJI5rV0NDA9zA0NFRaWvrxxx+/8MILAQEB8+bNUyqVjo6OXl5eYWFhBw8e7OrqGu08dHR0uLu7i2O1t7cbq2xubj516tSePXs2bNjg6+urUCh4l40bN5o9ypj7jq3jFE7UunXrzP6D7tq1y/SxysvL4+LiFi5cOGPGDDc3t0WLFr355ps1NTWjHfP0NGLDvv32W7Pz4+7unp+fb3ZXSUlJur2+/PJLybIzZ86M7Z+pvr6e7yE7O9t0paur69GjR0c1D1u2bNHdQ1tbm2TZv//+a+ygkZGRpg8x5r5j7jiFExUREWH60IyxxMREEwdKSUlRKBSGvZRKZU5OzqjGPC3Z9NmWJdra2iIiIn744QfTZceOHWOMyeX/N58FBQUTPjIjurq6NmzYkJGRYWH9hQsXjhw5MqFDsk5WO1FpaWmJiYlardZwU19fX1RU1MmTJydhGNYMscUYY87OzrpZfuPGjUuXLu3fv9/V1ZUxNjQ09Morr0i+jbja2tqLFy8yxoKDg2fPns0YKyoqGhgYMKxcvny55KdHeHg4L4iLi5Ms4LtljCkUisWLF8fGxmZmZv7222/Xrl3r6enp7++vrKzcuXOnvb09L9u2bdvVq1fN/uH8TxsZGQkJCTFbLJPJPD09V65cuWPHjq+++kqj0WzevNlsr/+x75g7TuFECcePHzd2vvD+++9Ldrl27dqOHTt4+4477sjPz+/u7m5vb8/KylKpVIyx4eHhmJiYvr4+y4cxDY39RI0+sUjUiy1Bd0135swZY/v58MMPeU1qaqpYRxQWFlo+ErOxZSHds8LXXnvNbP2BAwcYY+7u7hcuXBAdja19DMXGxvIuZheJ49j3fzmoMKETJRaJJmLLmJiYGN73tttua2pq0t1UVlZ2yy238K0ffPDBaPc8neBsy5Tly5eL05x//vnHWJlYEoaGhoaGhvI2XzZOslWrVq1cuZK3z507Z7q4qanprbfeYoylpKTw80rbYZ0TNTAwkJuby9tJSUmzZs3S3bp48eKXX36Zt81euZveEFtm3Hrrrbxh7LS8u7ubv+9nz57t6+u7YsUKfjGVf9JO2jiFRx99lDdM3BDk4uPje3t7ly5davlabzqxwok6e/Ysf5vJ5XLJ+6Qvvvgib1RWVtryXUXElinDw8P19fW87enpKVlz8uTJwcFBxhg/z3JxcVm2bBljrLGx8a+//pqskf4/mUzGGx4eHibKfvzxR75GTk9PF3cSbIoVTlRJSQlv+Pn5ic9LXUuWLJk5c6ZesQ2yxfer5Y4ePdrZ2ckYk8lkgYGBkjViMSiWh2FhYbwxJfcTy8vLeePhhx82VjMwMBAXF8cYi4yMFCcdtmYSJurIkSMBAQGurq5OTk5z5sxRq9WHDh0y8UjHlStXeMPPz0+yQC6X+/r66hXbIMSWhBs3blRUVCQnJ4vr65s3b/b29jasHBwcLCoqYowpFIoVK1bwF6fw8lZra+uJEycYYzKZTCwoDO3evbu6ulqpVO7du3cSR2dFJmei8vPzS0pKuru7+/v7GxoaTpw48eqrr/r4+Pz000+S9XV1dbwxd+5cY/ucM2cOb9TW1o5hSNODxCNtNuj69etiyaDHzs5uy5Yt6enpkluLi4v5Y/TLli1zcXHhL95///233357S0vLxYsXa2pq5s2bNzGjlhAfH9/f388Yi46OXrJkiWRNdXX1nj17GGOJiYleXl6TNjarMoUT1dLSEhoampeXt3btWr1N4vqpiQv/YpMtPwOBsy1TvL29P//880OHDokbz3p07yGKF2UymbhLNZnrxE8//fTrr79mjPn4+Ozfv99Y2datW/v7+++8886EhIRJG5tVmeiJUqlUUVFReXl5FRUV7e3tN2/ebGxs/P7778W7Ynh4eNOmTU1NTXodr1+/zhuOjo6MsZGRkYSEBBcXl1mzZokPTicnJ95AbIG02tra6Ohof3//y5cvSxZIxpbuf05abJ0+fXrr1q2MMWdn5/z8fMkLuoyxb7755tSpU4yxtLQ0Y1k8vU3CRGVkZGRlZT3zzDN+fn4qlcre3t7Ly2vt2rVFRUUHDx7kNX19ffv27dPrqHfruaqqKi0traenp7m5OSEhgd/5ETXG1ge2ALHFmNRT8tXV1V988cV9993HGPv7778DAwMbGxv1epWVlfGLER4eHkuXLtXdFBISwu86nT17dgxf2R2tP/74Izw8fHBw0N7ePi8vb9GiRZJlvb29/MQhLCzsqaeemuhRWaEpn6ht27Y9//zzvP3dd9/pbVUqlbzBF7B33XVXbGzsjBkzPDw89u7dy5/s55sYY87OzuM4MFoQWxKcnJzmz58fExPz559/Pv7444yx1tbW7du365WJK+4hISF6H30qlSogIIAxptVqCwsLJ3S05eXloaGhfX19crk8JydHrEQMJScnNzY22tvbi898m2IlEyUeGa2rq2tpadHdJGKLf9TJ5fLDhw/39PS0tLSIhar4FBTFNgixZYqDg8Pu3bt5Ozc3t6enR3erWADm5OQY/jLJ77//zrdO6P3EysrKJ598srOzUyaTffbZZ+vXrzdWqdFoPvroI8ZYfHz83XffPXFDsk7WM1H33nuvaLe2tupuEjcQxdOChsQmyVvbNgKxZcaDDz7Iz6S0Wq140ocx1tDQUFpaaskeioqK+FWJcXf58uUnnniira2NMZaenv7SSy+ZKC4rKxsaGmKM7du3zzBk77nnHlEpflKKP9sxDVjtROmdpC9YsIA3NBqNZP3w8LD4kpkotkGILTMUCoWdnR1v80dPOcuvtXd3dxcXF4/7wK5cuRIUFMRXGampqfwyMxiytonSfUxU7wH9Bx54gDc0Go3um00oLy8Xv1vp7+8/YWO0dogtM65evSp+ssbNzU28LpZ+Jn4/QDyAOu73E6uqqoKDg5ubmxlj//nPf15//fXx3f+0YYUTlZmZyRs+Pj56sRUYGMgvtA8NDeXk5Jjo6+vr6+PjM6HjtGaILTNSUlJ4Q6FQiK9c9Pb2ihOoVatWGesrbkKNb2xVVVUFBQXxp37eeeednTt3WtJr48aNJn4J5NKlS6JS/B6L3lMd5FjhRGVnZ4voefbZZ/W2Ojg4rFu3jrffe+89nrZCRUXF4cOHeTsyMtLCI05LiC0JAwMD9fX1x44dCwsLy8rK4i+uWbNGnG0VFhbevHmTMaZUKvmtRklqtZo36urqysrKxmVsuv8rJiUlJScnj8tup5+pmqhNmzatWbPmwIED58+fr6qq6uzs1Gq1bW1tRUVF69evj4qK4g9eubm5vfHGG4bdd+3axS9KtLW1PfbYY8ePH+/t7e3o6MjOzg4ODubvOpVKNeVL3SlmwW9yTVuW/JY85+npWVNTIzqKz7rw8HDTh1i4cCGvfPvtt02UWf4zgaNa5nR2dlo4FZInEYaee+45S44bHR09jn3H1nGqJmr16tVmD+fg4HD69GljhzB8DFWXXC4vKCiwcLTTFc62zHvkkUfOnTsn7jdrtVrxY94mVojcBK0Tga4FCxb8+uuvQUFBxgq2b9/+7rvvihtBupydnTMzM8VZvM3CV6klODo6zpw5c/78+f7+/hEREYGBgbo3qn/55Rdxl0f8Ro0xarU6NTWVMVZaWlpfXy++vg/TVWZmZkFBwfnz5zUaTUNDQ1dX18DAgFKp9PT0fOihh8LDw59++mmzv9uVlJSkVqszMjJ+/vnnpqYmOzu7uXPnrl69OjY21pavxAuykan4BU4AgDHDIhEAiEFsAQAxiC0AIAaxBQDEILYAgBjEFgAQg9gCAGIQWwBADGILAIhBbAEAMYgtACAGsQUAxCC2AIAYxBYAEIPYAgBiEFsAQAxiCwCIQWwBADGILQAgBrEFAMQgtgCAGMQWABCD2AIAYhBbAEAMYgsAiEFsAQAxiC0AIAaxBQDEILYAgBjEFgAQg9gCAGIQWwBADGILAIhBbAEAMYgtACDmv7GEzlz3C69yAAAAAElFTkSuQmCC", "date_completed": null}}, {"model": "core.batch", "pk": "BAT241112955", "fields": {"sterilization_method": "SM2410171894", "date_created": "2024-11-12T13:44:16.049Z", "operator": "241105030945", "completed": false, "barcode": "data:image/png;base64,iVBORw0KGgoAAAANSUhEUgAAAZIAAACYCAIAAABBDPh/AAAOgklEQVR4nO3de1BU5RsH8HdlURxAQAfaGIkYnLQMSx2EcgpQ42IS09AN8ZLpSKWTK5UOmRSTShqa2MXKEZlEqgmLzARrSjLKSuQmSCCVAktyGWDBCwsL9Mf76/x24OzZs+wCPrvfz19ve97nnJeX9cu5vLspBgYGGAAAHePGegAAAOZBbAEAMYgtACAGsQUAxCC2AIAYxBYAEIPYAgBiEFsAQAxiCwCIQWwBADHKkdu1QqEQ2sJHiPiLgz5RJPqi6K5E+wwqFz2uxN7k7FxmB2PDkLMH0cFI70R0q8nyQVtFfxeiA5bYNLSPaKHEi9I7NzmZcuZtUKHEu27Ye5OzSc6vRnQYcsYm8fuS00fOO3xQT9F3r8TerAJnWwBADGILAIhBbAEAMYgtACAGsQUAxCC2AIAYxBYAEIPYAgBiEFsAQAxiCwCIQWwBADGILQAgBrEFAMQgtgCAGMQWABCD2AIAYhBbAEAMYgsAiEFsAQAxiC0AIAaxBQDEILYAgBjEFgAQg9gCAGIQWwBADGILAIhBbAEAMYgtACAGsQUAxCC2AIAYxBYAEIPYAgBiEFsAQAxiCwCIQWwBADGILQAgBrEFAMQgtgCAGMQWABCD2AIAYhBbAEAMYgsAiEFsAQAxiC0AIAaxBQDEILYAgBjEFgAQg9gCAGIQWwBADGILAIhBbAEAMYgtACAGsQUAxCC2AIAYxBYAEIPYAgBiEFsAQAxiCwCIQWwBADGILQAgBrEFAMQgtgCAGMQWABCD2AIAYhBbAEAMYgsAiEFsAQAxiC0AIAaxBQDEILYAgBjEFgAQoxgYGBjrMQAAmAFnWwBADGILAIhBbAEAMYgtACAGsQUAxCC2AIAYxBYAEIPYAgBi7Dq2cnJyFGJcXFx8fX2jo6Pff/99rVYrZ1dFRUVCuVKpbGtrE+1WUFAgekSTGhoa+B76+vqKi4vffffduLi4wMDA22+/3cXFxcnJydvbOyoqau/evR0dHebOQ1tbm6enp3Cs1tZWYz2vXLly8uTJnTt3Ll26dObMmUqlkpcsW7bM5FGGXTu8QqtMVF1dXVJSUlBQkKen5/jx41UqVXBw8LZt2xobGyWqHnvsMZO/0FdffdXqtXZkwI59/vnnJufH09MzNzfX5K62bt1qWPXxxx+Ldjt16tTwfk319fV8D4cPH5bu6e7unp2dbdY8rFmzxnAPLS0tot1u3Lhh7KDx8fHShxh27bALLZ+ot99+29HRUbR20qRJWVlZxgpjY2OlD80Y27Jli9Vr7Yddn23J0dLSEhsb+80330h3++qrrxhj48b9bz6PHTs24iMzoqOjY+nSpR9++KHM/mfOnDl48OCIDunmJD1R6enpGzdu7O3tFd3a2dm5YsWKL774YiQHCEYhthhjzNnZ2TDLr1+/XlVVtXv3bnd3d8ZYX1/fc889p9frjZVfvny5vLycMbZgwYKpU6cyxvLz83U63dCeoaGhon89YmJieId169aJduC7ZYwplcp77rknISEhMzPz119//fPPPzs7O7u7uysrK5OSkoSzgw0bNly8eNHkD85/tIGBgfDwcJOdFQqFSqWKiIjYtGnTkSNHKioqVq9ebbLKwtphF1oyURqNZtOmTbytUqkOHDhQX1/f09PT1NR05MiRadOmMcb6+/vXrl3b1dUlMYavv/7a2PnCtm3bpMdvSa3tk3VOZqOEi8RBsSUwvKY7deqUsf2kp6fzPmlpacIFV15envyRmIwtmQzPCjdu3Giy/549exhjnp6eZ86cEQqNXSQOlZCQwEtMXiRasdaSgwqkJ+q1117jm1xdXWtrawdtbWtru+OOO3iH1NTUoTsXLvQkoscYS2rtB862pISGhgqnORcuXDDWTbgkjIyMjIyM5G1+2TjKFi9eHBERwdunT5+W7tzY2Mj/fW7fvp2fV9oP6YkS/lytWrXK399/0FYPD48dO3bwtpzbo2B1iC0TJk+ezBtXr14V7aDVavn7furUqTNnzly0aJFSqWT//bUctXEK5s+fzxsSDwQ5tVrd1dU1Z84c+dd6tkRiov7++2/eeOCBB0RrhWvqkpKSpqamkRkgGIXYktLf319fX8/bKpVKtM+JEyf4jVt+nuXm5hYcHMwY02g0586dG62R/p9CoeANLy8viW7ffvstP1PYt2+f8CTBrkhMlHDHythJqKur6/jx4xljAwMDFRUVIzVEMMIe36/yZWdnt7e3M8YUCkVISIhoH+FiULg8jIqK4o0xeZ5YVlbGG/fdd5+xPjqdbt26dYyx+Ph44aTD3khMlKurK28YW9vV1dXV09PD2zU1NcYOcfDgwcDAQHd394kTJ/r4+ERHR+/fv19iSYe1am0eYkvE9evXz58/n5ycLNxfX716ta+v79Cevb29+fn5jDGlUrlo0SL+4hje3mpubj5+/DhjTKFQrFq1yli31NTU2tpaFxeXXbt2jeLobiLSE+Xn58cbv/zyi2j5d999J7Qllp7m5uYWFRVptdru7u6Ghobjx48///zzfn5+huUjUWvzEFuMMXbt2jXDVcjOzs6zZs164403dDqdg4NDQkLCe++9J1pYUFDAl9EHBwe7ubnxF2fPnn3LLbcwxsrLyy9dujRaPwRjjKnV6u7ubsbYypUr7733XtE+tbW1O3fuZIxt2bLF29t7NId385CeqNDQUN7IyMi4fPnyoK1arfaVV14R/vPatWtmHbqpqSkyMjI3N9e8EVtca0sQW1J8fX0zMjL279/Pb2QMZfgMUXhRoVAIT6lG8zrxo48++uSTTxhjfn5+u3fvNtZt/fr13d3d06ZNS0xMHLWx3VRMTtSaNWv4wi6tVjt//vxDhw41Njbq9fqWlpZPP/00MDCwurpaSPyhz2qmTJmyYsWKo0ePnj9/vrW1taenR6PRfPnll8K7or+/f/ny5aKnaZbU2pGxXoExlmQ+vZ49e3ZVVZXoHm677Tbep6ioyPD17Oxs/vrChQvljMTydVvff/89/5fm7OxcVlZmrNtnn33GDzRoWVBVVZXw89r2ui2ZE5Wamirxlrj11ltTUlJ4OyEhQf7R9+7dK+xErVabNXJLam0MzrYYE1slX1tbe+jQoYCAAMZYSUlJSEiIRqMZVFVaWlpXV8cY8/LymjNnjuGm8PBw/njuxx9/HMZnm831+++/x8TE9Pb2Ojo6Hj16dNasWaLdurq6+BlWVFTUkiVLRnpUNyGZE8UY27x5c0pKiugzVpVKdfLkyYH/VrcI9+/l2LBhw1NPPcXb5n42yJJaG4PYEjFx4kR/f/+nn3767NmzDz74IGOsubn5pZdeGtRNuOMeHh4uPE3npkyZEhgYyBjT6/V5eXkjOtqysrLIyMirV6+OGzcuKytLuJoYKjk5WaPRODo6Gv7dth/yJ4oxplAokpOTL1y48MILLwQEBLi5uTk5Oc2YMWPz5s1lZWUBAQF//fUX7ync05Rp7dq1vFFXV2fumi9Lam0JYkvKhAkThIuFnJyczs5Ow63CfausrKyh3y7y22+/8a0j+jyxsrLyoYceam9vVygUBw4ceOKJJ4z1rKioeOeddxhjarVa+GyK/ZA/UYamT5+enp5eXl7e0dFx48aNqqqqN998k6/zqqys5H3Mncy77rpLaDc3N49arS1BbJkwb948fial1+uFlT6MsYaGhuLiYjl7yM/PN/ZFAhb6448/Fi5c2NLSwhjbt2/fM888I9G5tLS0r6+PMfbWW28NDdk777xT6Cl89xZf22EDzJooOZqbm0tKSnhb4krTpEEn6aNWSx1iywSlUung4MDbfOkpJ/8RoVarLSgosPrAqqurw8LC+JVCWlra+vXrrX4I2zASE5WVldXf388YU6lU5p5tVVdXC23pTzJYt9aWILZMuHjxovCVNR4eHsLrwqWfxBctCAtQrb4MoqamZsGCBVeuXGGM7dix48UXX7Tu/m3GSExUW1sbX/jGGIuLizP3o1GZmZm84efnZ270WFJrSxBbJmzfvp03lErl3XffzdtdXV3CCdTixYuN1QpP66wbWzU1NWFhYXzlTkpKSlJSkpyqZcuWSTxRFl0AYbgYjaLhTZS0zs7O2NhYfl/J0dHx2WefNav88OHDQvQ8/vjjo1ZrY5RjPYCbkU6na25uLi4u/uCDD4T7O4888ohwtpWXl8c/kubi4sIfNYqKjo5Wq9WMsbq6utLSUmPL1s1i+E9x69atycnJlu/TJlk4UcXFxYmJiXFxcUFBQd7e3m5ubv/8809+fv6uXbuE74dITEwceoW4fPlyrVYbGho6b948Ly8vT09PV1fX9vb2c+fOZWRkCEsFPTw8Xn75ZSvW2hdrLP6iSv6XJalUqkuXLgmF8fHx/PWYmBjpQ8yYMYP3fP311yW6yV9uatZlTnt7u8ypkLnc9Mknn5Rz3JUrV1qxdniFFk7U2bNnpUuWLFnS09Mz9Md8+OGHTR5uwoQJP/zwg3Vr7QouEk27//77T58+LXyUWq/XnzhxgrclrhC5EbpOhDHk4OCgVqtzcnKM/Q8ypE2fPv3nn38OCwsb5VpbgotEEU5OTpMmTfL39587d25sbGxISIjhw+affvpJeKQofEeNMdHR0WlpaYyx4uLi+vp6Hx+fkRs2WNHcuXMLCwtzcnIKCws1Gk1ra+vkyZN9fHwiIiLi4+MN14sMkpmZeezYscLCwoqKioaGho6ODp1O5+LiolKpgoKCYmJiHn30UWN38S2ptSuKgbH4Bk4AgGFDcgMAMYgtACAGsQUAxCC2AIAYxBYAEIPYAgBiEFsAQAxiCwCIQWwBADGILQAgBrEFAMQgtgCAGMQWABCD2AIAYhBbAEAMYgsAiEFsAQAxiC0AIAaxBQDEILYAgBjEFgAQg9gCAGIQWwBADGILAIhBbAEAMYgtACAGsQUAxCC2AIAYxBYAEIPYAgBiEFsAQAxiCwCIQWwBADGILQAgBrEFAMT8C8oJaAWDul80AAAAAElFTkSuQmCC", "date_completed": null}}, {"model": "core.batchequipment", "pk": "BE2411051641", "fields": {"batch": "BAT241105055", "equipment": "EQP9624101796", "quantity": 6}}, {"model": "core.batchequipment", "pk": "BE2411054651", "fields": {"batch": "BAT241105657", "equipment": "EQP241017555", "quantity": 8}}, {"model": "core.batchequipment", "pk": "BE2411054870", "fields": {"batch": "BAT241105657", "equipment": "EQP9624101796", "quantity": 6}}, {"model": "core.batchequipment", "pk": "BE2411055735", "fields": {"batch": "BAT241105055", "equipment": "EQP241017555", "quantity": 8}}, {"model": "core.batchequipment", "pk": "BE2411056933", "fields": {"batch": "BAT241105055", "equipment": "EQP241017965", "quantity": 10}}, {"model": "core.batchequipment", "pk": "BE2411059235", "fields": {"batch": "BAT241105657", "equipment": "EQP241017965", "quantity": 10}}, {"model": "core.batchequipment", "pk": "BE2411111495", "fields": {"batch": "BAT241111616", "equipment": "EQP241017555", "quantity": 2}}, {"model": "core.batchequipment", "pk": "BE2411114708", "fields": {"batch": "BAT241111616", "equipment": "EQP241017965", "quantity": 1}}, {"model": "core.batchequipment", "pk": "BE2411115580", "fields": {"batch": "BAT241111312", "equipment": "EQP241017555", "quantity": 2}}, {"model": "core.batchequipment", "pk": "BE2411115686", "fields": {"batch": "BAT241111913", "equipment": "EQP241017555", "quantity": 4}}, {"model": "core.batchequipment", "pk": "BE2411116197", "fields": {"batch": "BAT241111312", "equipment": "EQP241017965", "quantity": 2}}, {"model": "core.batchequipment", "pk": "BE2411117793", "fields": {"batch": "BAT241111913", "equipment": "EQP241017965", "quantity": 2}}, {"model": "core.batchequipment", "pk": "BE2411120231", "fields": {"batch": "BAT241112955", "equipment": "EQP241112084", "quantity": 2}}, {"model": "core.batchequipment", "pk": "BE2411120293", "fields": {"batch": "BAT241112450", "equipment": "EQP241017555", "quantity": 2}}, {"model": "core.batchequipment", "pk": "BE2411123485", "fields": {"batch": "BAT241112955", "equipment": "EQP9624101796", "quantity": 2}}, {"model": "core.batchequipment", "pk": "BE2411126171", "fields": {"batch": "BAT241112955", "equipment": "EQP241017965", "quantity": 1}}, {"model": "core.batchequipment", "pk": "BE2411127849", "fields": {"batch": "BAT241112450", "equipment": "EQP241017965", "quantity": 1}}, {"model": "core.batchequipment", "pk": "BE2411129736", "fields": {"batch": "BAT241112450", "equipment": "EQP9624101796", "quantity": 1}}, {"model": "core.stage", "pk": "STG241018155", "fields": {"name": "Packaging", "stage_number": 5, "barcode": "data:image/png;base64,iVBORw0KGgoAAAANSUhEUgAAAZIAAACYCAIAAABBDPh/AAAQuElEQVR4nO3deVRU1QMH8Dcz4EAzCIIgaBqkpQKi5pbW0bBjCESEiooSlpkkak6alBKVJhWKRZQHzVTKLQoSySzqKC6h6EHOsCmL2aIOiIBsKsPi/P6453fPnNlHHmOX+X7+usd3lzdP+HrffXeeApVKxQEAsEP4oE8AAMA8iC0AYAxiCwAYg9gCAMYgtgCAMYgtAGAMYgsAGIPYAgDGILYAgDGILQBgjE3PdS0QCGiZfoWI/KHGN4p0/qG+rrR700COGujzPnrT2YP6QPp6M9pc37np7NyUEzbanDN4ifR9HMOH9PWm0dDc3nSets4RzbpuRk/AlN40Ghr9UTSlvuHTMOXcTP/4Gr2ZXkejpim/C7zDbAsAGIPYAgDGILYAgDGILQBgDGILABiD2AIAxiC2AIAxiC0AYAxiCwAYg9gCAMYgtgCAMYgtAGAMYgsAGIPYAgDGILYAgDGILQBgDGILABiD2AIAxiC2AIAxiC0AYAxiCwAYg9gCAMYgtgCAMYgtAGAMYgsAGIPYAgDGILYAgDGILQBgDGILABiD2AIAxiC2AIAxiC0AYAxiCwAYg9gCAMYgtgCAMYgtAGAMYgsAGIPYAgDGILYAgDGILQBgDGILABiD2AIAxiC2AIAxiC0AYAxiCwAYg9gCAMYgtgCAMYgtAGAMYgsAGIPYAgDGILYAgDGILQBgDGILABiD2AIAxiC2AIAxiC0AYAxiCwAYg9gCAMYgtgCAMYgtAGAMYgsAGIPYAgDGILYAgDGILQBgDGILABiD2AIAxiC2AIAxiC0AYAxiCwAYg9gCAMYgtgCAMQKVSvWgzwEAwAyYbQEAYxBbAMAYxBYAMAaxBQCMQWwBAGMQWwDAGMQWADAGsQUAjEFscV1dXRkZGREREcOGDXNwcLC3tx8yZMj48eMjIiK2bdsml8vv3btHK584cUJwX65du6Zz9Nzc3JUrV/r5+bm5uYnFYg8Pj+Dg4K+//rqtrU3nqRYWFn755ZcRERETJkzw9PSUSqV2dnYDBw4MDAxMTk5ubGw09+M3NDS4urrS86yrq9NXs6amJicnJzExccGCBT4+PjY2NqRJZGSkiWMVFRUtX758xIgRDg4O/fr18/PzW79+/d9//224VTfHbW1tTU1NDQoKGjRokJ2dnUQi8fT0nDVr1sGDBzs6Onpi3Dlz5hj9eXj33Xd5b2tFVNZNLpf7+PgYvkSHDh2i9XNzc+/vOl+9elVj6KqqqhkzZuir7+HhkZWVpdFk7969hkdxcnI6cOCAWVdgyZIl6j3cvHlTZ7W7d+/qG3ThwoWmDJSQkGBjY6PdXCqV7tu3T1+rbo578uTJhx9+WF8Pvr6+Fy9e5H3c2bNn62tLxcXF8d7Welj1bKuwsHDq1KllZWWWH7q4uHjKlCm///67vgrV1dXz5s0zt9vGxsYFCxbs2LHDxPpnz57dtWuXuaPch88++ywuLq6zs1P7UGtra1RU1NGjR3kftLCwMDAwUN88l+O40tLS6dOnX79+nfehoWc96Nx8YNrb2x9//HFyEezs7F5//fUzZ84oFAqlUqlQKORyeXZ29po1a8aNG/fTTz8Z7S00NJR0tXz5cqOVb9686ebmRv8K5s2bl5OTc+PGjfb29pqamqNHj0ZHR9vb24vFYo2GBw8eHD16dHR0dFpaWn5+/p9//tnc3NzW1lZWVrZu3TpbW1vSoVgsrqysNHoanZ2do0eP5jjuueeeoyejb7bV1tbm7u4eEBAQGxu7f//+0tLSV199lTQxOvu4fPkynWc9+uijWVlZTU1NdXV133zzjYuLC/lzV1fXlpYWfsedPHkyqSkUChcvXnzhwgUybl5eXlhYGP3IUVFR/I5LZ0ym/OTw2NZ6WG9spaenk58PiUQil8u72ZtZsbVw4UJSWSQSfffddzrrVFdXz58/36xz+Pnnn+mv4ptvvmm0/qeffkry4uzZs0ZjS1t0dLSJv8Yvv/wyqdm/f3+FQqF+SC6X9+nThxz95JNPeBxXfcksISFBuwKNIalUqlQq+RpXhdjqedZ7k5iTk0MKMTExZNJhGVVVVQcOHCDl+Ph4fXeC7u7uBw8eNKvnoKCggIAAUj516pThygqF4v333+c4LiEhwcnJyayBzKJUKjMyMkg5Pj7ew8ND/ejo0aOXLl1KykZX7sxSXl5OCiKRaOXKldoV3njjDVJobW3FfSJbrDe26JKH0SV5fu3atUulUnEc5+zsvHbtWn47f+qpp0jBwANBQiaTtbS0PPHEE3TS0UNOnjzZ2trKcZxQKNT5DO6VV14hhbKyMqNPFU1HnxI6OTk5ODhoVxg8eDAtt7e38zUuWID1xpbq/y8a++uvvyw5Lr2VCw0Nfeihh/jtXCAQkIL62pm233777YcffuA4LiUlRSjs2Z+BgoICUvD19XV2dtauMGbMmL59+2pU7r4RI0aQQlNT0+3bt7Ur0BmWWCz29PTka1ywAOuNLboen5qaWl1dbZlB79y5c+nSJVJ+5plneO+/qKiIFOhqtDalUrl8+XKO4xYuXEhnZz2noqKCFHx9fXVWEAqFdMJLK3ffsGHDnnzySY7jOjs7t2/frl1h27ZtpDB37lyxWMzXuOp27do1YcIEJycne3v7wYMHh4SEpKamGthawVfbXs96Yys8PJwUamtr/fz8PvjgAwvshLh06VJXVxcpjxw5kt/Oa2trjxw5wnGcQCCgd17aPv7448uXL0ul0s2bN/N7Ajr9+++/pDBkyBB9dej92j///MPj0Dt37uzfvz/HcW+//fayZcvkcnlLS0tDQ8PZs2fDw8NJlg0dOnTLli08DqouKyuroKCgqampra3t2rVrR44ciYmJ8fLyMrDxhZe2vZ71xta0adPoE726uroNGzb4+vq6urqGhYV9/vnndE7Er4aGBlp2d3fnt3OZTEb21i9atGjMmDE661y+fDkxMZHjuLi4uIEDB/J7AjqRhS2O4wws/NNDtDIvfH19z507N3ny5K6uru3bt48dO7Zv374uLi5TpkzJyMgQCATBwcH5+fkDBgzgcVCjbty4MXPmzKysLAu37U2sN7Y4jtuzZ8/KlSvVF3fq6uqysrJkMpm3t/f48ePJAhCPmpqaaFkqlWocHTNmjMbXOMaPH29iz1999RV58ujl5bV161Z91VasWNHW1jZs2LDVq1ebf/r3g64r2dnZcRynUqlWr17t6Ojo4eGRkpJCDtnb25MCv7HF/X+bGH1YSdnY2Kxfv/7AgQNkOsYvFxeXqKiozMzMkpKSurq69vb269evHzp0iD7nvXfv3ksvvaRQKPhta0Ue8AaM/4Di4uKlS5fSfY8aZs+efefOHaOdmLhv6/vvv6c9NzQ0aBzV3ocxbtw4Uz7CsWPHyF5TiURSVFSkrxrdqqaxJ0h9asn7vi26NJ6cnKxSqei+BI7jRCJRe3u7SqWiexFeeOEFvsZVqVRdXV3vvfeegXWrvn37pqam8vt5DUtOTqajy2Qyi7XtZax6tkWMGjVqx44dtbW1BQUFSUlJoaGh6hGWmZkZExPD11iOjo60rPPx1n04f/58aGhoR0eHra1tZmamn5+fzmotLS1khhUYGPj888/zMrQp6KSS3MA+9thj0dHRDg4Obm5umzdvJmlLvzcukUh4HDomJmbjxo1KpVIqlSYkJJSXl7e1td2+fbuwsFAmk4lEoubm5mXLlllmjY9YtWrV/PnzSfnHH3+0WNve5kHn5n9RZ2fn0aNHR40aRS6RQCAoKSkx3MTE2db58+fplb9w4YK+avTm1OhsSy6X9+vXj+M4oVCYnp5uoKZMJuM4ztbWtqKiQuNQj8626APTd955R1+duXPnkjqvvfYaX+OeOHGCVOvTp09BQYF2BTrztbW1vXLlCl/jGnX8+HF6tWtqaizWtjfBbEsHkUgUGBh4/PhxsqVbpVJlZ2fz0vPIkSPpUpr67dL9KSsrmzFjxq1btwQCwc6dO+kvv7bS0tIvvviC4ziZTEZ3flgGfYB49epVfXXooUceeYSvcffs2UMKERER48aN064QHh5Otol0dHTs27ePr3GN8vb2puXa2lqLte1NEFt69e/fn26S4Gs/kVQqHT58OCnn5eV1p6vy8vJnn3325s2bHMelpKQsXrzYQGW5XE42XmzZskX7/U3qWzHou7d+/fXX7pweRT9vaWmpzgr37t27ePGiRuXuKywsJIWJEyfqqzNp0iRSkMvlfI1rFro92MJtWYfYMoTuJ1IqlXz1GRgYSAqHDx82/Jo6AyoqKvz9/W/cuMFxXFJS0ooVK/g6Pd7Rh6GlpaW3bt3SrlBUVEQfsOqcFt2flpYWUlCZ8P+u08oWoP5PoOEvM/DbtjdBbBlSXFxMCq6urnz1Sb8DeP36ddNfjKWusrJy+vTpNTU1HMd99NFHa9as4evcesK0adPIQntXV5fOe7G0tDRS8PHx8fLy4mtc+lwlPz9fXx261NgT2yD0oZ/Xy8vL3OjpTtveBLGlV25uLn0Hw5QpU/jq1tvbe9asWaS8du3aY8eOmdW8srLS39+fbNvZsGHDunXrTGkVGRlpYIFT55L8zJkzzToxfcRi8Zw5c0j5ww8/JGlLlZSU0G/e0N2/vKD3hunp6epPQqjDhw+fOXOGlMnXgCxg7969NHroEoQF2vY2Flj2/29KSUl5+umn161bl56eXlBQcOXKlcbGxs7OzoaGhlOnTsXExNC37g0YMEDnG+zUmfW+LYVCQR7/cRwnFAqXLFly8uTJ+vr6jo4OhUKxf/9+utik8SSxoqKCbm2Pj4/v1udX06NPElUqVVVVlUgkIpWHDh2anZ3d3NxcX1//7bff0mmOi4tLc3Mzj+MWFBTQ1R+JRLJp06by8nKlUnn37t2ioqLY2Fj69+vg4GDKUzkTx42MjAwJCdm6devp06crKioaGho6Ojpqa2t/+eUX9azp16+f9qXuTlurYr2xZeI30UQikfY73bWZFVsqlercuXPqe7h0EggESUlJ6q3Muh+8deuWiZfCxNgy8SXRixYt0m5r+GoLhcLs7Gzex42NjTWl4e7du3kcNzg42GgTsVh8/Phx7RG709aq4CbRkIEDB2ZlZdFI4tHEiRPz8vIMvIBh0KBBGRkZ//F1K9O99dZbGzdupHMudRKJJC0tLSQkhPdBExMTN23aRGdV2hwdHffu3Wvga+c9Yfjw4Xl5ef7+/hZu25vo+J9UrMSqVaumTp2an59/7ty5qqqq+vr6+vr61tZWiUTi7u4+duzYoKCgOXPm8P5KLMrHx+f06dM5OTmZmZlnzpypqalpbW11c3MbNWrUiy++GBkZ2XNDPxDx8fEhISE7duw4duyYQqEQiURDhgwJDg6Ojo7mcSVeQ1xcXFRU1O7du3Nzcy9dutTY2CgUCp2dnf38/AICAqKionS+Aqw70tLSsrOz//jjj9LS0mvXrjU2NpJt+u7u7pMmTQoNDQ0LC9P3jrPutLUqApUJj4cBAP47kNwAwBjEFgAwBrEFAIxBbAEAYxBbAMAYxBYAMAaxBQCMQWwBAGMQWwDAGMQWADAGsQUAjEFsAQBjEFsAwBjEFgAwBrEFAIxBbAEAYxBbAMAYxBYAMAaxBQCMQWwBAGMQWwDAGMQWADAGsQUAjEFsAQBjEFsAwBjEFgAwBrEFAIxBbAEAYxBbAMAYxBYAMAaxBQCMQWwBAGMQWwDAGMQWADAGsQUAjPkf/D+ic4n1N+cAAAAASUVORK5CYII="}}, {"model": "core.stage", "pk": "STG241018268", "fields": {"name": "Classification", "stage_number": 2, "barcode": "data:image/png;base64,iVBORw0KGgoAAAANSUhEUgAAAZIAAACYCAIAAABBDPh/AAAQ30lEQVR4nO3dfVBU1cMH8LsLCLaLLwgraJkvjGkgqJjVpGYWETKGWUgbjJiRpGRipqWOaY0vkdoQ5aBZRqkpphNRMmIhYIHQALNLIG9qpbKACsiLyq4s+/vjPM+ZnX25e5fdVQ/7/fx1h3vuOecedr/ce+4LIp1OxwEAsEN8rzsAAGAdxBYAMAaxBQCMQWwBAGMQWwDAGMQWADAGsQUAjEFsAQBjEFsAwBjEFgAwxtVxVYtEIrpMHyEiPzR4osjkD81VZVybAbKWp84+1GayBv2GzNVmcXNzfTNZuZAOW9yc4x0ic7vDv8pcbQYbWlubyW6bbFF4eSHdEPJbMLeJVas4m38LJmsT0oTFhqxqkf+7YHc42gIAxiC2AIAxiC0AYAxiCwAYg9gCAMYgtgCAMYgtAGAMYgsAGIPYAgDGILYAgDGILQBgDGILABiD2AIAxiC2AIAxiC0AYAxiCwAYg9gCAMYgtgCAMYgtAGAMYgsAGIPYAgDGILYAgDGILQBgDGILABiD2AIAxiC2AIAxiC0AYAxiCwAYg9gCAMYgtgCAMYgtAGAMYgsAGIPYAgDGILYAgDGILQBgDGILABiD2AIAxiC2AIAxiC0AYAxiCwAYg9gCAMYgtgCAMYgtAGAMYgsAGIPYAgDGILYAgDGILQBgDGILABiD2AIAxiC2AIAxiC0AYAxiCwAYg9gCAMYgtgCAMYgtAGAMYgsAGIPYAgDGILYAgDGILQBgDGILABiD2AIAxiC2AIAxiC0AYAxiCwAYg9gCAMYgtgCAMYgtAGAMYgsAGIPYAgDGILYAgDGILQBgjEin093rPgAAWAFHWwDAGMQWADAGsQUAjEFsAQBjEFsAwBjEFgAwBrEFAIxBbAEAYxBbnFarPXbsmFwu9/f39/T0HDhw4KhRo6ZNmyaXy3fv3q1QKHp7e2nh/Px8UZ9cuXLFZOt5eXkrVqwICgqSyWTu7u5+fn4RERFff/11d3e3ya6Wl5d/+eWXcrn8scceGz16tFQq9fDwGDFiRHh4eEpKyo0bN6zd/dbWVh8fH9rP69evmyvZ1NSUk5OTnJz82muvBQQEuLq6kk1iY2MFtqVUKhMTEydMmODp6Tl06NCgoKD169f/+++//FvZ2G5XV1daWtrcuXNHjhzp4eEhkUhGjx69YMGCw4cP37lzx+QmdhznvLy85cuXBwYGDhs2zM3NTSaTzZ49Ozk5ub6+3r59di4656ZQKAICAviH6KeffqLl8/Ly+jbOly9fNmi6vr4+NDTUXHk/P7/MzEyDTQ4cOMDfypAhQ3744QerRiA+Pl6/hmvXrpksdvv2bXONxsTECGlo69atrq6uxptLpdKDBw+a28rGdgsKCh588EFzNQQGBp47d854K7uMc0NDQ0REhLka3N3d7dtnp+LUsVVWVjZo0CD+DyjnmNhSKpU+Pj78mxh/si1+nYg9e/YIHIGioiKRSKS/rYNi67PPPuPpsFgsPnHihN3bLSsre+CBB/jHytfX98qVKwYb2j7OKpXK39+fZ1tzsdXnPjsV540tjUYzfvx48jnw8PB46623ioqKVCqVWq1WqVQKhSIrK2v16tUhISG//PKLxdoiIyNJVYmJiRYLX7t2TSaT0U9hdHR0Tk5Oc3OzRqNpamrKzs5OSEgYOHCg8Sf78OHDwcHBCQkJ6enpxcXFFy5c6Ojo6O7urqqqWrdunZubG/1K1NXVWexGT09PcHAwx3HPP/887Yy52Oru7vb19Q0LC1u7du2hQ4cqKyvfeOMNsonF+Dh//jw9zho7dmxmZmZ7e/v169e/++67YcOGkZ/7+Ph0dnbat90nn3ySlBSLxUuWLCkrKyPtFhYWvvTSS3SXFy1aZLChjePc29s7Y8YMWv/MmTOPHz+uUqk0Gk1ra2txcfGmTZsmT55s3z47FeeNrYyMDPIJkEgkCoXCxtqsiq2YmBhS2MXF5ciRIybLNDY2vvrqq1b14cSJE/RjvWrVKovlyRGQj4/P2bNnLcaWsYSEBIHxsXjxYlLS29tbpVLpr1IoFAMGDCBrP/nkEzu2qz9ltnXrVuMCNP6kUqlarRbSNGFxnPUP1lavXq3VagXW7Lg+9zPOG1tLliwhn4A1a9bYXpvw2Kqrq6PnZZs3b7a9aX1hYWGk5pCQEP6SDQ0Nnp6eHMd99dVX1dXVjout7u5uqVRKSn7++efGBd5++22yNiAgwI7tnjx5kv5t6OjoMC6gVCrpXl+8eFFI0xT/OE+bNo2sDQ0N7e3tFV6tQ/vcnzjvlUR6ac/ilLx9ffPNNzqdjuM4Ly+vNWvW2Lfyp556iizwXBAkkpKSOjs7p06dSv+AO0hBQUFXVxfHcWKx2OS1v9dff50sVFVVWbyqKBy94jZkyBAS0AYeeughuqzRaKyqnGec6+rqSktLyXJycrLB1CE/h/a5P3He2NL9/4vG/vnnn7vZLj3FiIyMtDj5ai36JdGfOzN26tSpH3/8keO41NRUsdixnwH6HQ4MDPTy8jIuMHnyZHphhBa23YQJE8hCe3v7zZs3jQs0NDSQBXd399GjR1tVOc84FxQUkIVJkyZNmTLFqmod2uf+xHlji87Hp6WlNTY23p1Gb926Rc/IZs+ebff66UkEndk1plarExMTOY6LiYmhRw2OU1tbSxYCAwNNFhCLxfSAlxa2nb+//xNPPMFxXE9Pz549e4wL7N69mywsXLjQ3d3dqsp5xpmuoieSwjm0z/2J88ZWVFQUWbh69WpQUNDmzZurqqoc3Wh1dbVWqyXLEydOtG/lV69e/fXXXzmOE4lE9MzL2Pbt28+fPy+VSj/99FP7dsCkS5cukYVRo0aZK0PPff777z87Nr1v3z5vb2+O495///1ly5YpFIrOzs7W1tazZ89GRUWRXBg3btyOHTusqpZ/nOl9pCSLq6qq4uLixo4d6+7uLpPJZs6cuWXLlpaWlrvc5/7mXk+u3Uv0ih7l7e09f/78lJQUa+/oEzglf+rUKdrWpUuXbOu+IblcTmpevHixuTL19fUeHh4cx23fvp3+0KFT8nR+mudC4dKlS0kZuVxur3aJCxcumDvwFIlEERERwveX4h/nxx9/nKw9c+bMkSNH6N0S+gYPHpyVlXU3+9zPOHVsaTSaFStWmJvcCQkJOXr0qMCqBMYWmVEiWltbDdaSu6gM+iCwA3v37iWbjBkzpqWlxVwxcubi7++vf/ncobFFDypTUlJ0Ol1vb++qVasGDRrk6+tLLyyuXLmSlJk3b5692qWam5tpLFKurq4bNmxob28XUoM+i+P86KOPkgL79u3jmTd0cXHJz8+/O33uf5w6toiKioqlS5fS+x4NvPzyy7du3bJYicDYOnr0qCNiKzc3l/xVl0gkSqXSXDF6q5rBDbQOjS06zUxiq6amRv+rq9FodDrdO++8Q37y4osv2qtdnU6n1Wo//PBDnjmgQYMGpaWlCdxfnbBxpvs7cuRIjuPmzJnz22+/tbe3q9XqmpqaTZs20fvUxo8fb3xLl9373C8htv6PVqstLS3duXNnZGSkQYTxnHNRAmMrJyeHVmv8lGLfYqukpITcGOXm5nby5ElzxTo6OsgXKTw83GDV3TxJ1Gq1CQkJnp6eMpls165dpIyDThJpSalUunXr1pqamu7u7ps3b5aXlyclJbm4uJC1ycnJQvZX4DiHhITQwYyOjjYOpuPHj9MCOTk5Du1zf4XYMqGnpyc7O3vSpEnkIyISif7++2/+TQTG1l9//UU/smVlZeaK0XNJi7GlUCiGDh3KcZxYLM7IyOApmZSURL5ytbW1BqscGlv0gukHH3xgrszChQtJmTfffNNe7ebn55NiAwYMKC0tNS5Aj3zd3Nws3ropfJxnzZpFqnV1dW1qajJZZurUqaTM+vXrHdfnfsx5ryTycHFxCQ8PP336tJ+fH8dxOp0uKyvLLjVPnDiRznfony71TVVVVWhoaFtbm0gk2rdvH/3yG6usrPziiy84jktKSqJ3ftwd9ALi5cuXzZWhqx5++GF7tfvtt9+SBblcrn8EREVFRZGZ7zt37hw8eJCnKuHjzHHciBEjyEJwcPDw4cNNlqFPLBrcXmvHPvdviC2zvL296U0S9rqfSCqVPvLII2S5sLDQlqpqamqeffbZa9eucRyXmppKn1UySaFQkBsvduzYYfwuMP1bMei7t+iDJjai+1tZWWmyQG9v77lz5wwK2668vJwsTJ8+3VwZetVPoVCYK2PVOHN69wOS+xhMIgduHMd1dHQ4os/9HmKLD72fSK1W26vO8PBwsvDzzz/3+ZVvtbW1zzzzTHNzM8dxO3fupI/13Yfo3FZlZWVbW5txAaVS2d7eTpZNHmL0TWdnJ1nQCfi/67SwgT6Mc1BQEFngeb6KjsPgwYPt3mdngNjiU1FRQRYsvhtLOPoMYENDA72abpW6uro5c+Y0NTVxHLdt27bVq1fbq2+O8PTTT0skEo7jtFqtyfOa9PR0shAQEDBmzBh7tUuvqxQXF5srQ6caTR4Z9W2cn3vuOfKWHqVSSfLO2J9//kkWDPbX9j47i3s8t3YfO336NH1LlMVXWVr14poFCxaQwh4eHr///rtxAZ4p+draWjp78tFHHwnfHR4OnZLX6XRxcXGkpI+PT2Njo/6qiooKekPAtm3b7NjusmXLSDE3N7eSkhLjApmZmXSvjV9NYcs4v/DCC2RDuVxu/AYI/SuJp0+ftmOfnYfzxlZqauqMGTPWrVuXkZFRWlp68eLFGzdu9PT0tLa2njlzZvny5fT+5uHDh5t8g50+q2JLpVLR2Q2xWBwfH19QUNDS0nLnzh2VSnXo0CE62WQQW/rfpY0bN9q0/3ocHVv19fX0yv24ceOysrI6OjpaWlq+//57esgwbNgwk69q6XO7paWl9IFniUSyZcuWmpoatVp9+/ZtpVK5du1a+vv19PQ0uORn4zgXFRXR8QwNDc3Nze3o6FCr1bW1tZs3b6YxHRgYaBBqtvTZqThvbAl8qsvFxcX4ne7GrIotnU5XUlJiMK9hTCQS7dy5U38rq84H29raBA6FwNiKjo4W0m5cXJzxtvyjLRaLeR526XO7a9euFbLh/v37DTa0fZzJ7SY83N3dTR5P9bnPTgVzW3xGjBiRmZlJI8mOpk+fXlhYyPMChpEjRx47duw+n7cS7r333vv444/pMZc+iUSSnp4+b948uzeanJy8ZcsWk08FEoMHDz5w4ADPY+d9tmvXrnfffdfcwz0ymSw7O9vk5cJ72GeGmPhPKk5i5cqVs2bNKi4uLikpqa+vb2lpaWlp6erqkkgkvr6+U6ZMmTt37iuvvGL3V2JRAQEBf/zxR05OzvHjx4uKipqamrq6umQy2aRJk+bPnx8bG+u4pu+JjRs3zps3b+/evbm5uSqVysXFZdSoUREREQkJCXaciTewYcOGRYsW7d+/Py8vr7q6+saNG2Kx2MvLKygoKCwsbNGiRSZfAWY7sVi8a9eu2NjY9PT03NzchoaGmzdvenl5BQYGRkRExMfHm3wL4L3tM0NEOgGXWgEA7h84SQQAxiC2AIAxiC0AYAxiCwAYg9gCAMYgtgCAMYgtAGAMYgsAGIPYAgDGILYAgDGILQBgDGILABiD2AIAxiC2AIAxiC0AYAxiCwAYg9gCAMYgtgCAMYgtAGAMYgsAGIPYAgDGILYAgDGILQBgDGILABiD2AIAxiC2AIAxiC0AYAxiCwAYg9gCAMYgtgCAMYgtAGAMYgsAGIPYAgDGILYAgDGILQBgzP8AiUqjtIckcYAAAAAASUVORK5CYII="}}, {"model": "core.stage", "pk": "STG241018401", "fields": {"name": "Cleaning", "stage_number": 3, "barcode": "data:image/png;base64,iVBORw0KGgoAAAANSUhEUgAAAZIAAACYCAIAAABBDPh/AAAP3klEQVR4nO3de1BU1QMH8Lu74IK7iMpDwCRMywfvIEtrMmtMwRzSEY1gsMyRBCmCpFEj06RCKYxyBC3FVIjCCSmdaEYRGxAccJYCefZUVt6PBZPltb8/zu93Zod9sMsu7u/M/X7+OsM995x7jrvf7uPsTaBSqTgAAHYILX0AAADGQWwBAGMQWwDAGMQWADAGsQUAjEFsAQBjEFsAwBjEFgAwBrEFAIxBbAEAY6wmr2mBQEDL9CdE5I9jflGk9Y+6mtJsbQyyVU+bE2hNawvqHelqbdzddR2b1sYNOeBxd+f0TpGu4ejfpKu1MTsa25rWw9bao/7WtB6Gif8KY/oa96PI6R2+1iPXOijDPyETOGxDvi9jahr7r2AWONsCAMYgtgCAMYgtAGAMYgsAGIPYAgDGILYAgDGILQBgDGILABiD2AIAxiC2AIAxiC0AYAxiCwAYg9gCAMYgtgCAMYgtAGAMYgsAGIPYAgDGILYAgDGILQBgDGILABiD2AIAxiC2AIAxiC0AYAxiCwAYg9gCAMYgtgCAMYgtAGAMYgsAGIPYAgDGILYAgDGILQBgDGILABiD2AIAxiC2AIAxiC0AYAxiCwAYg9gCAMYgtgCAMYgtAGAMYgsAGIPYAgDGILYAgDGILQBgDGILABiD2AIAxiC2AIAxiC0AYAxiCwAYg9gCAMYgtgCAMYgtAGAMYgsAGIPYAgDGILYAgDGILQBgDGILABiD2AIAxiC2AIAxiC0AYAxiCwAYg9gCAMYgtgCAMYgtAGAMYgsAGIPYAgDGILYAgDGILQBgDGILABiD2AIAxiC2AIAxiC0AYIxApVJZ+hgAAIyAsy0AYAxiCwAYg9gCAMYgtgCAMYgtAGAMYgsAGIPYAgDGILYAgDGILW5kZCQvLy8sLGz+/Pl2dna2trbu7u6BgYFhYWFHjhyRyWSjo6O08pUrVwQTcvv2ba29FxUVxcbG+vj4ODs7i8ViV1fXNWvWfPnllwMDA1oP9caNG1988UVYWNhjjz3m4eEhlUptbGzc3NyCgoIOHz7c09Nj7PC7urqcnJzocXZ0dOiq2dLSUlhYmJKS8vLLL3t6elpZWZFdIiIiDOyrqqoqJiZm4cKFdnZ2M2bM8PHx2b17919//aV/LxP77e/vP3r0aHBw8OzZs21sbCQSiYeHx/r163NycoaGhgw8csLwuSIsMl5eUPGbTCbz9PTUP0Xff/89rV9UVDSxeb5169aYrhsbG1euXKmrvqura35+/phdTp8+rb+X6dOnZ2dnGzUDW7duVW+hvb1da7V79+7p6jQ8PNyQjpKTk62srDR3l0qlZ86c0bWXif0WFxc/8MADulrw8vK6efOmIQdPGDhXFhwvT/A6tiorK6dNm6brU0JNRmxVVVU5OTnp30UsFo854HFji8jIyDBwBkpLSwUCgfq+kxRbn376qZ4DFgqFFy5cMHu/lZWVU6dO1T9XLi4ut2/fHvf4VcbMlaXGyx/8ja3BwcFHHnmEfCBsbGxef/310tJSuVyuVCrlcrlMJisoKEhISAgICPjhhx/GbS0kJIQ0FRMTM27l9vZ2Z2dn+nHctGlTYWFha2vr4OBgS0vLxYsXo6KibG1tNWMrJyfH19c3KioqKyurrKzs999/VygUAwMDNTU1u3btsra2Jg2KxeKGhoZxD2N4eNjX15fjuOeff37cr+LAwICLi8uqVasSExPPnj1bXV392muvGfh1ampqoucdDz30UH5+fm9vb0dHx6lTpxwcHMjfnZyc+vr6zNvv0qVLaUxs2bKlsrKS9FtSUrJu3To65MjISPPOlaXGyx/8ja3c3FzyaZBIJDKZzMTWjIqt8PBwUlkkEn3zzTda69y5c+ell14y6hguXLhAv1FvvfXWuPXJGYGTk9O1a9fG/SpqioqKMvDr9Morr5Cajo6OcrlcfZNMJpsyZQrZ+vHHH5uxX/VbSMnJyZoVaBxIpVKlUqm/U6PmyiLj5RX+3pIvLCwkhejoaPIf0vujsbExOzublJOSkjZt2qS1mouLS05OjlEtBwcHr1q1ipSvXr2qv7JcLt+7dy/HccnJydOnTzeqI6Molcq8vDxSTkpKcnV1Vd/q6+u7bds2UjbwEthAdXV1pCASiWJjYzUrvPHGG6TQ39/f3Nyspymj5spS4+UV/sYWfbQ37i158/rqq69UKhXHcTNnzty5c6d5G3/yySdJYdyHXHFxcX19fY8++ig96ZgkxcXF/f39HMcJhUKtz8JeffVVUqipqRn3KZvh6FPC6dOn29nZaVaYM2cOLQ8ODuppyqi5stR4eYW/saX634vG/vzzz/vZL72UCwkJGfeGsbHoPWP1e2eafv755++++47juPT0dKFwcj8DFRUVpODl5TVz5kzNCn5+fvTBCK1suoULF5JCb2/v3bt3NSvQMyyxWOzh4aGrHWPnylLj5RX+xha9H3/06NE7d+7cn07//fff2tpaUn7mmWfM3n5VVRUp0LvRmpRKZUxMDMdx4eHh9Oxs8tTX15OCl5eX1gpCoZCe8NLKpps/f/4TTzzBcdzw8HBGRoZmhSNHjpDCxo0bxWKx1kYmMFeWGi+v8De2QkNDSaGtrc3Hx+f999+vqamZ7E5ra2tHRkZIedGiReZtvK2t7ccff+Q4TiAQ0CsRTR999FFTU5NUKj148KB5D0Crf/75hxTc3d111aHXa3///bcZuz5+/LijoyPHce+888727dtlMllfX19XV9e1a9dCQ0NJls2bN+/QoUO6WpjAXFlwvPzB39havnw5faLX0dGxb98+Ly8vJyendevWffbZZ/ScyLy6urpo2cXFxbyNx8XFkbX1mzdv9vPz01qnqakpJSWF47g9e/a4ubmZ9wC0Ijd6OI7TczObbqKVzcLLy6u8vHzp0qUjIyMZGRn+/v7Tpk1zcHBYtmxZXl6eQCBYs2ZNWVnZrFmztO4+sbmy4Hj5g7+xxXHcyZMnY2Nj1W9YdHR05Ofnx8XFLV68ODAwkNzUMKPe3l5alkqlY7b6+fmN+UlQYGCggS0fO3aMPHmcO3fuJ598oqvajh07BgYG5s+fHx8fb/zhTwS9r2RjY8NxnEqlio+Pt7e3d3V1TU9PJ5tsbW1JwexfY7Jsij68o6ysrHbv3p2dnU1Ox7Sa2FxZdrw8wevYsra2Tk9Pl8lk27Zto+sAqcrKyo0bN27YsEHPwmVjqSbnfzhy+fLlHTt2cBwnkUjy8/O13gnmOO7bb78lyz7S0tLo6qHJNmbIDQ0NaWlpCoWipaUlPj6ePO+jdcYsQzfR6Ojo3r173d3djx07NmbT8PBwcnLynDlztN724kyYKwuOlz94HVuEt7d3ZmZmW1tbRUVFampqSEiIeoSdO3cuOjraXH3Z29vTstbHWxNw/fr1kJCQoaEha2vrc+fO+fj4aK3W19dHzhqCgoJeeOEFs3RtCHpSSS5gH3744aioKDs7O2dn54MHD5KV/fR34xKJxIxdR0dH79+/X6lUSqXS5OTkurq6gYGBu3fv3rhxIy4uTiQSKRSK7du3a963MmWuLDhe/kBs/ZdQKAwICEhISMjPz29tbb148aK3tzfZdOrUqerqarP0MmPGDFpua2sbs5Uu1jf84rSqqmr16tX9/f1CofDMmTN0uamm9957r7m52dra+vDhw8Yf+MTRrzF5O4VQKMzIyFAoFK2trfTii764QvPCecKKi4szMzM5jpsyZcqVK1d27969YMECsVg8depUf3//tLQ0upr33XffHbMIxpS5stR4eQWxpYVIJAoKCrp8+TJZ4qxSqQoKCszS8qJFi+itNLqMe8JqampWrlzZ3d0tEAiOHz++ceNGXTWrq6s///xzjuPi4uLoyo/7gz5Qu3Xrlq46dNODDz5orn5PnjxJCmFhYQEBAZoVQkNDyTKRoaGhM2fO0L+bOFeWGi+vILZ0cnR0pIskzLW+RiqVLliwgJRLSkpMaaquru65555rb2/nOC49PX3Lli16KstkMrLw4tChQ5rvAlNfikHfJ/XTTz+ZcngUHa+uM9bR0dGbN2+OqWy6GzdukMKSJUt01Xn88cdJQSaT0T+aOFeWGi+vILb0oetrlEqludoMCgoihfPnzxv7mjqqvr5+xYoVra2tHMelpqaS+/H/n+jD0Orq6u7ubs0KVVVV9AGr1tOiienr6yMFQx6D0Mqms9R4eQWxpc+vv/5KCuO+G8tw9Hdtzc3N5OaLsRoaGp599tmWlhaO4z788MOEhARzHdtkWL58ObnxPDIyon4tRmVlZZGCp6fn3LlzzdUvfa5SVlamq87169dJQc8yCGNZary8gtjSqaioiN61XbZsmbmaXbx48fr160l5586dly5dMmr3hoaGFStWyOVyjuP27du3a9cuQ/aKiIjQ8xoQ9bW19GUsq1evNurAdBGLxRs2bCDlDz74gKQt9dtvv9ElCHT1r1nQa8Pc3FwaT+rOnz9fWlpKyuRnQISJc2Wp8fLLhF95w7r09PSnnnpq165dubm5FRUVf/zxR09Pz/DwcFdX19WrV6Ojo+lb92bNmqX1jW7qjHrfllwup48UhULh1q1bi4uLOzs7h4aG5HL52bNn6Q2UgIAA9R3r6+vpcu2kpCSTxq9G61dxXIa/B6qxsVEkEpHK8+bNKygoUCgUnZ2dX3/9NT3NcXBwUCgUZuy3oqKCroqSSCQHDhyoq6tTKpX37t2rqqpKTEyk/752dnYtLS0GjtqQubLIeHmFv7Gl55do6kQikeY73TUZFVsqlaq8vFx9DZdWAoEgNTVVfS+jrge7u7sNnAoDY0vXq8HG2Lx5s+a++mdbKBQWFBSYvd/ExERDdjxx4oSBE2X4XFlkvPyBi0R93Nzc8vPzaSSZ0ZIlS0pKSvS8VGD27Nl5eXn/5/etDPf222/v37+fnoOok0gkWVlZa9euNXunKSkpBw4coGdVmuzt7U+fPq3nZ+cTZpHx8oeW/7MIT7z55ptPP/10WVlZeXl5Y2NjZ2dnZ2dnf3+/RCJxcXHx9/cPDg7esGGD2V+JRXl6ev7yyy+FhYXnzp0rLS1taWnp7+93dnb29vZ+8cUXIyIiJq9ri0hKSlq7dm1mZualS5fkcrlIJHJ3d1+zZk1UVNTk3Znes2dPZGTkiRMnioqKamtre3p6hELhzJkzfXx8Vq1aFRkZqeuHUKazyHh5QqCanF/JAQBMElwkAgBjEFsAwBjEFgAwBrEFAIxBbAEAYxBbAMAYxBYAMAaxBQCMQWwBAGMQWwDAGMQWADAGsQUAjEFsAQBjEFsAwBjEFgAwBrEFAIxBbAEAYxBbAMAYxBYAMAaxBQCMQWwBAGMQWwDAGMQWADAGsQUAjEFsAQBjEFsAwBjEFgAwBrEFAIxBbAEAYxBbAMAYxBYAMAaxBQCMQWwBAGMQWwDAGMQWADDmP2oLwQOyazyUAAAAAElFTkSuQmCC"}}, {"model": "core.stage", "pk": "STG241018504", "fields": {"name": "Storage", "stage_number": 6, "barcode": "data:image/png;base64,iVBORw0KGgoAAAANSUhEUgAAAZIAAACYCAIAAABBDPh/AAAQwUlEQVR4nO3de1BUZR8H8GcXEGgX5S5gEiTlhYuaqFlNZo0ZEhEqKklYZhKguWlSSjbqiIVig5SDl1TyRpYkkVpWomYoOOAsCApKdhGWi7ByU5frvn+ceZ/Z2TvsAXzc7+evZzi/8zznOQe+nj3n7FGgVCoJAAA7hAO9AQAAPYPYAgDGILYAgDGILQBgDGILABiD2AIAxiC2AIAxiC0AYAxiCwAYg9gCAMZY9l3XAoGAtulXiLgfqn2jSOsPdXWl2ZsabqmePnvRm9YeVAfS1ZvB1XVtm9bOjdlgg6sTvbtI13T0L9LVm9qKPe1N62ZrHVF/b1o3w+Avj/5KXasYXGTMfjN+29Tqjd/Dva5Rq+zpUeAFzrYAgDGILQBgDGILABiD2AIAxiC2AIAxiC0AYAxiCwAYg9gCAMYgtgCAMYgtAGAMYgsAGIPYAgDGILYAgDGILQBgDGILABiD2AIAxiC2AIAxiC0AYAxiCwAYg9gCAMYgtgCAMYgtAGAMYgsAGIPYAgDGILYAgDGILQBgDGILABiD2AIAxiC2AIAxiC0AYAxiCwAYg9gCAMYgtgCAMYgtAGAMYgsAGIPYAgDGILYAgDGILQBgDGILABiD2AIAxiC2AIAxiC0AYAxiCwAYg9gCAMYgtgCAMYgtAGAMYgsAGIPYAgDGILYAgDGILQBgDGILABiD2AIAxiC2AIAxiC0AYAxiCwAYg9gCAMYgtgCAMYgtAGAMYgsAGIPYAgDGILYAgDGILQBgDGILABiD2AIAxiC2AIAxiC0AYAxiCwAYg9gCAMYgtgCAMYgtAGAMYgsAGCNQKpUDvQ0AAD2Asy0AYAxiCwAYg9gCAMYgtgCAMYgtAGAMYgsAGIPYAgDGILYAgDGILdLV1XX06NGIiAgfHx87OztbW1tPT8/AwMCIiIjt27dLpdLu7m5afPbsWUGvVFZWah39zJkzy5YtCwgIcHV1tba2dnd3Dw4O/vrrrxUKhdZNvXz58ldffRURETFx4kQvLy+xWGxjY+Ph4REUFJSSktLY2NjT6cvlchcXF7qd9fX1uiprampOnTqVlJT0xhtv+Pr6WlpacqtERkYaOVZRUVFcXNyoUaPs7OwcHBwCAgLWrFnzzz//6F/LxHFbW1vT0tJmzpw5bNgwGxsbkUjk5eU1a9asjIyMjo4OXWvNmTPH4DH95JNP+mK+mow/RuZCad6kUqmvr6/+XXTs2DFaf+bMmd7t51u3bqkNfePGjenTp+uqd3d3z8rKUlvlwIED+kext7c/fPhwj/bA4sWLVXu4ffu21rL79+/rGnTBggXGDJSYmGhpaam5ulgsPnjwoK61TBz33Llzjz76qK4e/Pz8rl69qnXF2bNn69/VhJCEhATe56uVkcfIfJh1bBUWFg4ePNjgb2dfxFZRUZGLi4v+VaytrdU22GBscXbs2GHkHrhw4YJAIFBdt49i64svvtCzwUKh8MSJE7yPW1hY+Mgjj+jfV25ubpWVlZrrmhhbvZ6vJuOPkfkw39hqb29/8sknud8DGxub995778KFCzKZrK2tTSaTSaXS7OzslStXTpgw4aeffjLYW2hoKNdVXFycweLbt2+7urrS38J58+adOnWqtra2vb29pqbm5MmT0dHRtra2mrGVkZExduzY6Ojo9PT0vLy8v/76q7m5WaFQlJaWrl692srKiuvQ2tr6+vXrBjejs7Nz7NixhJCXX37Z4J+EQqFwc3ObMWNGfHz8oUOHSkpK3nnnHSPjo6Kigp53PP7441lZWU1NTfX19d98842TkxP3cxcXl5aWFn7HnTJlCo2JRYsWFRYWcuPm5uaGhYXRKUdFRWmuS2PLmKPP43zV9OgYmQ/zja0jR45wvwQikUgqlZrYW49ia8GCBVyxhYXFt99+q7Wmurp6/vz5PdqGEydO0N/sDz74wGA9d0bg4uJy8eLFXvxJREdHGxkfb731Flfp7Owsk8lUF0ml0kGDBnFLP//8cx7HVb2ElJiYqFlA408sFre1taktNSW2eJyvicfoYWW+sbVo0SLul2DVqlWm92Z8bF2/fp2e869bt870oVXNmDGD63nChAn6K6uqquzs7Aghu3btunbtWt/FlkKhEIvFXOW2bds0C5YuXcot9fX15XHcX375hf7b0NzcrFlQVFREZ33z5k21pb2OLR7na/oxeliZ751EemvP4CV5fu3Zs0epVBJCHB0dV61axW/nzz77LNcweLNJIpG0tLQ89dRT9KSjj5w7d661tZUQIhQKtd77e/vtt7lGaWlpL+6y6ULvEtrb23N//GqGDx9O2+3t7XyNy+N8++0YMcd8Y0v5/xeN/f333/05Lv0oFxoaavCCcU/R8zjVa2eafv311++//54QkpqaKhT27e9AQUEB1/Dz83N0dNQsGDduHL0xQotNN2rUKK7R1NR09+5dzYKqqiquYW1t7eXlxde4fM23P48Rc8x3d9Dr8WlpadXV1f0z6L179+jZ/gsvvMB7//SDD70aramtrS0uLo4QsmDBAnp21nfKy8u5hp+fn9YCoVBIT3hpsel8fHyefvppQkhnZ+eOHTs0C7Zv38415s6da21traufPXv2TJw40d7e3tbWdvjw4SEhIWlpaXrub/Iy334+Rswx39gKDw/nGnV1dQEBAevWrSstLe3rQa9du9bV1cW1R48ezW/ndXV1x48fJ4QIBAL6SUTTZ599VlFRIRaLN2/ezO8GaPXff/9xDU9PT1019PPav//+y+PQu3fvdnZ2JoR89NFHMTExUqm0paVFLpdfvHgxPDycy7IRI0Zs2bJFTydZWVkFBQVNTU0KhaKysvL48eOxsbHe3t6//fab1npe5tvPx4g55htbU6dOpXf06uvr169f7+fn5+LiEhYWtm3bNtUroDySy+W07ebmxm/nEomEe7Z+4cKF48aN01pTUVGRlJRECElISPDw8OB3A7TiLvQQQuzt7XXV0EW0mBd+fn75+flTpkzp6urasWPH+PHjBw8e7OTk9Mwzzxw9elQgEAQHB+fl5Q0dOrSnPdfW1r7yyitZWVmai0yfb/8fI+aYb2wRQvbt27ds2TLVCwf19fVZWVkSiWTMmDGBgYHcxQUeNTU10Ta930SNGzdO7esjgYGBRva8a9eujIwMQoi3t/fWrVt1lS1dulShUPj4+KxYsaLnm98b9LqSjY0NIUSpVK5YsWLIkCHu7u6pqancIltbW67Bb2yR/z82tWTJErWfW1parlmz5vDhw9zpmCYnJ6eoqKjMzMwrV67U19e3t7dXVVUdO3aM3qvt7u5+8803ZTKZ2oqmz7f/jxF7BvZG5oOguLh4yZIl9DlANbNnz753757BTox8AOK7776jPcvlcrWl3IOFqgw+x8A5ffo096ypSCQqKirSVUYfVVO7qd+nD0DQS+MpKSlKpbKsrIyOZWFh0d7erlQq33//fe4nr732Gl/jKpXKrq6uTz/9VM91q8GDB6elpRk5XyolJYX2IJFI+J0vv8foYWXWZ1scf3//nTt31tXVFRQUJCcnh4aGqkZYZmZmbGwsX2MNGTKEtrXe3uqFS5cuhYaGdnR0WFlZZWZmBgQEaC1raWnh/vUOCgp69dVXeRnaGPSkkvsA+8QTT0RHR9vZ2bm6um7evJlLW/q9cZFIxOPQsbGxGzZsaGtrE4vFiYmJZWVlCoXi7t27ly9flkgk3PNcMTExPb1+tHz58vnz53PtH374QW2pKfMdqGPEnoHOzQdRZ2fnyZMn/f39uV0kEAiuXLmifxUjz7YuXbpE93xhYaGuMvrh1ODZllQqdXBwIIQIhcIjR47oqZRIJIQQKyur8vJytUV9erZFb5h+/PHHumrmzp3L1bz77rt8jXv27FmubNCgQQUFBZoF9MzXyspK83FT/XJycugeq6mpUV1kynx5P0YPK5xtaWFhYREUFJSTk+Pu7k4IUSqV2dnZvPQ8evRoeilN9eND75SWlk6fPv3OnTsCgWD37t30j0FTSUnJl19+SQiRSCT0yY/+QW+o3bp1S1cNXfTYY4/xNe6+ffu4RkRExIQJEzQLwsPDucdEOjo6Dh482KPOx4wZQ9t1dXWqi3o93wE8RsxBbOnk7OxMH5Lg63kisVg8cuRIrp2bm2tKV2VlZS+99NLt27cJIampqfS7SlpJpVLuwYstW7ZovjdK9VEM+l4n+uUYE9H5lpSUaC3o7u6+evWqWrHpLl++zDUmTZqkq2by5MlcQyqV9nogtdcz9Hq+A3iMmIPY0oc+X9PW1sZXn0FBQVzjxx9/1POaOv3Ky8unTZtWW1tLCElOTqZfc3sA0ZuhJSUld+7c0SwoKiqiN1i1nhb1TktLC9dQGvH/rtNiI6n+M6b2hYSBmq9ZQWzpU1xczDUMvhvLePT7ZVVVVTt37uxFD9evX3/xxRdramoIIZs2bVq5ciVf29YXpk6dyl147urq0vpZLD09nWv4+vp6e3vzNS69r5KXl6erhl5q1PUYhC50m729vdVia6Dma14G+uLagysnJ4e+NcngK0N79OKaWbNmccU2Nja///67ZoGeS/Ll5eX0EcT169cbPx09+vSSvFKpXLhwIVfp4uJSXV2tuqi4uJi+yGXTpk08jhsTE8OVWVlZ5efnaxaoPiyq9VUNuuzfv59+MIyPj9cs4He+HFySV2W+sZWamvrcc8+tXr36yJEjBQUFN2/ebGxs7OzslMvlf/zxR2xsLH3r3tChQw2+0a1HsSWTybjbf4QQoVC4ePHic+fONTQ0dHR0yGSyQ4cO0QsZarGlmllr1641af4q+jq2bty4YWFhwRWPGDEiOzu7ubm5oaFh//799DTHyclJ6+tlej1uQUEBDReRSLRx48aysrK2trb79+8XFRXFx8fT42tnZ6d2NzAyMjIkJGTr1q3nz58vLy+Xy+UdHR11dXU///wzvdxJCHFwcNC6u/idLwexpcp8Y0v/N9EoCwsLzXe6a+pRbCmVyvz8fNVnuLQSCATJycmqa/Xo8+CdO3eM3BVG/knMmzfPmHEXLlyoua7+vS0UCrOzs3kfNz4+3pgV9+7dq7ZicHCwwbWsra1zcnJ0bbMp89UKsaUK17b08fDwyMrKopHEo0mTJuXm5ur5cv+wYcOOHj36gF+3Mt6HH364YcMGeg6iSiQSpaenh4SE8D5oUlLSxo0b6VmVpiFDhhw4cEDP1851GTlyZG5u7rRp03QVDMh8zYeW/1nETCxfvvz555/Py8vLz8+/ceNGQ0NDQ0NDa2urSCRyc3MbP378zJkz58yZw/srsShfX9/z58+fOnUqMzPzwoULNTU1ra2trq6u/v7+r7/+emRkZN8NPSDWrl0bEhKyc+fO06dPy2QyCwsLT0/P4ODg6OjovrsynZCQEBUVtXfv3jNnzly7dq2xsVEoFDo6OgYEBMyYMSMqKkrrK7HS09Ozs7P//PPPkpKSysrKxsZG7lF7Nze3yZMnh4aGhoWFGXwH1oDM10wIlEbcHgYAeHDgQyIAMAaxBQCMQWwBAGMQWwDAGMQWADAGsQUAjEFsAQBjEFsAwBjEFgAwBrEFAIxBbAEAYxBbAMAYxBYAMAaxBQCMQWwBAGMQWwDAGMQWADAGsQUAjEFsAQBjEFsAwBjEFgAwBrEFAIxBbAEAYxBbAMAYxBYAMAaxBQCMQWwBAGMQWwDAGMQWADAGsQUAjEFsAQBjEFsAwBjEFgAwBrEFAIxBbAEAY/4H4wNm0fUcsnEAAAAASUVORK5CYII="}}, {"model": "core.stage", "pk": "STG241018591", "fields": {"name": "Sterilization", "stage_number": 4, "barcode": "data:image/png;base64,iVBORw0KGgoAAAANSUhEUgAAAZIAAACYCAIAAABBDPh/AAASkElEQVR4nO3daVhUVQMH8DszIhA7CA6aJkm5sKjhbr1mPYaIRO4ShGkmitukKaFRoeJuKeUDZirlSkEiqUU9ihuIBjooyJqWwsg6sqmszvvhPJ1n3tnBi3Xe+f8+HZmz3HuZ+XPuvWeuAoVCwQEAsEP4T28AAED7ILYAgDGILQBgDGILABiD2AIAxiC2AIAxiC0AYAxiCwAYg9gCAMYgtgCAMV06r2uBQEDL9CtE5Icq3yjS+ENtXan3poK8qqPPDvSmsQflgbT1pre5tm3T2LkhG6y3OafzEGnbHd0vaetNpWF7e9O42RpHNPx3xxnwzjTkt6DSg963Iqdz9zVus8ZDZPg7RPcR1jGE7joqNQ35LPAOsy0AYAxiCwAYg9gCAMYgtgCAMYgtAGAMYgsAGIPYAgDGILYAgDGILQBgDGILABiD2AIAxiC2AIAxiC0AYAxiCwAYg9gCAMYgtgCAMYgtAGAMYgsAGIPYAgDGILYAgDGILQBgDGILABiD2AIAxiC2AIAxiC0AYAxiCwAYg9gCAMYgtgCAMYgtAGAMYgsAGIPYAgDGILYAgDGILQBgDGILABiD2AIAxiC2AIAxiC0AYAxiCwAYg9gCAMYgtgCAMYgtAGAMYgsAGIPYAgDGILYAgDGILQBgDGILABiD2AIAxiC2AIAxiC0AYAxiCwAYg9gCAMYgtgCAMYgtAGAMYgsAGIPYAgDGILYAgDGILQBgDGILABiD2AIAxiC2AIAxiC0AYAxiCwAYg9gCAMYgtgCAMYgtAGAMYgsAGIPYAgDGILYAgDGILQBgDGILABiD2AIAxggUCsU/vQ0AAO2A2RYAMAaxBQCMQWwBAGMQWwDAGMQWADAGsQUAjEFsAQBjEFsAwBjEFtfW1paQkBAQEODq6mplZWVubt67d++hQ4cGBATs2rVLKpU+fvyYVj579qygQ0pKSjSOnpqaumTJEk9PTycnJ1NTU2dnZ19f32+++aaxsVHjpl69evWrr74KCAgYNmxYnz59LC0tzczMevTo4ePjs2PHjpqamvbuvlwud3R0pNtZVVWlrWZZWVlKSsrmzZvffvttNze3Ll26kCZBQUEGjpWdnb1o0aL+/ftbWVnZ2dl5enquXr36zz//1N3qCcdtaGiIiYmZOHFiz549zczMLCws+vTpM2XKlCNHjrS0tGhrNW3aNL2/048//ljHuHfu3AkPDx8xYoSjo2PXrl3FYvHIkSPXr18vk8k6dX+NgsK4SaVSNzc33Yfo2LFjtH5qamrHjvPdu3dVhi4qKho/fry2+s7OzklJSSpNDhw4oHsUW1vbw4cPt+sIzJs3T7mHyspKjdUePXqkbdDAwEBDBoqKiurSpYt6c0tLy4MHD2pr9YTjnjt37tlnn9XWg7u7+82bNzU2nDp1qu5DzXHcmjVrtI37xRdfmJiYaGxlbW3deftrJIw6trKysqytrfW+OzsjtrKzsx0dHXU3MTU1VdlgvbFFxMbGGngE0tPTBQKBcttOiq3PP/9cxwYLhcKTJ0/yPm5WVtYzzzyj+1iJxeKSkhL1tk8SWzt27NDdUCgUJiYm8r6/xsN4Y6u5ufnFF18kbwgzM7MFCxakp6fLZLKmpiaZTCaVSpOTk1esWOHl5fXTTz/p7c3f3590tWjRIr2VKysrnZyc6Ntx5syZKSkp5eXlzc3NZWVlp06dCgkJMTc3V4+tI0eODBo0KCQkJC4uLiMj448//qirq2tsbMzNzQ0PD6d/3k1NTQsLC/VuRmtr66BBgziOe+ONN+jGaIutxsZGsVjs7e29atWqQ4cO5eTkvPfeewZ+nIqLi+k86/nnn09KSqqtra2qqvr2228dHBzIzx0dHevr6/kdd9SoUTQm5s6dm5WVRcZNS0ubPHky3eXg4GD1tjS2DPntKyspKenatStpKxaL9+zZc/fu3ebm5vLy8kOHDrm6upKXHBwc6urq+N1f42G8sRUfH0/eDRYWFlKp9Al7a1dsBQYGksoikejo0aMa69y7d2/WrFnt2oaTJ0/Sj+IHH3ygtz6ZATk6Ol66dElvbKkLCQkx8OP07rvvkprdunWTyWTKL0mlUvoh37RpE4/jKl8yi4qKUq9A48DS0rKpqUnl1Q7H1qeffkoaWllZFRcXq7wql8vpH8uNGzca0qHhx9l4GO8l+ZSUFFIIDQ0lk46no6io6PDhw6QcERExc+ZMjdXEYvGRI0fa1fPEiRO9vb1J+fz587ory2Qy8gGLioqytbVt10Dt0tTUlJCQQMoRERHOzs7Krw4aNGj+/PmkbOApsIHy8/NJQSQSLVmyRL3C0qVLSaGhoaG0tJSvcellhDlz5vTt21flVTs7uw0bNpDyDz/8wNegxsZ4Y4ve2tN7SZ5fe/fuVSgUHMfZ29uvXLmS387HjBlDCjpuCBISiaS+vv6ll16ik45Ocu7cuYaGBo7jhEKhxnthc+bMIYXc3Fy9dxUNR+8S2traWllZqVfo1asXLTc3N/M17u3bt0nhlVde0ViBnpJfu3atvLycr3GNivHGluLvB43R99nTQU/l/P399V4wbi96fV352pm6X3/9lfypj46OFgo79z2QmZlJCu7u7vb29uoVBg8eTG+M0MpPrn///qRQW1v74MED9Qp0hmVqatqnTx++xq2vrycFbXNYKysrcl6sUChycnL4GteoGG9s0UsMMTEx9+7dezqDPnz4MC8vj5RfffVV3vvPzs4mBXo1Wl1TU9OiRYs4jgsMDKSzs85TUFBACu7u7horCIVCOuGllZ+cq6vryJEjOY5rbW2NjY1Vr7Br1y5SmDFjhqmpqbZ+9u7dO2zYMFtbW3Nz8169evn5+cXExOi430dndtrW0NXX19PJXWFhoUE7A//LeGNr+vTppFBRUeHp6fnZZ5/l5uZ29qB5eXltbW2kPGDAAH47r6ioOHHiBMdxAoGAnnmp27hxY3FxsaWl5ZYtW/jdAI3u3LlDCr1799ZWh56v/fXXXzwOvWfPnm7dunEcFxYWtnDhQqlUWl9fL5fLL126NH36dJJlffv23bp1q45OkpKSMjMza2trGxsbS0pKTpw4ERoa6uLi8ttvv2ms7+LiQgrp6ekaKyg31Lv0FDQy3tgaO3YsvaNXVVUVGRnp7u7u6Og4efLknTt30jkRv+RyOS2LxWJ+O5dIJGRt/ezZswcPHqyxTnFx8ebNmzmOW7NmTY8ePfjdAI3IhS1O+0mT8ku0Mi/c3d0vX748atSotra22NjYIUOGWFtbOzg4jB49OiEhQSAQ+Pr6ZmRkdO/evb09l5eXT5gwISkpSf0lOonet2+fegrX1tauXr2a/lPj2SvoZbyxxXHc/v37lyxZonxxp6qqKikpSSKRDBw4cOjQobzf66mtraVlS0tLlVcHDx6s8vWRoUOHGtjz119/Te48uri4bN++XVu1xYsXNzY2urq6Ll++vP2b3xH0k2lmZsZxnEKhWL58uY2NjbOzc3R0NHnJ3NycFPiNLe7vZWL0ZiXVpUuX1atXHz58mEzH1Dk4OAQHBycmJt64caOqqqq5ubm0tPTYsWP0Xu3jx4/feecd9enSvHnzyAK62traMWPG7N+/XyaTtba2VlZWHj16dNiwYQUFBfQPBu/7ayz+2fUX/wbXr1+fP38+XfeoYurUqQ8fPtTbiYHrtr7//nvas1wuV3lVfR2Gl5eXIbtw+vRp8lGxsLDIzs7WVo0uVVNZi6Q8teR93Ra9NL5jxw6FQkHXJXAcJxKJmpubFQoFXYvw5ptv8jWuQqFoa2v75JNPdFy3sra2jomJMXB/KeVF8BKJRL3Cxo0btY3IcZyzs3NkZCQph4SE8Li/xsOoZ1uEh4fH7t27KyoqMjMzt23b5u/vrxxhiYmJoaGhfI1lY2NDy3ydIFy5csXf37+lpcXExCQxMdHT01Njtfr6ejLD8vHxmTRpEi9DG4JOKskJ7AsvvBASEmJlZeXk5LRlyxaStvR74xYWFjwOHRoaunbt2qamJktLy6ioqPz8/MbGxgcPHly9elUikYhEorq6uoULF7b3Gt+yZctmzZpFyj/++KN6hbCwsMjISI23aMVicUpKiuLvu9gaV2aAfv90bv4btba2njp1ysPDgxwigUBw48YN3U0MnG1duXKFHvmsrCxt1ejJqd7ZllQqtbOz4zhOKBTGx8frqCmRSDiOMzExKSgoUHmpU2db9FrPRx99pK3OjBkzSJ3333+fr3HPnj1LqnXt2jUzM1O9Ap35mpiY3Lp1S++4ys6cOUOPWFlZmcY6+fn5S5cu9fDwsLGxMTMz69+/f1hYWHl5uUKhCA4OJm3XrVundyzMttRhtqWBSCTy8fE5c+YMWdKtUCiSk5N56XnAgAH0j7Dy6VLH5Obmjh8//v79+wKBYM+ePfTDry4nJ+fLL7/kOE4ikdCVH08HvYF49+5dbXXoS8899xxf4+7fv58UAgICvLy81CtMnz6dLBNpaWk5ePBguzofOHAgLVdUVGis069fv507d16/fr2mpubRo0d5eXmbNm0i6+noPeun/Lv4v4HY0qpbt250kQRf64ksLS379etHymlpaU/SVX5+/uuvv15ZWclxXHR09Ny5c3VUlkqlZOHF1q1b1Z8bpbwUgz5765dffnmSzaPo/mpbWvn48eObN2+qVH5yV69eJYXhw4drqzNixAhSkEqlHR5I5REaelVUVFy7do2UtZ3Rg26ILV3oeqKmpia++vTx8SGF48eP63hMnW4FBQXjxo0jXw3Ztm3b4sWL+do83tGboTk5Offv31evkJ2dTW+wapwWdQxdra4w4P9dp5UNpPxnTPcXEtQdPHiQPHhSLBZjttUxiC1drl+/Tgp6n41lOPodwNLS0t27d3egh8LCwtdee62srIzjuA0bNqxYsYKvbesMY8eOJRfa29raNJ6LxcXFkYKbmxtdq/nk6H2VjIwMbXXopUZtyyC0odvs4uLSrtiSy+Vk3RzHcQEBAZ39zar/VzhqWqWmptJnMIwePZqvbgcOHDhlyhRSXrly5enTp9vVvLCwcNy4cWS5UGRkZHh4uCGtgoKCdFzg1HhJfsKECe3aMG1MTU2nTZtGyuvWrSNpS924cYN+84au/uUFPTeMj49XvhNCHT9+nC5kJ18DMtCBAwdobNHLCIaoq6ubOnUquRZmYmKyYMECw9vC/3gKl/3/naKjo19++eXw8PD4+PjMzMxbt27V1NS0trbK5fLz58+HhobSp+51795d4xPslLXreVsymYzc/uM4TigUzps379y5c9XV1S0tLTKZ7NChQ/Rik8qdROWVihEREU+0/0o69U6iQqEoKioSiUSkct++fZOTk+vq6qqrq7/77js6zdH22LwOj5uZmUmvOllYWKxfvz4/P7+pqenRo0fZ2dmrVq2iv18rKyuVu4FBQUF+fn7bt2+/cOFCQUGBXC5vaWmpqKj4+eeflXPKzs5O4+HKysoaO3ZsbGwsecZDY2Pj7du3Y2JilOeSYWFhhuys4ftrVIw3tnR/E40SiUTqz3RX167YUigUly9fVl7DpZFAINi2bZtyq3adD96/f9/AQ2FgbGl7NJiK2bNnq7fVfbSFQmFycjLv465atcqQhvv27VNp6Ovrq7eVqanpmTNnNG7w77//rrvtpEmTyDpb3o+zkcBJoi49evRISkqikcSj4cOHp6Wl6XgAQ8+ePRMSEv7l160M9+GHH65du5bOuZRZWFjExcX5+fnxPujmzZvXr1+v7b+i4DjOxsbmwIEDOr52rk2/fv3S0tLGjRvX3oYikUgikSQkJOjYKtBLw/+kYiSWLVv2n//8JyMj4/Lly0VFRdXV1dXV1Q0NDRYWFmKxeMiQIRMnTpw2bRrvj8Si3NzcLly4kJKSkpiYmJ6eXlZW1tDQ4OTk5OHh8dZbbwUFBXXe0P+IiIgIPz+/3bt3nz59WiaTiUSi3r17+/r6hoSE8HglXsWaNWuCg4P37duXmpqal5dXU1MjFArt7e09PT29vb2Dg4M1PgIsLi4uOTn54sWLOTk5JSUlNTU1ZKm9WCweMWKEv7//5MmTdVxN9/LyunjxYkJCwsWLF0tLS6uqquzt7Xv16uXt7R0YGMj7kz+MkEBhwO1hAIB/D5wkAgBjEFsAwBjEFgAwBrEFAIxBbAEAYxBbAMAYxBYAMAaxBQCMQWwBAGMQWwDAGMQWADAGsQUAjEFsAQBjEFsAwBjEFgAwBrEFAIxBbAEAYxBbAMAYxBYAMAaxBQCMQWwBAGMQWwDAGMQWADAGsQUAjEFsAQBjEFsAwBjEFgAwBrEFAIxBbAEAYxBbAMAYxBYAMAaxBQCMQWwBAGMQWwDAGMQWADDmv8UAlp4A83nCAAAAAElFTkSuQmCC"}}, {"model": "core.stage", "pk": "STG241018748", "fields": {"name": "Distribution", "stage_number": 7, "barcode": "data:image/png;base64,iVBORw0KGgoAAAANSUhEUgAAAZIAAACYCAIAAABBDPh/AAAQaklEQVR4nO3de1BU1QMH8LO7IOAuKggEWiZppTxWC7MsJ7MyQzNMRdtgyMwkRYs0KW1szDTzURHloGhKPqN0QkonnCEkB3wMMIuCvNTytaLIQ0FdXu7vjzO/Mzv7uHuXvZud3e/nrzPsueecPbt8uffcBzKDwUAAAPghv9cDAACwD2ILADiD2AIAziC2AIAziC0A4AxiCwA4g9gCAM4gtgCAM4gtAOAMYgsAOOPhvKZlMhkrs1uI6A9N7iiy+ENrTZm3ZoK+KtBmN1qz2IJxR9Zas7m5tbFZbFzMgG1uTgSnyNrbEX7JWmsmG9rbmsVhW+zRYhfWhmFvawLzLFxH/IfY7U9B4L0Ivyr87RVoTWD8YlqTBPa2AIAziC0A4AxiCwA4g9gCAM4gtgCAM4gtAOAMYgsAOIPYAgDOILYAgDOILQDgDGILADiD2AIAziC2AIAziC0A4AxiCwA4g9gCAM4gtgCAM4gtAOAMYgsAOIPYAgDOILYAgDOILQDgDGILADiD2AIAziC2AIAziC0A4AxiCwA4g9gCAM4gtgCAM4gtAOAMYgsAOIPYAgDOILYAgDOILQDgDGILADiD2AIAziC2AIAziC0A4AxiCwA4g9gCAM4gtgCAM4gtAOAMYgsAOIPYAgDOILYAgDOILQDgDGILADiD2AIAziC2AIAziC0A4AxiCwA4g9gCAM4gtgCAM4gtAOAMYgsAOIPYAgDOILYAgDOILQDgDGILADiD2AIAziC2AIAziC0A4AxiCwA4g9gCAM4gtgCAM4gtAOAMYgsAOIPYAgDOILYAgDOILQDgDGILADgjMxgM93oMAAB2wN4WAHAGsQUAnEFsAQBnEFsAwBnEFgBwBrEFAJxBbAEAZxBbAMAZxBbp6urau3evRqMZPHiwr6+vj4/PgAEDRowYodFoNmzYoNVq7969yyofPnxY1i2XLl2y2Ht+fv6CBQvUanVQUJCXl1dISMjEiRO3bNmi1+stDrW0tPT777/XaDRPPPHEwIEDVSqVt7d3v379oqOjU1NTm5ub7X37jY2NgYGBbJzXr1+3VrOuri43N3fNmjVvvPFGeHi4h4cH3SQ+Pl5kX2VlZUlJSUOGDPH19fXz81Or1UuXLv3nn3+Et3Kw39bW1vT09AkTJvTv39/b21upVA4cOHDKlCl79uzp6OiwuMno0aPFf7JbtmwRMwzx89y9MbsXg3vTarXh4eHCU/Trr7+y+vn5+d2b54sXL5p0XVtbO27cOGv1Q0JCsrOzTTbZsWOHcC99+vTZvXu3XTMwe/Zs4xbq6+stVrtz5461TuPi4sR0tGrVKg8PD/PNVSrVzp07rW3lYL8FBQX333+/tRYiIiJOnz5tvtUzzzwjPM/GjL8eAkTOc7fH7FbcOrZKSkp69epl1/dSqtgqKysLDAwU3sTLy8tkwDZji9q4caPIGSgqKpLJZMbbOim2vv76a4EBy+XyAwcOSN5vSUlJz549hecqODj40qVLJhuKjy0/Pz+9Xm/z7Yuf526P2a24b2y1t7c/8sgj9Hvg7e397rvvFhUV6XS6trY2nU6n1WpzcnIWLVoUFRX122+/2WwtJiaGNpWUlGSzcn19fVBQEPsWzpgxIzc39+rVq+3t7XV1dQcPHkxMTPTx8TGPrT179gwbNiwxMTEzM/PYsWNnz569efOmXq+vqKhYsmSJp6cnbdDLy6umpsbmMDo7O4cNG0YIeemll2z+Oun1+uDg4PHjx6ekpOzatau8vPztt9+mm9iMjzNnzrD9rIceeig7O/vGjRvXr1//8ccf+/btS38eGBjY0tIibb+jRo2iNeVy+axZs0pKSmi/hYWFr732GnvLCQkJNufKxDfffCP+47Zrnp03ZlfivrGVlZVFvwFKpVKr1TrYml2xFRcXRysrFIqffvrJYp0rV668/vrrdo3hwIED7Gv9wQcf2KxP94ACAwOPHj1q89fJXGJiosj4mDlzJq0ZEBCg0+mMX9JqtT169KCvfvnllxL2a7xktmrVKvMKLP5UKlVbW5uYrpmwsDC6bXFxsc3K4ufZqWN2Je4bW7NmzaLfgMWLFzvemvjYqqmpYccLy5cvd7xrY+PHj6ctR0VFCde8fPmyr68vISQjI6OystJ5saXX61UqFa357bffmleYP38+fTU8PFzCfv/44w/2t+HmzZvmFcrKyti7PnfunJiuqSNHjtCt1Gq1zcp2zbPzxuxi3PdMIju1Z3NJXlo//PCDwWAghPj7+y9evFjaxtmijPCJKkJIcnJyS0vL448/zv6AO0lBQUFrayshRC6XWzz399Zbb9FCRUWFzbOK4rEzbn369KHBYeKBBx5g5fb2dvEtZ2Rk0AIbuQC75tl5Y3Yx7htbhv8/aOzvv//+N/tlh3IxMTE2F1/txfbjjNfOzB06dOiXX34hhKSlpcnlzv0OFBcX00JERIS/v795heHDh7MTI6yy44YMGUILN27cuHXrlnmFy5cv04KXl9fAgQNFNtvU1ESnztPTkx3sW2PvPDtpzK7HfWOLrcenp6dfuXLl3+n09u3b7Ejhueeek7x9dhDBVnbNtbW1JSUlEULi4uLsOtPfPdXV1bQQERFhsYJcLmc7vKyy4wYPHvzUU08RQjo7Ozdu3GheYcOGDbQwffp0Ly8vkc1u376dXlI3adIk4XPB3ZhnJ43Z9bhvbMXGxtLCtWvX1Gr18uXLKyoqnN1pZWVlV1cXLQ8dOlTaxq9du/b7778TQmQymcDxy+rVq8+cOaNSqdauXSvtACy6cOECLQwYMMBaHXbsc/78eQm73rx5c0BAACHko48+mjt3rlarbWlpaWxsPHr0aGxsLM2FQYMGrVu3zq42acHmEWL35tkZY3ZB93px7V4y38kPCAiYPHlyamqqvVf0iVySP3ToEOvrwoULjg3flEajoS3PnDnTWp3a2lpvb29CyOrVq9kPnbokP2LECFpN4EThnDlzaB2NRiNVv9TZs2et7XjKZLKJEyeKf78Go8X44ODgzs5OgZqOzLO0Y3ZJ7ru3RQjZtm3bggULjBcdrl+/np2dnZycHBYWNmLECLowIaEbN26wMju/xgwfPtzkxhH2O29TRkbGnj17CCGhoaFfffWVtWrz58/X6/WDBw9euHCh/cPvDrZGQ3+NDQbDwoULe/fuHRISkpaWRl/y8fGhBbp4LyF6mRiLRcbDw2Pp0qW7d++muzYiscX4hIQEhUIhUNOReZZ2zK7pXufmvXfy5Mk5c+aw6x5NTJ069fbt2zYbEbm39fPPP7OWGxsbTV6lFyUas3kdA5WXl0evNVUqlWVlZdaqsUvVTC6gdereFltmTk1NNRgMVVVVrC+FQtHe3m4wGN577z36k1dffVWqfg0GQ1dX16effiqwBtSrV6/09HSR77epqYnFa2VlpUBNR+ZZ2jG7Krfe26IiIyM3bdp07dq14uLi9evXx8TEGEfYvn375s2bJ1VfvXv3ZmWLp4q64cSJEzExMR0dHZ6envv27VOr1RartbS00L/80dHRr7zyiiRdi8F2KulK9sMPP5yYmOjr6xsUFLR27Vqatuy+caVSKWHX8+bNW7FiRVtbm0qlWrVqVVVVlV6vv3XrVmlpaXJyMr02au7cuSLXnrZv307vNBo1ahTLYnMOzrO0Y3ZZ9zo3/4s6OzsPHjwYGRlJp0gmk506dUp4E5F7WydOnGAzX1JSYq0aOzi1ubel1Wr9/PwIIXK5PCsrS6BmcnIyIcTT07O6utrkJafubbETph9//LG1OtOnT6d13nnnHan6PXz4MK3Wo0cPi9eysz1fT09PMZdustOdGRkZAtUcmWfJx+yqsLdlgUKhiI6O/vPPP0NCQgghBoMhJydHkpaHDh3KltKMD5e6p6KiYty4cU1NTTKZbPPmzeyX31x5efl3331HCElOTmZXfvw72AnEixcvWqvDXnrwwQel6nfbtm20oNFooqKizCvExsbSle+Ojo6dO3cKt1ZYWEhPNPfs2XPGjBnWqjk4z9KO2YUhtqwKCAhgF0lIdT2RSqV69NFHabmwsNCRpqqqql544YX6+npCSFpaGrtXySKtVksvvFi3bp35E6OML8Vgz4RiN5o4iL3f8vJyixXu3r17+vRpk8qOKy0tpYWRI0daq/Pkk0/SglarFW6NLcZPnTpV4KkhDs6ztGN2YYgtIex6ora2NqnajI6OpoX9+/d3+5Fv1dXVY8eOvXr1KiFk/fr17La+/yB2MrS8vLypqcm8QllZGTvBanEXo3taWlpowSDi/66zyhY1Nzezw3bhPw8OknDMrg2xJeTkyZO0YPPZWOKxe9MuX768adOmbrRQU1Pz/PPP19XVEUK++OKLRYsWSTU2ZxgzZgxdaO/q6rJ4XJOZmUkL4eHhoaGhUvXLzqscO3bMWh221Ch8SQFbjA8NDR0zZoxUIzQn4ZhdG2LLqvz8fHolFCHk6aeflqrZsLCwKVOm0PLixYvz8vLs2rympmbs2LE6nY4Q8tlnny1ZskTMVvHx8QILnBaXil9++WW7BmaNl5fXtGnTaPnzzz+nacucOnWK3cVi8xY/u7DjrKysLOMzIcz+/fuLiopomd5SYw27Mn7mzJkmT/sz4eA8SzhmFyfJwj6P0tLSRo8evWTJkqysrOLi4nPnzjU3N3d2djY2Nv7111/z5s1jT9277777LD7Bzphdz9vS6XT09B8hRC6Xz549u6CgoKGhoaOjQ6fT7dq1iy2CmJxJrK6u7tevH31p2bJlDr1/I049k2gwGGpra9nFmYMGDcrJybl582ZDQ8P27dvZLkPfvn0tPqql2/0WFxeziFEqlStXrqyqqmpra7tz505ZWVlKSgr7fH19fevq6qy1w5YgZTLZ+fPnxYzQGpvzLNWYXZ77xpbIu7oUCoX5M93N2RVbBoPh+PHjxtdwWSSTydavX2+8lV3Hg01NTSKnQmRsCZxBM/bmm2+abys823K5PCcnR/J+U1JSxGy4detWgclJSEig1V588UXhabRJzDxLMmaXh4NEIf369cvOzmaRJKGRI0cWFhYKPBigf//+e/fu/Y+vW4n34YcfrlixwuINMUqlMjMzc9KkSZJ3umbNmpUrV7I9FHO9e/fesWOHwE3R/9piPOP4mN2Bhf+k4ibef//9Z5999tixY8ePH6+trW1oaGhoaGhtbVUqlcHBwY899tiECROmTZsm+SOxmPDw8CNHjuTm5u7bt6+oqKiurq61tTUoKCgyMnLy5Mnx8fHO6/qeWLZs2aRJkzZt2pSXl6fT6RQKxYABAyZOnJiYmCjhSryJTz75JCEhYevWrfn5+ZWVlc3NzXK53N/fX61Wjx8/PiEhweIjwJgdO3bQxfg+ffoYP8rdqRwcszuQGUScagUA+O/AQSIAcAaxBQCcQWwBAGcQWwDAGcQWAHAGsQUAnEFsAQBnEFsAwBnEFgBwBrEFAJxBbAEAZxBbAMAZxBYAcAaxBQCcQWwBAGcQWwDAGcQWAHAGsQUAnEFsAQBnEFsAwBnEFgBwBrEFAJxBbAEAZxBbAMAZxBYAcAaxBQCcQWwBAGcQWwDAGcQWAHAGsQUAnEFsAQBnEFsAwBnEFgBwBrEFAJxBbAEAZ/4HpNmTNSPit9EAAAAASUVORK5CYII="}}, {"model": "core.stage", "pk": "STG241018845", "fields": {"name": "Collection", "stage_number": 1, "barcode": "data:image/png;base64,iVBORw0KGgoAAAANSUhEUgAAAZIAAACYCAIAAABBDPh/AAAQfElEQVR4nO3de1BU1QMH8Lu74EK7CPISNA3S8gGC5avXVNYYIRG+dZPIzMRQc9N0UiMnk0rFhqEctFIpFKIgkUYLZxTRIGVAd2VVkLQmZUUFREBleXh/f5z5ndnZ97J31cN+P3+d2T2Pu8fdL3fPuXsV8TzPAQCwQ3y/DwAAwD6ILQBgDGILABiD2AIAxiC2AIAxiC0AYAxiCwAYg9gCAMYgtgCAMYgtAGCMm/O6FolEtEx/QkQeNPhFkckHzXVl3JsB8qyFPnvQm8ke9Acy15vV5uaOzWTnthyw1eacxSky93IsP2WuN4OG9vZm8rBNjmjLECZ7s9zQ8jRarWPhHWL5n8bkYVh40PhZCz3b8u612mePexMEzrYAgDGILQBgDGILABiD2AIAxiC2AIAxiC0AYAxiCwAYg9gCAMYgtgCAMYgtAGAMYgsAGIPYAgDGILYAgDGILQBgDGILABiD2AIAxiC2AIAxiC0AYAxiCwAYg9gCAMYgtgCAMYgtAGAMYgsAGIPYAgDGILYAgDGILQBgDGILABiD2AIAxiC2AIAxiC0AYAxiCwAYg9gCAMYgtgCAMYgtAGAMYgsAGIPYAgDGILYAgDGILQBgDGILABiD2AIAxiC2AIAxiC0AYAxiCwAYg9gCAMYgtgCAMYgtAGAMYgsAGIPYAgDGILYAgDGILQBgDGILABiD2AIAxiC2AIAxiC0AYAxiCwAYg9gCAMYgtgCAMYgtAGAMYgsAGIPYAgDGILYAgDGILQBgDGILABiD2AIAxiC2AIAxiC0AYAxiCwAYg9gCAMYgtgCAMYgtAGAMYgsAGCPief5+HwMAgB1wtgUAjEFsAQBjEFsAwBjEFgAwBrEFAIxBbAEAYxBbAMAYxBYAMAaxxXV3d+fl5SkUiqFDh3p5eXl6eg4ePHjs2LEKhWLr1q0qleru3bu08pEjR0Q9cvnyZZOjFxcXL126NCIiIjAwUCqVBgcHx8TEfP/99+3t7SYP9eTJk998841CoRg3blxISIhcLvfw8BgwYEB0dHRaWlpzc7O9L7+pqSkgIIAeZ0NDg7ma9fX1RUVFGzdufOONN8LCwtzc3EiT+Ph4G8dSq9WLFy8ePny4l5dXv379IiIi1qxZ8++//1pu5eC4bW1tGRkZkydPHjhwoIeHh0wmCwkJmTZtWk5OTmdnp/PaGrBxnmfMmGH1vfTxxx/bNXQvxLs2lUoVFhZmeYr27t1L6xcXF/dsni9dumQwdG1t7aRJk8zVDw4OLigoMGiSlZVleRQfH5/s7Gy7ZmDBggX6PVy/ft1ktTt37pgbdO7cubYMlJKS4ubmZtxcLpfv3r3bXCsHxy0pKXn44YfN9RAeHn727FlntDVm4zxPnz7d3IjU2rVrbR+3V3Lp2KqsrOzbt6/Vd4kzYkutVgcEBFhuIpVKDQ7YamwR27Zts3EGysrKRCKRflsnxdZXX31l4YDFYvH+/fsFH7eysvKhhx6yPFdBQUGXL18Wtq0x2+cZsWUL142tjo6Oxx9/nLwPPDw8Fi1aVFZWptVqdTqdVqtVqVSFhYUrVqwYM2bMb7/9ZrW3uLg40tXixYutVr5+/XpgYCB9F86ePbuoqOjq1asdHR319fUHDhxITEz09PQ0jq2cnJzIyMjExMTMzMzjx49fuHChpaWlvb39zJkzq1evdnd3Jx1KpdLz589bPYyurq7IyEiO41555RWrH6f29vagoKCoqKhVq1bt2bNHo9G88847NsbH33//Tc+zHn300YKCgps3bzY0NPzwww9+fn7k8YCAgNbWVmHHffrpp0lNsVg8f/78yspKMm5paenUqVPpS05ISBC2rQG75pnGli3vOpflurGVm5tL3h8ymUylUjnYm12xNXfuXFJZIpH89NNPJutcuXJlzpw5dh3D/v376afigw8+sFqfnAEFBAT89ddfVj9OxhITE22Mj3nz5pGa/v7+Wq1W/ymVStWnTx/y7JdffinguPpLZikpKcYVaPzJ5XKdTidUW2N2zTNiyxauuyRfVFRECklJSeSP4b1RW1ubnZ1NysnJybNnzzZZLSgoKCcnx66eJ0+eHBUVRcpHjx61XFmr1a5bt47juJSUFB8fH7sGsotOp8vLyyPl5OTk4OBg/WcjIyMXLlxIyjZ+BbZRdXU1KUgkkqVLlxpXeP/990mhra2trq5OqLYG7tk8uxTXjS26tWd1SV5YO3bs4Hme4zhfX9+VK1cK2/mzzz5LChY2BAmlUtna2vrkk0/SEwcnKSkpaWtr4zhOLBab3Pt7++23SeHMmTNWdxVtR3f6fHx8vLy8jCsMGjSIljs6OoRqa+CezbNLcd3Y4v9/o7F//vnnXo5Lv8rFxcVZXfS1F1331V87M3bw4MFffvmF47j09HSx2LnvgYqKClIIDw/39fU1rjB69Gi6MUIrO2748OGkcPPmzVu3bhlXoGdJUqk0JCREqLb67uU8uxTXnUq6Hp+RkXHlypV7M+jt27fPnTtHyi+++KLg/avValKgK8rGdDrd4sWLOY6bO3cuPTtznpqaGlIIDw83WUEsFtMTXlrZcUOHDn3qqac4juvq6tq2bZtxha1bt5LCrFmzpFKpUG0pB+d5x44d48aN8/Hx8fT0HDRoUGxsbEZGhoV9VddyvxfX7psjR47QSfD391+3bp1Go+lxbzYuyeufTZSXl/d4OJOuXr3q4eHBcZxIJDp16pS5amSpRS6X19XVkUdoknJOWJKn6fzRRx+ZqzNr1ixS59133xVqXJ7nq6qq/P39OY6TSCSLFi06depUS0tLY2NjWVnZjBkzSCdDhgypr68Xti3Rs3m2fAFE//79Dx48aHWKej3XjS1eb0dPP7+mTJmSlpZm15WEvM2xdfDgQTrWf//959jhG1IoFKTnefPmmatTW1tLou2LL76gDzo1tsaOHUuqWdgopKvyCoVCqHGJCxcumDvxFIlEMTExFl6vI217PM9Wr9sSi8X6FxK6Jtf9kshx3K5du5YuXaq/6NDQ0FBQUKBUKkeOHDl27FiyMCGgmzdv0rJcLjd4dvTo0QY/46Cfeau+/fZbsvMYGhq6ZcsWc9WWLFnS3t4+dOjQ5cuX23/4PUHXhsjHmOf55cuXe3t7BwcHp6enk6c8PT1JgSzeC4hcJkZjkXJzc1uzZk12djY5pRK8bY/n2c/PLyEhIT8/v6qqqqGhoaOjo66ubu/evXSP+O7du2+++aZWq7Wr297mfufm/Xf69OmFCxfS6x4NTJ8+/fbt21Y7sfFs6+eff6Y9NzU1GTxrfB3GmDFjbHkJhw4dIteaymQytVptrhq9VM3gmiCnnm3R5e20tDSe5+m1BRzHSSSSjo4Onufp9QSvv/66UOPyPN/d3f3JJ5+YW3viOK5v374ZGRmCtxV2nqm0tDTaXKlU2tu8N3Hpsy1i1KhR27dvv3btWkVFRWpqalxcnH6E5efnJyUlCTWWt7c3LZvcouqB8vLyuLi4zs5Od3f3/Pz8iIgIk9VaW1vJX/7o6OjXXntNkKFtQU8qyY/DH3vsscTERC8vr8DAwE2bNpG0pb8bl8lkAg6dlJS0fv16nU4nl8tTUlKqq6vb29tv3bp18uRJpVIpkUhaWlree++9TZs2CdjWefO8bNmyOXPmkPKvv/4qYM/sud+5+SDq6uo6cODAqFGjyBSJRKKqqirLTWw82yovL6czX1lZaa4a/XJq9WxLpVL169eP4zixWJybm2uhplKp5DjO3d29pqbG4KleuSRPt1z69OlTUVFhXIGe+bq7u1+8eFGotoLPs77Dhw/THizsBvR6ONsyQSKRREdHHz58mFzSzfN8YWGhID2PGDGCLqXpf13qmTNnzkyaNOnGjRsikei7776jH35jGo3m66+/5jhOqVTSKz/ujcGDB5PCpUuXzNWhTz3yyCNCjbtr1y5SUCgUY8aMMa4wc+ZMsuLe2dm5e/duQdo6e55HjhxJy9euXRO8f1Ygtszy9/efOXMmKQt1PZFcLh82bBgpl5aWOtJVdXX1yy+/fP36dY7j0tPT58+fb6GySqXq7u7mOG7z5s3G928aMWIErUnvCfXHH384cngUfb0ajcZkhbt37549e9agsuNOnjxJCuPHjzdXZ8KECaSgUqkEaXsv59nglhIuBbFlCf0Nh06nE6rP6OhoUti3b5+9t5qjampqJk6cePXqVY7jUlNTlyxZItThCY5uhmo0mhs3bhhXUKvVdIPV5KlNz7S2tpICb8P/u04rO97WqfT/fFr+IUTvhtiy5PTp06Rg9d5YtqO/Taurq9u+fXsPejh//vxLL71UX1/Pcdznn3++YsUKoY7NGV544QWy0N7d3W3wXYzIzMwkhbCwsNDQUKHGpfsqx48fN1eHLjUaXMrgSFunonMVGhqK2AITiouL6T0YnnnmGaG6HTly5LRp00h55cqVhw4dsqv5+fPnJ06cSC7b+fTTT1evXm1Lq/j4eAsLnCaXil999VW7DswcqVRKLyv/7LPPSNpSVVVV9Nczxlf/OoJ+v8vNzdXfCaH27dtXVlZGyuSnPI63deo8Z2Vl0diiyxcuSpCFfRalp6c/99xzq1evzs3NraiouHjxYnNzc1dXV1NT09GjR5OSkuhd9/r372/yDnb67LrfllarJdt/HMeJxeIFCxaUlJQ0NjZ2dnZqtdo9e/bQRRCDncSampoBAwaQp5KTkx16/XqcupPI83xtba1EIiGVhwwZUlhYSH4o8+OPP9JTFT8/v5aWFgHHraiooKs/Mplsw4YN1dXVOp3uzp07arV61apV9N/Xy8vLYFfOkbYWWJ3n+Pj42NjYLVu2HDt2rKampqmpqbOz89q1a7///rt+TvXr169nG5G9huvG1ubNm22JdYlEYnxPd2N2xRbP8ydOnNC/hsskkUiUmpqq38qu74M3btywcSpsjC1ztwYz8NZbbxm3tTzbYrG4sLBQ8HFXrVplS8OdO3caD+pIW3OsznNMTIzVEaVS6eHDh20ftFfCl0RLBgwYUFBQQCNJQOPHjy8tLbVwY4CBAwfm5eU94OtWtvvwww/Xr19Pz7n0yWSyzMzM2NhYwQfduHHjhg0b6JmRMW9v76ysLHrDL6HaOs+wYcNKS0snTpx4Lwd9AJn4n1RcxLJly55//vnjx4+fOHGitra2sbGxsbGxra1NJpMFBQU98cQTkydPnjFjhuC3xKLCwsKOHTtWVFSUn59fVlZWX1/f1tYWGBg4atSoKVOmxMfHO2/o+yI5OTk2Nnb79u2HDh3SarUSiWTw4MExMTGJiYkCrsQbWLt2bUJCws6dO4uLi8+dO9fc3CwWi319fSMiIqKiohISEkzeAszxtj2TmZlZWFj4559/ajSay5cvNzc3k8v0g4KCJkyYEBcXN3XqVNy3i+M4EW/DFi8AwIMDyQ0AjEFsAQBjEFsAwBjEFgAwBrEFAIxBbAEAYxBbAMAYxBYAMAaxBQCMQWwBAGMQWwDAGMQWADAGsQUAjEFsAQBjEFsAwBjEFgAwBrEFAIxBbAEAYxBbAMAYxBYAMAaxBQCMQWwBAGMQWwDAGMQWADAGsQUAjEFsAQBjEFsAwBjEFgAwBrEFAIxBbAEAYxBbAMAYxBYAMAaxBQCMQWwBAGMQWwDAmP8BWng2s5nXHSsAAAAASUVORK5CYII="}}, {"model": "core.operationlog", "pk": "241105395724", "fields": {"stage": "STG241018268", "batch": "BAT241105657", "operator": "241017479669", "operation_date": "2024-11-04T18:01:35.444Z"}}, {"model": "core.operationlog", "pk": "241105745672", "fields": {"stage": "STG241018845", "batch": "BAT241105055", "operator": "241017479669", "operation_date": "2024-11-04T17:59:59.686Z"}}, {"model": "core.operationlog", "pk": "241105993459", "fields": {"stage": "STG241018845", "batch": "BAT241105657", "operator": "241017479669", "operation_date": "2024-11-04T18:01:29.496Z"}}, {"model": "core.operationlog", "pk": "241106730542", "fields": {"stage": "STG241018401", "batch": "BAT241105657", "operator": "241105030945", "operation_date": "2024-11-06T17:15:35.570Z"}}, {"model": "core.operationlog", "pk": "241111134168", "fields": {"stage": "STG241018268", "batch": "BAT241111312", "operator": "241028342765", "operation_date": "2024-11-11T14:00:12.213Z"}}, {"model": "core.operationlog", "pk": "241111266363", "fields": {"stage": "STG241018591", "batch": "BAT241111312", "operator": "241028342765", "operation_date": "2024-11-11T15:01:26.030Z"}}, {"model": "core.operationlog", "pk": "241111285132", "fields": {"stage": "STG241018845", "batch": "BAT241111312", "operator": "241028342765", "operation_date": "2024-11-11T14:00:07.622Z"}}, {"model": "core.operationlog", "pk": "241111490823", "fields": {"stage": "STG241018268", "batch": "BAT241111616", "operator": "241028342765", "operation_date": "2024-11-11T13:48:18.940Z"}}, {"model": "core.operationlog", "pk": "241111499331", "fields": {"stage": "STG241018845", "batch": "BAT241111616", "operator": "241028342765", "operation_date": "2024-11-11T13:48:14.337Z"}}, {"model": "core.operationlog", "pk": "241111648981", "fields": {"stage": "STG241018268", "batch": "BAT241111913", "operator": "241028342765", "operation_date": "2024-11-11T13:46:00.613Z"}}, {"model": "core.operationlog", "pk": "241111773227", "fields": {"stage": "STG241018155", "batch": "BAT241111312", "operator": "241105030945", "operation_date": "2024-11-11T17:31:28.467Z"}}, {"model": "core.operationlog", "pk": "241111932437", "fields": {"stage": "STG241018845", "batch": "BAT241111913", "operator": "241028342765", "operation_date": "2024-11-11T13:45:55.996Z"}}, {"model": "core.operationlog", "pk": "241111997264", "fields": {"stage": "STG241018401", "batch": "BAT241111312", "operator": "241028342765", "operation_date": "2024-11-11T14:05:39.607Z"}}, {"model": "core.operationlog", "pk": "241112172810", "fields": {"stage": "STG241018268", "batch": "BAT241105055", "operator": "241111290486", "operation_date": "2024-11-12T12:16:10.342Z"}}, {"model": "core.operationlog", "pk": "241112245351", "fields": {"stage": "STG241018268", "batch": "BAT241112955", "operator": "241105030945", "operation_date": "2024-11-12T13:44:23.227Z"}}, {"model": "core.operationlog", "pk": "241112295149", "fields": {"stage": "STG241018401", "batch": "BAT241111913", "operator": "241105030945", "operation_date": "2024-11-12T12:33:17.752Z"}}, {"model": "core.operationlog", "pk": "241112493955", "fields": {"stage": "STG241018268", "batch": "BAT241112450", "operator": "241105030945", "operation_date": "2024-11-12T13:42:51.669Z"}}, {"model": "core.operationlog", "pk": "241112602086", "fields": {"stage": "STG241018401", "batch": "BAT241105055", "operator": "241111290486", "operation_date": "2024-11-12T12:17:22.786Z"}}, {"model": "core.operationlog", "pk": "241112750645", "fields": {"stage": "STG241018845", "batch": "BAT241112955", "operator": "241105030945", "operation_date": "2024-11-12T13:44:20.221Z"}}, {"model": "core.operationlog", "pk": "241112820604", "fields": {"stage": "STG241018845", "batch": "BAT241112450", "operator": "241105030945", "operation_date": "2024-11-12T13:42:48.545Z"}}, {"model": "core.operationlog", "pk": "241112898885", "fields": {"stage": "STG241018591", "batch": "BAT241105055", "operator": "241111290486", "operation_date": "2024-11-12T12:18:14.491Z"}}, {"model": "core.operationlog", "pk": "241112920343", "fields": {"stage": "STG241018748", "batch": "BAT241111312", "operator": "241105030945", "operation_date": "2024-11-12T12:24:28.560Z"}}, {"model": "core.package", "pk": "PKG241111603", "fields": {"operator": "241105030945", "receiver": "HD2410152002", "barcode": "data:image/png;base64,iVBORw0KGgoAAAANSUhEUgAAAZIAAACYCAIAAABBDPh/AAARY0lEQVR4nO3deVAT1wMH8JdweQAiSipab6tVIlC1tl6jUlCQqq3TkSppASuCVSui0tEWjyoqooJHO6BisSr2UMfSqgUUxvtqVUbwiFi1HcIlUIi0EIX8/ni/eZNfdrMJivX3yPfz1yP73u7LBr7Z3fd2ken1egIAwA/5i+4AAEDTILYAgDOILQDgDGILADiD2AIAziC2AIAziC0A4AxiCwA4g9gCAM4gtgCAM7bPb9UymYyV2S1E9EWjO4pEXzS1KkO0iehS0UVGL0rUsaQD0s0l3pTZRaZWLroJURLNjZaKfhbCbUkvMtV/S158HmszqmB2R5H/3RuWfApGa3iK3xDhds2+kaauTeJFS9ZmSZdE95vE2poFjrYAgDOILQDgDGILADiD2AIAziC2AIAziC0A4AxiCwA4g9gCAM4gtgCAM4gtAOAMYgsAOIPYAgDOILYAgDOILQDgDGILADiD2AIAziC2AIAziC0A4AxiCwA4g9gCAM4gtgCAM4gtAOAMYgsAOIPYAgDOILYAgDOILQDgDGILADiD2AIAziC2AIAziC0A4AxiCwA4g9gCAM4gtgCAM4gtAOAMYgsAOIPYAgDOILYAgDOILQDgDGILADiD2AIAziC2AIAziC0A4AxiCwA4g9gCAM4gtgCAM4gtAOAMYgsAOIPYAgDOILYAgDOILQDgDGILADiD2AIAziC2AIAziC0A4AxiCwA4g9gCAM4gtgCAM4gtAOAMYgsAOIPYAgDOILYAgDOILQDgDGILADiD2AIAziC2AIAziC0A4AxiCwA4g9gCAM4gtgCAM4gtAOAMYgsAOCPT6/Uvug8AAE2Aoy0A4AxiCwA4g9gCAM4gtgCAM4gtAOAMYgsAOIPYAgDOILYAgDPWHltKpVImYG9v7+bmNnjw4MjIyNzcXNGGQ4YMoZVXr15tauW1tbXDhw+n1Xr06PHnn3+KVsvNzZ03b56np6dCoXBwcHB3dw8MDNy5c2ddXZ2wckNDw5UrV7Zt2zZt2rTXX3+9R48ejo6OrVq16ty5c0BAQFJS0l9//dXUnVBZWenm5sbe/sOHD03VLCkpyczMjI+Pnz59uoeHh62tLW2iUqnMbuWp276QjRrKzc39+OOPlUplhw4d7OzsFArFmDFj4uPj79y5I90wLy9vzpw5r776qpOTU/v27T09PZcuXXr//n2JJvfu3fvmm28++eST0aNHd+3atXXr1vRXws/PLyEhQeKjsS566+bh4WF2F40ePfr+/ftGDQcPHkyXrlq1SnTN//zzj4+PD63j7u5eWFgorHPnzh0/Pz9T23V3dz98+LBRkz179kj31sXFJT09vUk7YebMmYZrKC8vN/WOTG00ODhYehNP3faFbJQpKioKDAw0tRIHBweJtnFxcba2tsJWjo6Oe/fuFW1SVVVlaluUk5PTrl27LOl5y4bYMh9bhJCePXuWlpYaNpSOLZ1Ox37dO3bsWFBQIKyTl5fn5uYmvV3hH4bZ2KKSk5Mt3APnzp2TyWSGbRFblEaj6dOnj8ROloitTZs2STSUy+VHjhwRtjIbW1RSUpLZzrds1n6SyGzdupXtFJ1O9+DBg9TU1N69e9Ol9+7dW7p0qYWramhoCA4OPnLkCCHExcUlKytrwIABRnUePnzo5+dXXl5OfwwKCsrMzCwtLdXpdCUlJUePHo2IiGjdurVw5ba2tl5eXhEREWlpaRcuXLh7925NTU1dXV1BQcGSJUvs7Oxotfnz55s9haFdnT17tl6vHzdunNnKMpmsU6dO48ePj4mJ2bdvX35+/kcffWS21TO2fSEbJYTo9fqpU6cWFhbSH0eNGnXw4EGNRqPT6SorKy9cuLB8+fL+/fuLtr17925MTAwt9+rV6/Dhw9XV1Q8fPty9e3eHDh0IIY2NjaGhoY8ePRJ2uEePHiqVKjk5+fz584WFhTU1NVqtNj8/f+3atR07dqTVYmJi1Gq1hW+kZXphgfn/gR1tGcYWU11dPXDgQFrBwcGhtraWLTJ1tNXY2BgSEkIXOTo6njt3TnS7wcHBtI6Njc23334rWqe4uPj9999v0tuhWUktWLDAbH16UODm5nb+/HnW0NTRllBERARtYuE5V7O0/Xc2anhUu3DhwoaGBsu3EhoaSht27NhRo9EYLrp27Zq9vT1dum7duiZ1/v79+y4uLrTtp59+2qS2LQyOtqQ4OzuvW7eOluvr6y9dumS2ydy5c3fv3k0IadWqVUZGxrBhw4R17ty5k56eTsuxsbFBQUGiq+rUqdP+/fub1OEJEyaMHz+elk+dOiVdWaPRLF++nBASFxfH/h6A2rx5My3Qa+FyuaV/KfX19QcOHKDl2NhYd3d3w6VeXl6zZs2iZQvP95nu3buzQLx8+XKT2rYwiC0zRowYwcrFxcXSlWNiYr766itCiJ2d3cGDB8eOHStaLTU1Va/XE0JcXV0XL17cfJ0lxKDDZkedoqKitFrtoEGDLD91shJqtfrXX3+l5fj4eKNrf9JOnjxJz/7kcrnoeGVYWBgtFBQUSI8qCvXs2ZMWLLwK1lIhtszQGzyPTPrXd+XKlQkJCYQQGxub9PT0CRMmmKrJTuUmT57cpk2bZuqpcScVCoVEtaysrB9++IEQsmXLFssPJazEyZMnaWHgwIGvvfZak9qyvFMqla6ursIK3t7ezs7ORpUt9Pvvv9NC586dm9SwhcHvqxlnz55l5U6dOpmqtmnTphUrVhBCZDLZrl273nvvPVM1//7775s3b9LymDFjmqufTF5eHi2Inp9S9fX1c+bMIYQEBwcbHk4CxfYhO+O23O3bt2lBqVSKVpDL5eyKKqts4Zq//vprWp40aVJTO9aSILak1NTULFmyhJbt7e2HDh0qWi0lJWXhwoW0nJiY+OGHH0qs8+bNmw0NDbRsaijqqZWVlf3888+EEJlMxk5GhNauXVtYWOjo6Lh+/frm7UDLwAZhab4UFBSEhIT06tXLwcFBoVCMGjVq9erVFRUVom3/+OMPWujWrZup9Xft2pUWHjx4YLYzlZWVV69eXbJkyRtvvFFTU0MIGTlypMSHaw1EpsPBkydPiouLjx8/HhcXd/fuXfqiSqUSPaHLyMj47bff2I9syNyUyspKVpY4fHs6UVFRdG59SEiIt7e3aJ3CwsL4+HhCyGeffWbl5xqmVFdX00Lv3r2/++67Dz744PHjx/SV8vLy8vLyM2fObNiwYc+ePRMnTjRqy6Y1SIxysEXCORCMSqXat2+f0Ys2NjahoaHbtm1jM12sE462/mvevHns7hY7O7tu3brNmDGDZVb37t3XrFkj2vDy5cuNjY3sxy+//NLU/UAU+5MghDg6Ohot9fb2NrrTaMiQIRa+he3bt9ORx549e27cuNFUtblz59bV1fXp0yc6OtrCNVsbrVZLC7dv354+fTrLLEPV1dXvvvsuuwrG1NbW0kKrVq0IIXq9Pjo6ul27du7u7lu2bKGL2Iw8idgSUigUGRkZO3fupGu2Zogt80aMGJGbm/vSSy9J1ElISHj77bcJIXq9PiwsjP3eC+mfz/8cycnJmTt3LiGkbdu2hw8fFr0YTAj5/vvvMzMzCSGJiYlsAhEYYd9DK1asaGxs9PHxyc7Orq6urq+vv3Xr1vLly+mua2homDVrluGXFhF8vmq1OjExsaampqSkJDo6miYgq9OkMcqysrLAwEB/f392Hmq1EFsibG1tXV1dvb29w8PDs7OzT58+zQaeRS1dunTRokXJycl0hOjBgwcLFiwwVbldu3aszL6Zn9GlS5cmT578+PFjOvHC09NTtJpWq6VHWAEBATRkQVTbtm1poaioKCgoKDs729fX19nZ2d7evl+/fitWrGDz6dRq9fHjxw3bsiNoerb+yiuvREREODk5KRSK9evX05M7dpM825AQu2+xtrb2xo0bSUlJL7/8MiEkMzNz2LBhllwUa8EQW/9lOEv+8ePHFRUVV69e3b59u6+vr/RXYlBQUFxcHCGkS5cudAIEISQ1NfXo0aOi9du3b8/KZWVlRkuvXbtG+0BnJ1giLy/P39//0aNHcrl87969EoNfy5YtKyoqsrOzS0pKsnDl1omlia2t7ebNm4UTRKZMmTJo0CBaNjpPZLFFH8Uhl8uTk5NrampKS0vZWTl7SofwKoFQmzZt+vfvP3/+/IKCAjo6rNFoZs+e/TRvrKVAbD0rw3Hu8PBwNsU0PDxcdE5g//792Z/BrVu3nnHrBQUFfn5+VVVVMplsx44dU6dONVUzPz9/69athJCoqKi+ffs+43ZbNjZS4eXlZeriwMiRI2nBaMooG0A09Zwiw0Xdu3e3vFfOzs5sAsSxY8es+YALsdWcZDLZzp076YCjRqOhF5uMODo69uvXj5YNJ4U9hVu3br311lv0fuwtW7bMmDFDovK1a9foxIuEhAThI8YMp2KwZ2/98ssvz9I9frFYZ3cvC7GjZjopgWEfbn5+vmjDxsbGGzduGFW2UL9+/bp06ULLhuPX1gax1cx69erFHhyYnp5+6NAhYZ2AgABa+PHHH0VHqSxx+/btsWPHlpaWEkI2bNggGpHwdNjFQYkbpNihtOHFSkIIG/nNz88XPdzOy8tjo8nshnzLsRGA5rowyiPEVvObP3/+m2++ScuRkZHs6TQMuwewqKgoJSXlKTahVqt9fHxKSkoIIWvWrGGTXaFZ+Pr60if85eXl0S8GoTNnztCC0XDN6NGj6aWxhoaGvXv3ChumpaXRgoeHh/RQj9DNmzfZjbHSQ9stG2Kr+cnl8tTUVDpGXl5eHhkZaVRhwIABU6ZMoeXFixefOHGiSetXq9Vjx47VaDSEkJUrV7J5/NJUKpXEk0DY/UbE4ME1/v7+TepYi9GuXTtfX19CyJMnT+jzf4wqHDp06MqVK7TMnmFLOTg4sFu7Vq1aRb9amOvXrycnJ9Mye3iRhbRabXh4OC3b29uzr0YrhNh6LgYMGBAbG0vLhw4dEk533rZtG704UldXN27cuPDw8FOnTlVWVtIJ+unp6cuWLRNds2FmxcbGmqoGz4jt2P37948fPz4nJ0er1ep0OrVavXLlymnTptGlSqVSeGPp559/bmNjQwgpLy8fOXLkTz/9pNVqKysr9+zZ4+Pjo9PpCCEdOnQQntf7+/tPmjQpPj4+Jyfnxo0bZWVlT548qa2tvX79emJiolKpZBdDw8LC2P3Y1qh5H9/FHenHBEow+yx5nU7n5eVF67Rv376oqMiowsWLF40uiwjJZLINGzYYtmrS+WBVVZWFb0f0aEvI1KPBjISEhDRj2xeyUb1eHxUVJd3KwcHh4sWLojuKTYURJZfLMzIyhK0svNTl5eVl+SfbIuFo63mxs7PbtWsXvURSVVVl9G8mCCFDhw49e/asxAMYunTpcuDAAVy3elE2btwYHR1t6qk+CoXi6NGjpu6uX7Ro0RdffEGPuYy0bds2LS1NeDOjhaZNm5aTk2Plj3XErdTP0aBBgxYtWkSfj3rs2LEdO3awaxOUh4fH6dOnMzMzDx48eO7cuZKSkkePHikUioEDB77zzjumbt6Gf4dcLt+4caNKpUpLSztx4kRRUVFtba2rq6tSqQwMDJw5c6aTk5NE89jY2IkTJ6akpJw4cUKj0djY2HTr1i0wMDAiIsLUlfisrKwLFy6cP3/+8uXLxcXFFRUVFRUVer3excWlb9++w4cPV6lUpp6HY1Vk+udzixwAwHOCk0QA4AxiCwA4g9gCAM4gtgCAM4gtAOAMYgsAOIPYAgDOILYAgDOILQDgDGILADiD2AIAziC2AIAziC0A4AxiCwA4g9gCAM4gtgCAM4gtAOAMYgsAOIPYAgDOILYAgDOILQDgDGILADiD2AIAziC2AIAziC0A4AxiCwA4g9gCAM4gtgCAM4gtAOAMYgsAOIPYAgDOILYAgDOILQDgDGILADiD2AIAzvwHbEbDeviOF9EAAAAASUVORK5CYII=", "date_packed": "2024-11-11T17:31:21.520Z"}}, {"model": "core.package", "pk": "PKG241111798", "fields": {"operator": "241111290486", "receiver": "HD2410152002", "barcode": "data:image/png;base64,iVBORw0KGgoAAAANSUhEUgAAAZIAAACYCAIAAABBDPh/AAAQ/UlEQVR4nO3daVBTVx8G8BMggWpAQMHgVlCmKqJSwZV2FFsX1I5TrVrEcUFxK2q0KqOOVay4VCvWpQURbF1wKVp1ai06ra0CbhVxQVYXSkEWh1U0hCXvh/POmUxycxMQSg88v0+H3P+5SwhP7nLuRaLRaAgAAD/MmnsFAADqB7EFAJxBbAEAZxBbAMAZxBYAcAaxBQCcQWwBAGcQWwDAGcQWAHAGsQUAnLFoullLJBLWZrcQ0Rd17igSfNHQrLTRLoJTBSfpvChSY8oKiHcX2SijkwzNXHARgkS660wV/F3oL0t8kqH1N+XFxp2b6b8+nXrtd8OU34LOHEz/hIgs19AK13dLm+h3anT9TZlbo8DeFgBwBrEFAJxBbAEAZxBbAMAZxBYAcAaxBQCcQWwBAGcQWwDAGcQWAHAGsQUAnEFsAQBnEFsAwBnEFgBwBrEFAJxBbAEAZxBbAMAZxBYAcAaxBQCcQWwBAGcQWwDAGcQWAHAGsQUAnEFsAQBnEFsAwBnEFgBwBrEFAJxBbAEAZxBbAMAZxBYAcAaxBQCcQWwBAGcQWwDAGcQWAHAGsQUAnEFsAQBnEFsAwBnEFgBwBrEFAJxBbAEAZxBbAMAZxBYAcAaxBQCcQWwBAGcQWwDAGcQWAHAGsQUAnEFsAQBnEFsAwBnEFgBwBrEFAJxBbAEAZxBbAMAZxBYAcAaxBQCcQWwBAGcQWwDAGcQWAHAGsQUAnEFsAQBnEFsAwBnEFgBwBrEFAJxBbAEAZxBbAMAZxBYAcAaxBQCcQWwBAGcQWwDAGcQWAHAGsQUAnEFsAQBnJBqNprnXAQCgHrC3BQCcQWwBAGcQWwDAGcQWAHAGsQUAnEFsAQBnEFsAwBnEFgBwprXHlru7u0SPTCZzcHDw9PRcuHDhlStXBDt6eXnR4s2bNxuaeWVl5bBhw2iZs7NzTk6OYNmVK1eWLFnSr18/R0dHS0tLJyen8ePHHzx4UKVS6RfX1tYmJSXt27fPz89v4MCBzs7OcrncysqqU6dOvr6+u3fvLi0tre+bUFxc7ODgwDb/xYsXhirz8/Pj4uK2b98+ffr0Pn36WFhY0C4zZswwupQG9/33F/ree+/pfyoMOXjwoOBM/v777zVr1gwePNjBwUEmkykUiiFDhmzevDkvL8/oar98+fK7774bN25c586drays2rZt6+zsPGnSpOPHj1dXVxvt3vJpWrc+ffoYfYuGDx/+7NkznY6enp506pdffik459evX48cOZLWODk5ZWVl6ddkZmaOGjXK0HKdnJzOnj2r0+XIkSPia2traxsTE1OvN2HevHnacygqKjK0RYYW6u/vL76IBvdtloV6e3uLv8nafvrpJ/05hIWFSaVSwXobG5ujR4+KLP3PP//s0qWLocW5u7s/evRIfMNbPMSW8dgihLi4uBQUFGh3FI8ttVo9fvx4WtChQ4eUlBT9mnv37jk4OIgv19LSUqeX0diiwsPDTXwHEhMTJRKJdl/ElumxZWdnp1KpdLrv3r1bvJeZmdnp06cFF33nzp02bdqId1coFP/884/4trdsrf0gkdm7dy97U9RqdXZ2dlRUVI8ePejUp0+frl271sRZ1dbW+vv7X7hwgRBia2t76dIlNzc3nZoXL16MGjWqqKiI/jht2rS4uLiCggK1Wp2fn//LL78sWLDgrbfe0p+5hYVF//79FyxY8P3339+4cePx48fl5eUqlSolJWXNmjXsG37ZsmWZmZmmrOqiRYs0Gs3o0aONFkskEoVCMWbMmNWrVx87duzhw4dz58412usN+zbLQuPj48X/bMLCwmjl9OnTLS0ttfvm5uauXr2athUKRWRkZE5OjlqtLigoOHbsmKurKyGkrq5u/vz5FRUV+osOCgp69eoVIcTMzCwgIODOnTtlZWUvXrxISEj4+OOPaU1+fr7pn8aWqWlT8T+P7W1pxxZTVlbWt29fWmBpaVlZWckmGdrbqqurmzVrFp0kl8sTExMFl+vv709rzM3NT5w4IVjz/PnzTz/9tF6bQ7OSWr58udH6Xbt2EUIcHByuX7/OOhra29K3YMEC2sXojk8j9m2Whepg30N//fWXzqQNGzbQSdbW1vpnBoqLi9955x1asHXrVp2pz549Y7+F0NBQ/eWy2JXL5VVVVW+yCVzD3pYYGxubbdu20XZVVdWtW7eMdgkKCvrhhx8IIVZWVufPnx86dKh+TWZmZkxMDG2vX79+2rRpgrNSKBTHjx+v1wqPGzduzJgxtH316lXx4ry8PPo3FhoaamtrW68FtWbx8fGPHj0ihPTr1499ezHsGs6cOXPY3jpjZ2e3ZcsW2v7xxx91pqalpdGGubn5kiVL9Be9dOlS2nj58mVubm7Dt4FziC0jtE9zPH/+XLx49erV3377LSFEKpWePn3ax8dHsCwqKkqj0RBC7O3tV61a1XgrS4jWCotcEKSUSmVFRcWAAQNMP+wCQsiBAwdoY86cOfpTnz59Shvvv/++YHd2PH737t2CggLtSewqoa2trbW1tX7frl27srZara7fercgiC0jNFrPI9M5da0jJCRkx44dhBBzc/OYmJhx48YZqmSHchMnTjR6/rW+2Eo6OjqKlF26dIl+2+/Zs8fMDB8DU5WUlND3TSqVsiN9beyMlaEdWGtra5lMRgjRaDQPHz7UntSrVy/aKCsrq6ys1O/L9rAsLS2dnZ0btAUtAT6vRiQkJLC2QqEwVLZr166NGzcSQiQSSXR09CeffGKo8tWrV6mpqbQ9YsSIxlpP5t69e7QheHxKVVVVffbZZ4QQf3//el3sh8OHD9PxdB999JHghWC2l2RoAF1FRQXbUcrIyNCe5OrqOmTIEEJITU1NeHi4ft/9+/fTxtSpU3UuBbQqiC0x5eXla9asoW2ZTDZo0CDBsoiIiM8//5y2w8LCZs6cKTLP1NTU2tpa2u7du3fjrSwhhBQWFv7888+EEIlEIngIQ23dujUrK0sul3/11VeNuwItXmRkJG0YentdXFxoIzExUbDg8uXLrK0/9DQyMrJDhw6EkODg4EWLFiUnJ1dUVBQXF1+/fn3KlCk0y3r06EH361stxJaAmpqanJycQ4cODRgw4MGDB/TFGTNmCB7QnT9/fvHixezHrKws8ZkXFxeztsjuW8MolUq6LzBr1iwPDw/BmqysrO3btxNC1q1b16lTp8ZdgZYtPj4+JSWFEKJQKHx9fQVr2B50dHR0dna2ztSysjLtsQv6R4Lu7u43b94cOnRobW1teHj4u+++a2Nj0759+2HDhsXGxkokkvHjx9+4caNjx46NtVE8Qmz935IlS9jtGlKptFu3bgEBAY8fP6ZT3377bXYBSMft27fr6urYj/v37zd0PxBVVlbG2nK5XGeqh4eHzr0jXl5eJm7CgQMH6JVHFxeXr7/+2lBZUFCQSqVydXVdsWKFiXMGip2Mnzlzprm5uWDNvHnz6Oi5srIyb2/vQ4cO5eXl1dTUFBUVnThxYuDAgenp6ezb4uXLl/pz6N69+9mzZ+fPn6/zuoWFxdq1a2NiYujuWGuG2DLO29v7ypUr4t9vO3bsmDBhAiFEo9HMmTNHcCQhpWma/zny+++/BwUFEULatm179uxZe3t7wbJTp07FxcURQsLCwuiJYTBRaWlpbGwsbYscgHft2nXTpk20nZubGxAQ0LlzZ6lU6ujo6Ofnl5mZ6eTkxIaP6V8Mqaur27BhQ7du3VhEMjU1NaGhoV27dhU87dWqILYEWFhY2Nvbe3h4BAYGXr58+dq1a+yEhaC1a9euXLkyPDzcxsaGEJKdnb18+XJDxe3atWNtwatFDXDr1q2JEydWV1fTgRf9+vUTLKuoqKB7WL6+vjRkwXSHDx+mdwsNHTqUXfITFBwcHBISInh9VqFQxMXFsa8u/VEOixcv3rRpU1VVlVwuDw0NTUtLU6lUlZWVSUlJSqXS3Ny8vLx80aJFrf2kZHOOdf0PEB8lL4KNM5w2bRp7MSIigr2xFy5cEOyoPWb1zp07hubPxiJ6enqKr0lycrKdnR0hxMzM7OTJkyKVSqWSECKVStPT03UmsYubBKPkDWAflQMHDphSn5aWtnTp0r59+7Zr187KyqpXr17BwcH0zlZ20UbnFos//viDvi6TyfTH32s0mlOnTtECqVT65MmT+m5Ci4G9rTfl7u7O2oGBgWyIaWBgYElJiX5979692fcwGxXdYCkpKaNGjSopKZFIJJGRkVOnTjVU+fDhw7179xJClEolu78ETJSQkEBPxrdp08bQXQ06evbs+c0339y/f7+0tPT169epqanbtm2jg+norAghOr+IQ4cO0Yafn5/++HtCyJQpU+i4lurq6qNHj77BBvENsdWY6NOX6AXHvLw8erJJh1wu79mzJ21rDwprgLS0tA8++IDej71nz56AgACR4uTkZDrwYseOHfoPjdIeisGevfXrr7++yeq1JOxM0+TJk+mpgAYrLCy8e/cubescziclJdGGoaE2hJDBgwfTRnJy8pusBtcQW42se/fu7MGBMTExZ86c0a9h187PnTvX4Ke+paen+/j40LtDdu7cKRiR0ChKS0vZMbv4d4Mpjh49Si89KxQKnb0tdiVHY8J1G5HLPi0eYqvxLVu2jI51JoQsXLiQPZ2GYfcA5ubmap8OM11GRsbIkSPz8/MJIVu2bGGDXaEpsJPxLi4uw4cPf5NZFRcX00FzhBA/Pz+d0/bt27enjRs3bhiaAzs32pqHQSC2Gp+ZmVlUVBQdXlBUVLRw4UKdAjc3t0mTJtH2qlWrfvvtt3rNPyMjw8fHhw6wDgkJYeP4xc2YMUPkHKfgKfmxY8fWa8VaKjYyfvbs2eL3pYorLy+fPHlyYWEhIUQqlep/MNix4cmTJwUfN3Lu3Dk2+J59NbZCiK0m4ebmtn79eto+c+bMsWPHdAr27dtHL/+pVKrRo0cHBgZevXq1uLi4pqbm+fPnMTExX3zxheCctTNr/fr1hsqgsSQmJtIbniUSyezZs03pkpSUNGLEiIiIiOTk5MLCwqqqqmfPnoWHh3t4eLBrhStWrNC/MDJ37lwai9XV1SNHjgwNDU1PT1er1SqV6v79+8HBwVOmTKGV1tbWJl4ZaJn+jcuV/2FvPgDC0LPk1Wp1//79aY2dnV1ubq5Owc2bN7XHcAmSSCQ7d+7U7lWv48GSkhITN8fEARAm/qnMmjWrEfs2y0IZNljhww8/NOmt1Ghu374tvrgJEyao1WrBvuzJqOKio6NNXJkWCXtbTUUqlUZHR1tYWBBCSkpKdP7NBCFk0KBBCQkJIg9g6Ny5c2xsLM5bNaPGPRlPCDE3N1cqlbGxsYb+Qcb27ds3b95saCohpF27dkeOHBEZpt8aILaa0IABA1auXEnbFy9eZKdImD59+ly7du3ixYvz5s1zc3Ozt7eXyWRdunTx9fWNiIjIyMhgp8CgWRw5coSejLe1tWWPcjfK09MzPj5eqVR6eXk5OTlJpdKOHTt6eXmtW7fuwYMHYWFh4s+cWbdu3ePHjzdu3Dh8+HBHR0eZTEb/odzYsWPDwsKePHliyn9aa9kkmqa5RQ4AoIlgbwsAOIPYAgDOILYAgDOILQDgDGILADiD2AIAziC2AIAziC0A4AxiCwA4g9gCAM4gtgCAM4gtAOAMYgsAOIPYAgDOILYAgDOILQDgDGILADiD2AIAziC2AIAziC0A4AxiCwA4g9gCAM4gtgCAM4gtAOAMYgsAOIPYAgDOILYAgDOILQDgDGILADiD2AIAziC2AIAziC0A4AxiCwA4g9gCAM4gtgCAM/8DCM0/jsLXSlUAAAAASUVORK5CYII=", "date_packed": "2024-11-11T16:31:44.520Z"}}, {"model": "core.packageitem", "pk": "PKI241111341", "fields": {"package": "PKG241111603", "batch": "BAT241111312"}}, {"model": "core.logincode", "pk": "241112061048", "fields": {"employee": "241111290486", "code": "963442", "added": "15:16:13.378"}}, {"model": "core.logincode", "pk": "241112710289", "fields": {"employee": "241111435291", "code": "357226", "added": "15:25:13.215"}}, {"model": "core.logincode", "pk": "241112741788", "fields": {"employee": "241105030945", "code": "751586", "added": "09:46:55.338"}}, {"model": "core.logincode", "pk": "241112836416", "fields": {"employee": "241111290486", "code": "916879", "added": "15:16:13.464"}}, {"model": "core.logintable", "pk": "241105166785", "fields": {"employee": "241017479669", "token": "zms7qqFHocV1Xy2KhaNWL36Na", "last_login": "2024-11-05T11:20:56.597Z"}}, {"model": "core.logintable", "pk": "241105389219", "fields": {"employee": "241017479669", "token": "Uga5xEsiNpopYJTta7boqBCNp", "last_login": "2024-11-05T11:27:25.244Z"}}, {"model": "core.logintable", "pk": "241106167072", "fields": {"employee": "241105030945", "token": "CgDm7aa0OGvkkPl0hBhUCNjiE", "last_login": "2024-11-06T10:02:33.738Z"}}, {"model": "core.logintable", "pk": "241106308157", "fields": {"employee": "241105030945", "token": "t7Msq0tcAdH1e8mx0byNEhiQv", "last_login": "2024-11-06T13:49:32.989Z"}}, {"model": "core.logintable", "pk": "241106319963", "fields": {"employee": "241105030945", "token": "PIVDWTLrVtbDRZ4aKTI0c7r5r", "last_login": "2024-11-06T09:53:49.020Z"}}, {"model": "core.logintable", "pk": "241106335448", "fields": {"employee": "241105030945", "token": "2kUkxEUg8pmk3DDevreUleusy", "last_login": "2024-11-06T08:49:42.180Z"}}, {"model": "core.logintable", "pk": "241106501612", "fields": {"employee": "241017479669", "token": "EddkGdbvLxagOKkXTD1Vv28Co", "last_login": "2024-11-06T08:32:09.439Z"}}, {"model": "core.logintable", "pk": "241106843612", "fields": {"employee": "241017479669", "token": "RSL54iS6VTJajfeHHMl2wPqbI", "last_login": "2024-11-06T08:22:49.998Z"}}, {"model": "core.logintable", "pk": "241107096765", "fields": {"employee": "241105030945", "token": "t55HHy7YwBoSj4zq4spnCbKnv", "last_login": "2024-11-07T13:22:37.617Z"}}, {"model": "core.logintable", "pk": "241107705966", "fields": {"employee": "241105030945", "token": "Y7FnqcwXLERl9DhrjfeizP731", "last_login": "2024-11-07T12:30:53.071Z"}}, {"model": "core.logintable", "pk": "241110437841", "fields": {"employee": "241105030945", "token": "oCsKUx1xePP17lYreZ8l4lgeX", "last_login": "2024-11-10T02:46:52.001Z"}}, {"model": "core.logintable", "pk": "241111102179", "fields": {"employee": "241111290486", "token": "a6S0mQd1y2s6WWo6jn7Z2PKEV", "last_login": "2024-11-11T16:28:30.109Z"}}, {"model": "core.logintable", "pk": "241111171670", "fields": {"employee": "241111435291", "token": "IxSffvs32EC6jEKodyxsSeibm", "last_login": "2024-11-11T14:11:14.376Z"}}, {"model": "core.logintable", "pk": "241111173271", "fields": {"employee": "241111290486", "token": "sriX1rU4WF97BZQPP9RDoEcnI", "last_login": "2024-11-11T16:11:39.543Z"}}, {"model": "core.logintable", "pk": "241111312369", "fields": {"employee": "241105030945", "token": "7qyOTja0yJvSsFBrqDHecfc5j", "last_login": "2024-11-11T13:33:06.615Z"}}, {"model": "core.logintable", "pk": "241111334489", "fields": {"employee": "241111290486", "token": "er7jcaK0Y8gI7aJcq7Sz1VUEH", "last_login": "2024-11-11T15:49:40.293Z"}}, {"model": "core.logintable", "pk": "241111423954", "fields": {"employee": "241111435291", "token": "313HLhtXVjJkSVdui9ylkTc2w", "last_login": "2024-11-11T08:50:46.148Z"}}, {"model": "core.logintable", "pk": "241111429098", "fields": {"employee": "241105030945", "token": "6GZvGVbeyHcDyczKpZaGqCkPc", "last_login": "2024-11-11T16:38:01.569Z"}}, {"model": "core.logintable", "pk": "241111439952", "fields": {"employee": "241105030945", "token": "Ytj3s2oTTFmmnZ170eK9b6enf", "last_login": "2024-11-11T16:32:55.201Z"}}, {"model": "core.logintable", "pk": "241111752103", "fields": {"employee": "241028342765", "token": "bBU2nHWPraRrN7Fh5vPDiWI5Z", "last_login": "2024-11-11T13:44:41.332Z"}}, {"model": "core.logintable", "pk": "241111788830", "fields": {"employee": "241017479669", "token": "kWfbkNIGfcfyBR7pnIrSnAePw", "last_login": "2024-11-11T08:38:47.591Z"}}, {"model": "core.logintable", "pk": "241111878585", "fields": {"employee": "241105030945", "token": "CC2EJEHAGF0LH3XvfNHRaZtX8", "last_login": "2024-11-11T13:35:19.203Z"}}, {"model": "core.logintable", "pk": "241112181202", "fields": {"employee": "241111290486", "token": "YZ56yUk1ehxnjZQQyCyCsl7aq", "last_login": "2024-11-12T12:51:34.912Z"}}, {"model": "core.logintable", "pk": "241112401937", "fields": {"employee": "241111290486", "token": "oE4qtoqZKdpr1oqQIueR5d6FD", "last_login": "2024-11-12T13:02:04.836Z"}}, {"model": "core.logintable", "pk": "241112617837", "fields": {"employee": "241111290486", "token": "QBjLhy0BWURy31iuGMo7kfYxn", "last_login": "2024-11-12T12:54:20.110Z"}}]